priority1,priority2,type,package_name,field_name,method_name,startline,endline,label,s1,s2,s3,s4,addr,_package,_class,_method
L,B,SE_NO_SERIALVERSIONID,com.helger.as2demo.springboot.ServletConfig$MyAS2ReceiveServlet,NO_FIELD,NO_METHOD,65,74,0,-1.0,-1.0,-1.0,-1.0,SnVI,com.helger.as2demo.springboot,com.helger.as2demo.springboot.ServletConfig,com.helger.as2demo.springboot.ServletConfig$MyAS2ReceiveServlet.NO_METHOD
L,B,SE_NO_SERIALVERSIONID,com.helger.as2demo.springboot.ServletConfig$MyAS2MDNReceiveServlet,NO_FIELD,NO_METHOD,82,91,0,-1.0,-1.0,-1.0,-1.0,SnVI,com.helger.as2demo.springboot,com.helger.as2demo.springboot.ServletConfig,com.helger.as2demo.springboot.ServletConfig$MyAS2MDNReceiveServlet.NO_METHOD
M,V,EI_EXPOSE_REP,com.helger.as2.cmdprocessor.AbstractCommandProcessor,m_aAttrs,attrs()Lcom/helger/commons/collection/attr/StringMap;,66,66,0,0.0,1.0,1.0,1.0000000000000002,EI,com.helger.as2.cmdprocessor,com.helger.as2.cmdprocessor.AbstractCommandProcessor,com.helger.as2.cmdprocessor.AbstractCommandProcessor.attrs
M,V,EI_EXPOSE_REP,com.helger.as2.util.FileMonitor,m_aListeners,getListeners()Lcom/helger/commons/collection/impl/ICommonsList;,126,126,0,0.0,1.0,0.9899885353246648,1.0000000000000002,EI,com.helger.as2.util,com.helger.as2.util.FileMonitor,com.helger.as2.util.FileMonitor.getListeners
M,V,EI_EXPOSE_REP2,com.helger.as2.util.FileMonitor,m_aListeners,setListeners(Lcom/helger/commons/collection/impl/ICommonsList;)V,118,118,0,0.0,1.0,0.9899412353124116,1.0,EI2,com.helger.as2.util,com.helger.as2.util.FileMonitor,com.helger.as2.util.FileMonitor.setListeners
L,V,MC_OVERRIDABLE_METHOD_CALL_IN_CONSTRUCTOR,com.helger.as2.util.FileMonitor,NO_FIELD,<init>(Ljava/io/File;I)V,62,62,0,0.0,0.0,0.3209639140172895,0.383253449345534,MC,com.helger.as2.util,com.helger.as2.util.FileMonitor,com.helger.as2.util.FileMonitor.<init>
L,V,MC_OVERRIDABLE_METHOD_CALL_IN_CONSTRUCTOR,com.helger.as2.util.FileMonitor,NO_FIELD,<init>(Ljava/io/File;I)V,62,62,0,0.0,0.0,0.3209639140172895,0.383253449345534,MC,com.helger.as2.util,com.helger.as2.util.FileMonitor,com.helger.as2.util.FileMonitor.<init>
M,V,EI_EXPOSE_REP2,com.helger.as2.app.cert.ServerCertificateFactory,m_aFileMonitor,setFileMonitor(Lcom/helger/as2/util/FileMonitor;)V,66,66,0,0.0,1.0,0.9899412353124116,1.0,EI2,com.helger.as2.app.cert,com.helger.as2.app.cert.ServerCertificateFactory,com.helger.as2.app.cert.ServerCertificateFactory.setFileMonitor
M,V,EI_EXPOSE_REP,com.helger.as2.app.cert.ServerCertificateFactory,m_aFileMonitor,getFileMonitor()Lcom/helger/as2/util/FileMonitor;,89,89,0,0.0,1.0,0.9899885353246648,1.0000000000000002,EI,com.helger.as2.app.cert,com.helger.as2.app.cert.ServerCertificateFactory,com.helger.as2.app.cert.ServerCertificateFactory.getFileMonitor
M,D,SF_SWITCH_NO_DEFAULT,com.helger.as2.app.cert.ServerCertificateFactory,NO_FIELD,onFileMonitorEvent(Lcom/helger/as2/util/FileMonitor;Ljava/io/File;Lcom/helger/as2/util/EFileMonitorEvent;)V,94,105,0,0.0,0.0,0.0,0.0,SF,com.helger.as2.app.cert,com.helger.as2.app.cert.ServerCertificateFactory,com.helger.as2.app.cert.ServerCertificateFactory.onFileMonitorEvent
M,V,MS_EXPOSE_REP,com.helger.as2.cmd.CommandManager,s_aDefaultManager,getCmdManager()Lcom/helger/as2/cmd/CommandManager;,57,57,0,0.0,1.0,0.9892971851703646,1.0000000000000002,MS,com.helger.as2.cmd,com.helger.as2.cmd.CommandManager,com.helger.as2.cmd.CommandManager.getCmdManager
M,V,EI_EXPOSE_REP2,com.helger.as2.cmd.CommandManager,m_aProcessors,setProcessors(Lcom/helger/commons/collection/impl/ICommonsList;)V,62,62,0,0.0,1.0,0.9899412353124116,1.0,EI2,com.helger.as2.cmd,com.helger.as2.cmd.CommandManager,com.helger.as2.cmd.CommandManager.setProcessors
M,V,EI_EXPOSE_REP,com.helger.as2.cmd.CommandManager,m_aProcessors,getProcessors()Lcom/helger/commons/collection/impl/ICommonsList;,69,69,0,0.0,1.0,0.9899885353246648,1.0000000000000002,EI,com.helger.as2.cmd,com.helger.as2.cmd.CommandManager,com.helger.as2.cmd.CommandManager.getProcessors
L,M,LI_LAZY_INIT_STATIC,com.helger.as2.cmd.CommandManager,s_aDefaultManager,getCmdManager()Lcom/helger/as2/cmd/CommandManager;,55,56,0,0.0,0.0,0.0,0.0,LI,com.helger.as2.cmd,com.helger.as2.cmd.CommandManager,com.helger.as2.cmd.CommandManager.getCmdManager
M,V,EI_EXPOSE_REP,com.helger.as2.app.session.AS2ServerXMLSession,m_aCmdManager,getCommandManager()Lcom/helger/as2/cmd/CommandManager;,106,106,0,0.0,1.0,0.9899885353246648,1.0000000000000002,EI,com.helger.as2.app.session,com.helger.as2.app.session.AS2ServerXMLSession,com.helger.as2.app.session.AS2ServerXMLSession.getCommandManager
M,V,EI_EXPOSE_REP,com.helger.as2.cmd.MultiCommand,m_aCmds,getCommands()Lcom/helger/commons/collection/impl/ICommonsList;,76,76,0,0.0,1.0,0.9899885353246648,1.0000000000000002,EI,com.helger.as2.cmd,com.helger.as2.cmd.MultiCommand,com.helger.as2.cmd.MultiCommand.getCommands
H,I,DM_DEFAULT_ENCODING,com.helger.as2.cmd.cert.ImportCertInEncodedStreamCommand,NO_FIELD,_importCert(Lcom/helger/as2lib/cert/IAliasedCertificateFactory;Ljava/lang/String;Ljava/lang/String;)Lcom/helger/as2/cmd/CommandResult;,90,90,0,0.0,0.0,0.5137319132585627,0.527210852478935,Dm,com.helger.as2.cmd.cert,com.helger.as2.cmd.cert.ImportCertInEncodedStreamCommand,com.helger.as2.cmd.cert.ImportCertInEncodedStreamCommand._importCert
L,I,DM_CONVERT_CASE,com.helger.as2.cmdprocessor.SocketCommandProcessor,NO_FIELD,processCommand()V,191,191,0,0.0,0.0,0.0,0.0,Dm,com.helger.as2.cmdprocessor,com.helger.as2.cmdprocessor.SocketCommandProcessor,com.helger.as2.cmdprocessor.SocketCommandProcessor.processCommand
L,D,BC_UNCONFIRMED_CAST_OF_RETURN_VALUE,com.helger.as2.cmdprocessor.SocketCommandProcessor,NO_FIELD,initDynamicComponent(Lcom/helger/as2lib/session/IAS2Session;Lcom/helger/commons/collection/attr/IStringMap;)V,127,127,0,0.0,0.0,0.373343969840206,0.15320676775235506,BC,com.helger.as2.cmdprocessor,com.helger.as2.cmdprocessor.SocketCommandProcessor,com.helger.as2.cmdprocessor.SocketCommandProcessor.initDynamicComponent
L,D,BC_UNCONFIRMED_CAST_OF_RETURN_VALUE,com.helger.as2.cmdprocessor.SocketCommandProcessor,NO_FIELD,processCommand()V,162,162,0,0.0,0.0,0.4303240090644742,0.2816757707936256,BC,com.helger.as2.cmdprocessor,com.helger.as2.cmdprocessor.SocketCommandProcessor,com.helger.as2.cmdprocessor.SocketCommandProcessor.processCommand
H,I,DM_DEFAULT_ENCODING,com.helger.as2.cmdprocessor.SocketCommandProcessor,NO_FIELD,processCommand()V,166,166,0,0.0,0.0,0.5616869362635813,0.5899068396927667,Dm,com.helger.as2.cmdprocessor,com.helger.as2.cmdprocessor.SocketCommandProcessor,com.helger.as2.cmdprocessor.SocketCommandProcessor.processCommand
H,I,DM_DEFAULT_ENCODING,com.helger.as2.cmdprocessor.SocketCommandProcessor,NO_FIELD,processCommand()V,165,165,0,0.0,0.0,0.5574286137134511,0.5899068396927667,Dm,com.helger.as2.cmdprocessor,com.helger.as2.cmdprocessor.SocketCommandProcessor,com.helger.as2.cmdprocessor.SocketCommandProcessor.processCommand
M,V,EI_EXPOSE_REP,com.helger.as2.cmdprocessor.StreamCommandProcessor,m_aWriter,getWriter()Ljava/io/BufferedWriter;,99,99,0,0.0,1.0,0.9899885353246648,1.0000000000000002,EI,com.helger.as2.cmdprocessor,com.helger.as2.cmdprocessor.StreamCommandProcessor,com.helger.as2.cmdprocessor.StreamCommandProcessor.getWriter
H,I,DM_DEFAULT_ENCODING,com.helger.as2.cmdprocessor.StreamCommandProcessor,NO_FIELD,<init>()V,84,84,0,0.0,0.0,0.5145781640390572,0.5131265640308992,Dm,com.helger.as2.cmdprocessor,com.helger.as2.cmdprocessor.StreamCommandProcessor,com.helger.as2.cmdprocessor.StreamCommandProcessor.<init>
H,I,DM_DEFAULT_ENCODING,com.helger.as2.cmdprocessor.StreamCommandProcessor,NO_FIELD,<init>()V,83,83,0,0.0,0.0,0.512023738075847,0.5131265640308992,Dm,com.helger.as2.cmdprocessor,com.helger.as2.cmdprocessor.StreamCommandProcessor,com.helger.as2.cmdprocessor.StreamCommandProcessor.<init>
M,B,THROWS_METHOD_THROWS_CLAUSE_BASIC_EXCEPTION,com.helger.as2.cmd.cert.ImportCertCommand,NO_FIELD,importPrivateKey(Lcom/helger/security/keystore/IKeyStoreType;Lcom/helger/as2lib/cert/IAliasedCertificateFactory;Ljava/lang/String;Ljava/lang/String;Ljava/lang/String;)Lcom/helger/as2/cmd/CommandResult;,147,169,0,0.0,0.0,0.44850306768613,0.30092025540475514,THROWS,com.helger.as2.cmd.cert,com.helger.as2.cmd.cert.ImportCertCommand,com.helger.as2.cmd.cert.ImportCertCommand.importPrivateKey
M,V,EI_EXPOSE_REP,com.helger.as2.app.partner.ServerSelfFillingXMLPartnershipFactory,m_aFileMonitor,getFileMonitor()Lcom/helger/as2/util/FileMonitor;,93,93,0,0.0,1.0,0.9899885353246648,1.0000000000000002,EI,com.helger.as2.app.partner,com.helger.as2.app.partner.ServerSelfFillingXMLPartnershipFactory,com.helger.as2.app.partner.ServerSelfFillingXMLPartnershipFactory.getFileMonitor
M,V,EI_EXPOSE_REP2,com.helger.as2.app.partner.ServerSelfFillingXMLPartnershipFactory,m_aFileMonitor,setFileMonitor(Lcom/helger/as2/util/FileMonitor;)V,68,68,0,0.0,1.0,0.9899412353124116,1.0,EI2,com.helger.as2.app.partner,com.helger.as2.app.partner.ServerSelfFillingXMLPartnershipFactory,com.helger.as2.app.partner.ServerSelfFillingXMLPartnershipFactory.setFileMonitor
M,D,SF_SWITCH_NO_DEFAULT,com.helger.as2.app.partner.ServerSelfFillingXMLPartnershipFactory,NO_FIELD,onFileMonitorEvent(Lcom/helger/as2/util/FileMonitor;Ljava/io/File;Lcom/helger/as2/util/EFileMonitorEvent;)V,98,109,0,0.0,0.0,0.0,0.0,SF,com.helger.as2.app.partner,com.helger.as2.app.partner.ServerSelfFillingXMLPartnershipFactory,com.helger.as2.app.partner.ServerSelfFillingXMLPartnershipFactory.onFileMonitorEvent
M,V,EI_EXPOSE_REP2,com.helger.as2.app.partner.ServerXMLPartnershipFactory,m_aFileMonitor,setFileMonitor(Lcom/helger/as2/util/FileMonitor;)V,68,68,0,0.0,1.0,0.9899412353124116,1.0,EI2,com.helger.as2.app.partner,com.helger.as2.app.partner.ServerXMLPartnershipFactory,com.helger.as2.app.partner.ServerXMLPartnershipFactory.setFileMonitor
M,V,EI_EXPOSE_REP,com.helger.as2.app.partner.ServerXMLPartnershipFactory,m_aFileMonitor,getFileMonitor()Lcom/helger/as2/util/FileMonitor;,93,93,0,0.0,1.0,0.9899885353246648,1.0000000000000002,EI,com.helger.as2.app.partner,com.helger.as2.app.partner.ServerXMLPartnershipFactory,com.helger.as2.app.partner.ServerXMLPartnershipFactory.getFileMonitor
M,D,SF_SWITCH_NO_DEFAULT,com.helger.as2.app.partner.ServerXMLPartnershipFactory,NO_FIELD,onFileMonitorEvent(Lcom/helger/as2/util/FileMonitor;Ljava/io/File;Lcom/helger/as2/util/EFileMonitorEvent;)V,98,109,0,0.0,0.0,0.0,0.0,SF,com.helger.as2.app.partner,com.helger.as2.app.partner.ServerXMLPartnershipFactory,com.helger.as2.app.partner.ServerXMLPartnershipFactory.onFileMonitorEvent
L,B,SE_NO_SERIALVERSIONID,com.helger.as2servlet.AS2ReceiveServlet,NO_FIELD,NO_METHOD,35,44,0,-1.0,-1.0,-1.0,-1.0,SnVI,com.helger.as2servlet,com.helger.as2servlet.AS2ReceiveServlet,com.helger.as2servlet.AS2ReceiveServlet.NO_METHOD
M,V,EI_EXPOSE_REP2,com.helger.as2servlet.mdn.AS2MDNReceiveXServletHandlerConstantSession,m_aSession,<init>(Lcom/helger/as2lib/session/AS2Session;)V,41,41,0,0.0,1.0,0.9899412353124116,1.0,EI2,com.helger.as2servlet.mdn,com.helger.as2servlet.mdn.AS2MDNReceiveXServletHandlerConstantSession,com.helger.as2servlet.mdn.AS2MDNReceiveXServletHandlerConstantSession.<init>
M,V,EI_EXPOSE_REP2,com.helger.as2servlet.AS2ReceiveXServletHandlerConstantSession,m_aSession,<init>(Lcom/helger/as2lib/session/AS2Session;)V,41,41,0,0.0,1.0,0.9899412353124116,1.0,EI2,com.helger.as2servlet,com.helger.as2servlet.AS2ReceiveXServletHandlerConstantSession,com.helger.as2servlet.AS2ReceiveXServletHandlerConstantSession.<init>
L,B,SE_NO_SERIALVERSIONID,com.helger.as2servlet.mdn.AS2MDNReceiveServlet,NO_FIELD,NO_METHOD,37,46,0,-1.0,-1.0,-1.0,-1.0,SnVI,com.helger.as2servlet.mdn,com.helger.as2servlet.mdn.AS2MDNReceiveServlet,com.helger.as2servlet.mdn.AS2MDNReceiveServlet.NO_METHOD
M,V,EI_EXPOSE_REP2,com.helger.as2lib.partner.mongodb.MongoDBPartnershipFactory,m_aPartnerships,<init>(Lcom/mongodb/client/MongoCollection;Lorg/slf4j/Logger;)V,66,66,0,0.0,1.0,0.9822064587430314,1.0,EI2,com.helger.as2lib.partner.mongodb,com.helger.as2lib.partner.mongodb.MongoDBPartnershipFactory,com.helger.as2lib.partner.mongodb.MongoDBPartnershipFactory.<init>
M,V,EI_EXPOSE_REP,com.helger.as2lib.util.http.AS2HttpResponseHandlerSocket,m_aSocket,getSocket()Ljava/net/Socket;,74,74,0,0.0,1.0,1.0,1.0000000000000002,EI,com.helger.as2lib.util.http,com.helger.as2lib.util.http.AS2HttpResponseHandlerSocket,com.helger.as2lib.util.http.AS2HttpResponseHandlerSocket.getSocket
M,V,EI_EXPOSE_REP,com.helger.as2lib.crypto.ECryptoAlgorithmSign,m_aOID,getOID()Lorg/bouncycastle/asn1/ASN1ObjectIdentifier;,139,139,0,0.0,1.0,0.9899885353246648,1.0000000000000002,EI,com.helger.as2lib.crypto,com.helger.as2lib.crypto.ECryptoAlgorithmSign,com.helger.as2lib.crypto.ECryptoAlgorithmSign.getOID
M,V,EI_EXPOSE_REP2,com.helger.as2lib.util.dump.HTTPIncomingDumperStreamBased,m_aOS,<init>(Ljava/io/OutputStream;)V,63,63,0,0.0,1.0,0.9814478019791416,1.0,EI2,com.helger.as2lib.util.dump,com.helger.as2lib.util.dump.HTTPIncomingDumperStreamBased,com.helger.as2lib.util.dump.HTTPIncomingDumperStreamBased.<init>
M,V,EI_EXPOSE_REP2,com.helger.as2lib.crypto.MIC,m_aMICBytes,<init>([BLcom/helger/as2lib/crypto/ECryptoAlgorithmSign;)V,68,68,0,0.0,1.0,1.0000000000000002,1.0,EI2,com.helger.as2lib.crypto,com.helger.as2lib.crypto.MIC,com.helger.as2lib.crypto.MIC.<init>
M,V,EI_EXPOSE_REP,com.helger.as2lib.crypto.MIC,m_aMICBytes,micBytes()[B,78,78,0,0.0,1.0,1.0,1.0000000000000002,EI,com.helger.as2lib.crypto,com.helger.as2lib.crypto.MIC,com.helger.as2lib.crypto.MIC.micBytes
M,V,EI_EXPOSE_REP2,com.helger.as2lib.util.http.AS2InputStreamProviderSocket,m_aSocket,<init>(Ljava/net/Socket;)V,66,66,0,0.0,1.0,1.0000000000000002,1.0,EI2,com.helger.as2lib.util.http,com.helger.as2lib.util.http.AS2InputStreamProviderSocket,com.helger.as2lib.util.http.AS2InputStreamProviderSocket.<init>
M,V,EI_EXPOSE_REP,com.helger.as2lib.client.AS2ClientResponse,m_aThrowable,getException()Ljava/lang/Throwable;,122,122,0,0.0,1.0,1.0,1.0000000000000002,EI,com.helger.as2lib.client,com.helger.as2lib.client.AS2ClientResponse,com.helger.as2lib.client.AS2ClientResponse.getException
M,V,EI_EXPOSE_REP2,com.helger.as2lib.client.AS2ClientResponse,m_aMDNVerificationCertificate,setMDNVerificationCertificate(Ljava/security/cert/X509Certificate;)V,210,210,0,0.0,1.0,1.0000000000000002,1.0,EI2,com.helger.as2lib.client,com.helger.as2lib.client.AS2ClientResponse,com.helger.as2lib.client.AS2ClientResponse.setMDNVerificationCertificate
M,V,EI_EXPOSE_REP2,com.helger.as2lib.client.AS2ClientResponse,m_aThrowable,setException(Ljava/lang/Throwable;)V,101,101,0,0.0,1.0,1.0,1.0,EI2,com.helger.as2lib.client,com.helger.as2lib.client.AS2ClientResponse,com.helger.as2lib.client.AS2ClientResponse.setException
M,V,EI_EXPOSE_REP,com.helger.as2lib.client.AS2ClientResponse,m_aMDNVerificationCertificate,getMDNVerificationCertificate()Ljava/security/cert/X509Certificate;,199,199,0,0.0,1.0,1.0,1.0000000000000002,EI,com.helger.as2lib.client,com.helger.as2lib.client.AS2ClientResponse,com.helger.as2lib.client.AS2ClientResponse.getMDNVerificationCertificate
M,V,EI_EXPOSE_REP2,com.helger.as2lib.client.AS2ClientResponse,m_aMDN,setMDN(Lcom/helger/as2lib/message/IMessageMDN;)V,134,134,0,0.0,1.0,1.0,1.0,EI2,com.helger.as2lib.client,com.helger.as2lib.client.AS2ClientResponse,com.helger.as2lib.client.AS2ClientResponse.setMDN
M,V,EI_EXPOSE_REP,com.helger.as2lib.client.AS2ClientResponse,m_aMDN,getMDN()Lcom/helger/as2lib/message/IMessageMDN;,155,155,0,0.0,1.0,1.0,1.0000000000000002,EI,com.helger.as2lib.client,com.helger.as2lib.client.AS2ClientResponse,com.helger.as2lib.client.AS2ClientResponse.getMDN
M,V,EI_EXPOSE_REP2,com.helger.as2lib.exception.AS2Exception,m_aSrcMsg,setSourceMsg(Lcom/helger/as2lib/message/IMessage;)Lcom/helger/as2lib/exception/AS2Exception;,88,88,0,0.0,1.0,1.0,1.0,EI2,com.helger.as2lib.exception,com.helger.as2lib.exception.AS2Exception,com.helger.as2lib.exception.AS2Exception.setSourceMsg
M,V,EI_EXPOSE_REP,com.helger.as2lib.exception.AS2Exception,m_aSrcMsg,getSourceMsg()Lcom/helger/as2lib/message/IMessage;,82,82,0,0.0,1.0,1.0000000000000002,1.0000000000000002,EI,com.helger.as2lib.exception,com.helger.as2lib.exception.AS2Exception,com.helger.as2lib.exception.AS2Exception.getSourceMsg
M,V,EI_EXPOSE_REP,com.helger.as2lib.processor.resender.ResendItem,m_aMsg,getMessage()Lcom/helger/as2lib/message/IMessage;,99,99,0,0.0,1.0,1.0000000000000002,1.0000000000000002,EI,com.helger.as2lib.processor.resender,com.helger.as2lib.processor.resender.ResendItem,com.helger.as2lib.processor.resender.ResendItem.getMessage
L,D,PZLA_PREFER_ZERO_LENGTH_ARRAYS,com.helger.as2lib.util.javamail.DispositionDataContentHandler,NO_FIELD,getTransferData(Ljava/awt/datatransfer/DataFlavor;Ljavax/activation/DataSource;)[B,81,81,0,0.0,1.0,1.0000000000000002,1.0,PZLA,com.helger.as2lib.util.javamail,com.helger.as2lib.util.javamail.DispositionDataContentHandler,com.helger.as2lib.util.javamail.DispositionDataContentHandler.getTransferData
H,I,DM_DEFAULT_ENCODING,com.helger.as2lib.util.javamail.DispositionDataContentHandler,NO_FIELD,writeTo(Ljava/lang/Object;Ljava/lang/String;Ljava/io/OutputStream;)V,149,149,0,-1.0,-1.0,-1.0,-1.0,Dm,com.helger.as2lib.util.javamail,com.helger.as2lib.util.javamail.DispositionDataContentHandler,com.helger.as2lib.util.javamail.DispositionDataContentHandler.writeTo
M,B,THROWS_METHOD_THROWS_CLAUSE_BASIC_EXCEPTION,com.helger.as2lib.crypto.ICryptoHelper,NO_FIELD,loadKeyStore(Lcom/helger/security/keystore/IKeyStoreType;Ljava/io/InputStream;[C)Ljava/security/KeyStore;,-1,-1,0,-1.0,-1.0,-1.0,-1.0,THROWS,com.helger.as2lib.crypto,com.helger.as2lib.crypto.ICryptoHelper,com.helger.as2lib.crypto.ICryptoHelper.loadKeyStore
M,B,THROWS_METHOD_THROWS_CLAUSE_BASIC_EXCEPTION,com.helger.as2lib.crypto.ICryptoHelper,NO_FIELD,isEncrypted(Ljavax/mail/internet/MimeBodyPart;)Z,-1,-1,0,-1.0,-1.0,-1.0,-1.0,THROWS,com.helger.as2lib.crypto,com.helger.as2lib.crypto.ICryptoHelper,com.helger.as2lib.crypto.ICryptoHelper.isEncrypted
M,B,THROWS_METHOD_THROWS_CLAUSE_BASIC_EXCEPTION,com.helger.as2lib.crypto.ICryptoHelper,NO_FIELD,isSigned(Ljavax/mail/internet/MimeBodyPart;)Z,-1,-1,0,-1.0,-1.0,-1.0,-1.0,THROWS,com.helger.as2lib.crypto,com.helger.as2lib.crypto.ICryptoHelper,com.helger.as2lib.crypto.ICryptoHelper.isSigned
M,B,THROWS_METHOD_THROWS_CLAUSE_BASIC_EXCEPTION,com.helger.as2lib.crypto.ICryptoHelper,NO_FIELD,calculateMIC(Ljavax/mail/internet/MimeBodyPart;Lcom/helger/as2lib/crypto/ECryptoAlgorithmSign;Z)Lcom/helger/as2lib/crypto/MIC;,-1,-1,0,-1.0,-1.0,-1.0,-1.0,THROWS,com.helger.as2lib.crypto,com.helger.as2lib.crypto.ICryptoHelper,com.helger.as2lib.crypto.ICryptoHelper.calculateMIC
M,B,THROWS_METHOD_THROWS_CLAUSE_BASIC_EXCEPTION,com.helger.as2lib.crypto.ICryptoHelper,NO_FIELD,encrypt(Ljavax/mail/internet/MimeBodyPart;Ljava/security/cert/X509Certificate;Lcom/helger/as2lib/crypto/ECryptoAlgorithmCrypt;Lcom/helger/mail/cte/EContentTransferEncoding;)Ljavax/mail/internet/MimeBodyPart;,-1,-1,0,-1.0,-1.0,-1.0,-1.0,THROWS,com.helger.as2lib.crypto,com.helger.as2lib.crypto.ICryptoHelper,com.helger.as2lib.crypto.ICryptoHelper.encrypt
M,B,THROWS_METHOD_THROWS_CLAUSE_BASIC_EXCEPTION,com.helger.as2lib.crypto.ICryptoHelper,NO_FIELD,decrypt(Ljavax/mail/internet/MimeBodyPart;Ljava/security/cert/X509Certificate;Ljava/security/PrivateKey;ZLcom/helger/as2lib/util/AS2ResourceHelper;)Ljavax/mail/internet/MimeBodyPart;,-1,-1,0,-1.0,-1.0,-1.0,-1.0,THROWS,com.helger.as2lib.crypto,com.helger.as2lib.crypto.ICryptoHelper,com.helger.as2lib.crypto.ICryptoHelper.decrypt
M,B,THROWS_METHOD_THROWS_CLAUSE_BASIC_EXCEPTION,com.helger.as2lib.crypto.ICryptoHelper,NO_FIELD,sign(Ljavax/mail/internet/MimeBodyPart;Ljava/security/cert/X509Certificate;Ljava/security/PrivateKey;Lcom/helger/as2lib/crypto/ECryptoAlgorithmSign;ZZLcom/helger/mail/cte/EContentTransferEncoding;)Ljavax/mail/internet/MimeBodyPart;,-1,-1,0,-1.0,-1.0,-1.0,-1.0,THROWS,com.helger.as2lib.crypto,com.helger.as2lib.crypto.ICryptoHelper,com.helger.as2lib.crypto.ICryptoHelper.sign
M,B,THROWS_METHOD_THROWS_CLAUSE_BASIC_EXCEPTION,com.helger.as2lib.crypto.ICryptoHelper,NO_FIELD,verify(Ljavax/mail/internet/MimeBodyPart;Ljava/security/cert/X509Certificate;ZZLjava/util/function/Consumer;Lcom/helger/as2lib/util/AS2ResourceHelper;)Ljavax/mail/internet/MimeBodyPart;,-1,-1,0,-1.0,-1.0,-1.0,-1.0,THROWS,com.helger.as2lib.crypto,com.helger.as2lib.crypto.ICryptoHelper,com.helger.as2lib.crypto.ICryptoHelper.verify
M,V,EI_EXPOSE_REP2,com.helger.as2lib.client.AS2ClientRequest,m_aDataHandler,setData(Ljavax/activation/DataHandler;)Lcom/helger/as2lib/client/AS2ClientRequest;,250,250,0,0.0,1.0,0.9899412353124116,1.0,EI2,com.helger.as2lib.client,com.helger.as2lib.client.AS2ClientRequest,com.helger.as2lib.client.AS2ClientRequest.setData
M,V,EI_EXPOSE_REP2,com.helger.as2lib.client.AS2ClientRequest,m_aDataByteArray,setData([B)Lcom/helger/as2lib/client/AS2ClientRequest;,204,204,0,0.0,1.0,1.0000000000000002,1.0,EI2,com.helger.as2lib.client,com.helger.as2lib.client.AS2ClientRequest,com.helger.as2lib.client.AS2ClientRequest.setData
M,V,EI_EXPOSE_REP2,com.helger.as2lib.processor.receiver.net.AS2NetException,m_aAddress,<init>(Ljava/net/InetAddress;ILjava/lang/Throwable;)V,53,53,0,0.0,1.0,0.9899412353124116,1.0,EI2,com.helger.as2lib.processor.receiver.net,com.helger.as2lib.processor.receiver.net.AS2NetException,com.helger.as2lib.processor.receiver.net.AS2NetException.<init>
M,V,EI_EXPOSE_REP,com.helger.as2lib.processor.receiver.net.AS2NetException,m_aAddress,getAddress()Ljava/net/InetAddress;,60,60,0,0.0,1.0,0.9899885353246648,1.0000000000000002,EI,com.helger.as2lib.processor.receiver.net,com.helger.as2lib.processor.receiver.net.AS2NetException,com.helger.as2lib.processor.receiver.net.AS2NetException.getAddress
M,V,EI_EXPOSE_REP2,com.helger.as2lib.cert.PredefinedCertificateFactory,m_aCtorKeyStore,<init>(Ljava/security/KeyStore;)V,58,58,0,0.0,1.0,1.0,1.0,EI2,com.helger.as2lib.cert,com.helger.as2lib.cert.PredefinedCertificateFactory,com.helger.as2lib.cert.PredefinedCertificateFactory.<init>
M,V,EI_EXPOSE_REP,com.helger.as2lib.cert.PredefinedCertificateFactory,m_aCtorKeyStore,getKeyStoreFromCtor()Ljava/security/KeyStore;,64,64,0,0.0,1.0,1.0,1.0000000000000002,EI,com.helger.as2lib.cert,com.helger.as2lib.cert.PredefinedCertificateFactory,com.helger.as2lib.cert.PredefinedCertificateFactory.getKeyStoreFromCtor
M,V,EI_EXPOSE_REP2,com.helger.as2lib.partner.AS2PartnershipNotFoundException,m_aPartnership,<init>(Lcom/helger/as2lib/partner/Partnership;)V,51,51,0,0.0,1.0,1.0000000000000002,1.0,EI2,com.helger.as2lib.partner,com.helger.as2lib.partner.AS2PartnershipNotFoundException,com.helger.as2lib.partner.AS2PartnershipNotFoundException.<init>
M,V,EI_EXPOSE_REP,com.helger.as2lib.partner.AS2PartnershipNotFoundException,m_aPartnership,getPartnership()Lcom/helger/as2lib/partner/Partnership;,60,60,0,0.0,1.0,1.0,1.0000000000000002,EI,com.helger.as2lib.partner,com.helger.as2lib.partner.AS2PartnershipNotFoundException,com.helger.as2lib.partner.AS2PartnershipNotFoundException.getPartnership
L,B,SE_BAD_FIELD,com.helger.as2lib.partner.AS2PartnershipNotFoundException,m_aPartnership,NO_METHOD,-1,-1,0,-1.0,-1.0,-1.0,-1.0,Se,com.helger.as2lib.partner,com.helger.as2lib.partner.AS2PartnershipNotFoundException,com.helger.as2lib.partner.AS2PartnershipNotFoundException.NO_METHOD
M,V,EI_EXPOSE_REP,com.helger.as2lib.crypto.ECryptoAlgorithmCrypt,m_aOID,getOID()Lorg/bouncycastle/asn1/ASN1ObjectIdentifier;,84,84,0,0.0,1.0,0.9899885353246648,1.0000000000000002,EI,com.helger.as2lib.crypto,com.helger.as2lib.crypto.ECryptoAlgorithmCrypt,com.helger.as2lib.crypto.ECryptoAlgorithmCrypt.getOID
M,V,EI_EXPOSE_REP,com.helger.as2lib.processor.AS2NoModuleException,m_aOptions,options()Lcom/helger/commons/collection/impl/ICommonsMap;,82,82,0,0.0,1.0,1.0000000000000002,1.0000000000000002,EI,com.helger.as2lib.processor,com.helger.as2lib.processor.AS2NoModuleException,com.helger.as2lib.processor.AS2NoModuleException.options
M,V,EI_EXPOSE_REP2,com.helger.as2lib.processor.AS2NoModuleException,m_aMsg,<init>(Ljava/lang/String;Lcom/helger/as2lib/message/IMessage;Ljava/util/Map;)V,62,62,0,0.0,1.0,1.0,1.0,EI2,com.helger.as2lib.processor,com.helger.as2lib.processor.AS2NoModuleException,com.helger.as2lib.processor.AS2NoModuleException.<init>
M,V,EI_EXPOSE_REP,com.helger.as2lib.processor.AS2NoModuleException,m_aMsg,getMsg()Lcom/helger/as2lib/message/IMessage;,75,75,0,0.0,1.0,1.0000000000000002,1.0000000000000002,EI,com.helger.as2lib.processor,com.helger.as2lib.processor.AS2NoModuleException,com.helger.as2lib.processor.AS2NoModuleException.getMsg
M,V,EI_EXPOSE_REP,com.helger.as2lib.AbstractDynamicComponent,m_aSession,getSession()Lcom/helger/as2lib/session/IAS2Session;,98,98,0,0.0,1.0,0.9899885353246648,1.0000000000000002,EI,com.helger.as2lib,com.helger.as2lib.AbstractDynamicComponent,com.helger.as2lib.AbstractDynamicComponent.getSession
M,V,EI_EXPOSE_REP,com.helger.as2lib.AbstractDynamicComponent,m_aAttrs,attrs()Lcom/helger/commons/collection/attr/StringMap;,67,67,0,0.0,1.0,1.0,1.0000000000000002,EI,com.helger.as2lib,com.helger.as2lib.AbstractDynamicComponent,com.helger.as2lib.AbstractDynamicComponent.attrs
M,V,EI_EXPOSE_REP,com.helger.as2lib.processor.AS2ProcessorException,m_aProcessor,getProcessor()Lcom/helger/as2lib/processor/IMessageProcessor;,91,91,1,0.0,1.0,1.0,1.0000000000000002,EI,com.helger.as2lib.processor,com.helger.as2lib.processor.AS2ProcessorException,com.helger.as2lib.processor.AS2ProcessorException.getProcessor
M,V,EI_EXPOSE_REP2,com.helger.as2lib.processor.AS2ProcessorException,m_aProcessor,<init>(Lcom/helger/as2lib/processor/IMessageProcessor;Ljava/util/List;)V,84,84,1,0.0,1.0,1.0000000000000002,1.0,EI2,com.helger.as2lib.processor,com.helger.as2lib.processor.AS2ProcessorException,com.helger.as2lib.processor.AS2ProcessorException.<init>
L,B,SE_BAD_FIELD,com.helger.as2lib.disposition.AS2DispositionException,m_aDisposition,NO_METHOD,-1,-1,1,-1.0,-1.0,-1.0,-1.0,Se,com.helger.as2lib.disposition,com.helger.as2lib.disposition.AS2DispositionException,com.helger.as2lib.disposition.AS2DispositionException.NO_METHOD
H,D,DMI_NONSERIALIZABLE_OBJECT_WRITTEN,com.helger.as2lib.message.AbstractBaseMessage,NO_FIELD,writeObject(Ljava/io/ObjectOutputStream;)V,79,79,0,0.0,1.0,0.9945138729232108,1.0,DMI,com.helger.as2lib.message,com.helger.as2lib.message.AbstractBaseMessage,com.helger.as2lib.message.AbstractBaseMessage.writeObject
H,D,DMI_NONSERIALIZABLE_OBJECT_WRITTEN,com.helger.as2lib.message.AbstractBaseMessage,NO_FIELD,writeObject(Ljava/io/ObjectOutputStream;)V,82,82,0,0.0,1.0,0.990594152649528,1.0,DMI,com.helger.as2lib.message,com.helger.as2lib.message.AbstractBaseMessage,com.helger.as2lib.message.AbstractBaseMessage.writeObject
M,V,EI_EXPOSE_REP,com.helger.as2lib.message.AbstractBaseMessage,m_aHeaders,headers()Lcom/helger/commons/http/HttpHeaderMap;,96,96,0,0.0,1.0,0.9899885353246648,1.0000000000000002,EI,com.helger.as2lib.message,com.helger.as2lib.message.AbstractBaseMessage,com.helger.as2lib.message.AbstractBaseMessage.headers
M,V,EI_EXPOSE_REP,com.helger.as2lib.message.AbstractBaseMessage,m_aAttributes,attrs()Lcom/helger/commons/collection/attr/StringMap;,89,89,0,0.0,1.0,1.0,1.0000000000000002,EI,com.helger.as2lib.message,com.helger.as2lib.message.AbstractBaseMessage,com.helger.as2lib.message.AbstractBaseMessage.attrs
M,V,EI_EXPOSE_REP,com.helger.as2lib.message.AbstractBaseMessage,m_aPartnership,partnership()Lcom/helger/as2lib/partner/Partnership;,109,109,0,0.0,1.0,1.0,1.0000000000000002,EI,com.helger.as2lib.message,com.helger.as2lib.message.AbstractBaseMessage,com.helger.as2lib.message.AbstractBaseMessage.partnership
M,V,EI_EXPOSE_REP2,com.helger.as2lib.message.AbstractBaseMessage,m_aPartnership,setPartnership(Lcom/helger/as2lib/partner/Partnership;)V,102,102,0,0.0,1.0,1.0000000000000002,1.0,EI2,com.helger.as2lib.message,com.helger.as2lib.message.AbstractBaseMessage,com.helger.as2lib.message.AbstractBaseMessage.setPartnership
M,V,MS_EXPOSE_REP,com.helger.as2lib.util.AS2IOHelper,FOM,getFileOperationManager()Lcom/helger/commons/io/file/FileOperationManager;,83,83,0,0.0,1.0,1.0,1.0000000000000002,MS,com.helger.as2lib.util,com.helger.as2lib.util.AS2IOHelper,com.helger.as2lib.util.AS2IOHelper.getFileOperationManager
M,V,EI_EXPOSE_REP,com.helger.as2lib.message.AbstractMessageMDN,m_aData,getData()Ljavax/mail/internet/MimeBodyPart;,78,78,0,0.0,1.0,1.0000000000000002,1.0000000000000002,EI,com.helger.as2lib.message,com.helger.as2lib.message.AbstractMessageMDN,com.helger.as2lib.message.AbstractMessageMDN.getData
M,V,EI_EXPOSE_REP,com.helger.as2lib.message.AbstractMessageMDN,m_aMessage,getMessage()Lcom/helger/as2lib/message/IMessage;,66,66,0,0.0,1.0,1.0000000000000002,1.0000000000000002,EI,com.helger.as2lib.message,com.helger.as2lib.message.AbstractMessageMDN,com.helger.as2lib.message.AbstractMessageMDN.getMessage
M,V,EI_EXPOSE_REP2,com.helger.as2lib.message.AbstractMessageMDN,m_aMessage,setMessage(Lcom/helger/as2lib/message/IMessage;)V,72,72,0,0.0,1.0,1.0,1.0,EI2,com.helger.as2lib.message,com.helger.as2lib.message.AbstractMessageMDN,com.helger.as2lib.message.AbstractMessageMDN.setMessage
M,V,EI_EXPOSE_REP2,com.helger.as2lib.message.AbstractMessageMDN,m_aData,setData(Ljavax/mail/internet/MimeBodyPart;)V,83,83,0,0.0,1.0,1.0,1.0,EI2,com.helger.as2lib.message,com.helger.as2lib.message.AbstractMessageMDN,com.helger.as2lib.message.AbstractMessageMDN.setData
L,V,MC_OVERRIDABLE_METHOD_CALL_IN_CONSTRUCTOR,com.helger.as2lib.message.AbstractMessageMDN,NO_FIELD,<init>(Lcom/helger/as2lib/message/IMessage;)V,60,60,0,0.0,1.0,1.0,1.0,MC,com.helger.as2lib.message,com.helger.as2lib.message.AbstractMessageMDN,com.helger.as2lib.message.AbstractMessageMDN.<init>
M,X,OBL_UNSATISFIED_OBLIGATION,com.helger.as2lib.util.http.TempSharedFileInputStream,NO_FIELD,storeContentToTempFile(Ljava/io/InputStream;Ljava/lang/String;)Ljava/io/File;,137,137,0,0.0,0.0,0.05944582284759613,0.0,OBL,com.helger.as2lib.util.http,com.helger.as2lib.util.http.TempSharedFileInputStream,com.helger.as2lib.util.http.TempSharedFileInputStream.storeContentToTempFile
M,B,THROWS_METHOD_THROWS_CLAUSE_THROWABLE,com.helger.as2lib.util.http.TempSharedFileInputStream,NO_FIELD,finalize()V,90,99,0,0.0,0.0,0.0,0.0,THROWS,com.helger.as2lib.util.http,com.helger.as2lib.util.http.TempSharedFileInputStream,com.helger.as2lib.util.http.TempSharedFileInputStream.finalize
M,V,EI_EXPOSE_REP2,com.helger.as2lib.params.CompositeParameters,m_aParameterParsers,setParameterParsers(Lcom/helger/commons/collection/impl/ICommonsMap;)V,138,138,0,0.0,1.0,0.9821680182511624,1.0,EI2,com.helger.as2lib.params,com.helger.as2lib.params.CompositeParameters,com.helger.as2lib.params.CompositeParameters.setParameterParsers
M,V,EI_EXPOSE_REP2,com.helger.as2lib.util.dump.HTTPOutgoingDumperStreamBased,m_aOS,<init>(Ljava/io/OutputStream;)V,74,74,0,0.0,1.0,0.9814478019791416,1.0,EI2,com.helger.as2lib.util.dump,com.helger.as2lib.util.dump.HTTPOutgoingDumperStreamBased,com.helger.as2lib.util.dump.HTTPOutgoingDumperStreamBased.<init>
H,C,NP_NULL_ON_SOME_PATH,com.helger.as2lib.util.AS2Helper,NO_FIELD,parseMDN(Lcom/helger/as2lib/message/IMessage;Ljava/security/cert/X509Certificate;ZLjava/util/function/Consumer;Lcom/helger/as2lib/util/AS2ResourceHelper;)V,436,436,0,0.0,1.0,1.0,1.0,NP,com.helger.as2lib.util,com.helger.as2lib.util.AS2Helper,com.helger.as2lib.util.AS2Helper.parseMDN
M,B,THROWS_METHOD_THROWS_CLAUSE_BASIC_EXCEPTION,com.helger.as2lib.util.AS2Helper,NO_FIELD,createMDNData(Lcom/helger/as2lib/session/IAS2Session;Lcom/helger/as2lib/message/IMessageMDN;ZZLcom/helger/as2lib/crypto/ECryptoAlgorithmSign;Z)V,137,217,0,0.0,0.0,0.36148383333755096,0.19281651534921465,THROWS,com.helger.as2lib.util,com.helger.as2lib.util.AS2Helper,com.helger.as2lib.util.AS2Helper.createMDNData
M,B,THROWS_METHOD_THROWS_CLAUSE_BASIC_EXCEPTION,com.helger.as2lib.util.AS2Helper,NO_FIELD,createMDN(Lcom/helger/as2lib/session/IAS2Session;Lcom/helger/as2lib/message/AS2Message;Lcom/helger/as2lib/disposition/DispositionType;Ljava/lang/String;)Lcom/helger/as2lib/message/IMessageMDN;,243,372,0,0.0,0.0,0.3642300311088449,0.2748329013498949,THROWS,com.helger.as2lib.util,com.helger.as2lib.util.AS2Helper,com.helger.as2lib.util.AS2Helper.createMDN
M,B,THROWS_METHOD_THROWS_CLAUSE_BASIC_EXCEPTION,com.helger.as2lib.util.AS2Helper,NO_FIELD,parseMDN(Lcom/helger/as2lib/message/IMessage;Ljava/security/cert/X509Certificate;ZLjava/util/function/Consumer;Lcom/helger/as2lib/util/AS2ResourceHelper;)V,381,458,0,0.0,0.0,0.40952509769008705,0.30285570956248303,THROWS,com.helger.as2lib.util,com.helger.as2lib.util.AS2Helper,com.helger.as2lib.util.AS2Helper.parseMDN
L,D,REC_CATCH_EXCEPTION,com.helger.as2lib.processor.receiver.AbstractActiveNetModule,NO_FIELD,handleError(Lcom/helger/as2lib/message/IMessage;Lcom/helger/as2lib/exception/AS2Exception;)V,288,288,0,0.0,1.0,0.9999999999999998,1.0,REC,com.helger.as2lib.processor.receiver,com.helger.as2lib.processor.receiver.AbstractActiveNetModule,com.helger.as2lib.processor.receiver.AbstractActiveNetModule.handleError
H,I,DM_DEFAULT_ENCODING,com.helger.as2lib.processor.receiver.AbstractActiveNetModule,NO_FIELD,handleError(Lcom/helger/as2lib/message/IMessage;Lcom/helger/as2lib/exception/AS2Exception;)V,273,273,0,0.0,1.0,1.0000000000000002,1.0,Dm,com.helger.as2lib.processor.receiver,com.helger.as2lib.processor.receiver.AbstractActiveNetModule,com.helger.as2lib.processor.receiver.AbstractActiveNetModule.handleError
M,X,OBL_UNSATISFIED_OBLIGATION_EXCEPTION_EDGE,com.helger.as2lib.processor.storage.AbstractStorageModule,NO_FIELD,_writeStreamToFile(Ljava/io/InputStream;Ljava/io/File;)V,194,194,0,0.0,1.0,1.0,1.0000000000000002,OBL,com.helger.as2lib.processor.storage,com.helger.as2lib.processor.storage.AbstractStorageModule,com.helger.as2lib.processor.storage.AbstractStorageModule._writeStreamToFile
H,D,RCN_REDUNDANT_NULLCHECK_OF_NONNULL_VALUE,com.helger.as2lib.processor.sender.AS2SenderModule,NO_FIELD,receiveSyncMDN(Lcom/helger/as2lib/message/AS2Message;Lcom/helger/as2lib/util/http/AS2HttpClient;Lcom/helger/as2lib/crypto/MIC;Lcom/helger/as2lib/util/dump/IHTTPIncomingDumper;Lcom/helger/as2lib/util/AS2ResourceHelper;)V,777,777,0,0.0,1.0,1.0,1.0,RCN,com.helger.as2lib.processor.sender,com.helger.as2lib.processor.sender.AS2SenderModule,com.helger.as2lib.processor.sender.AS2SenderModule.receiveSyncMDN
M,B,THROWS_METHOD_THROWS_CLAUSE_BASIC_EXCEPTION,com.helger.as2lib.processor.sender.AS2SenderModule,NO_FIELD,calculateAndStoreMIC(Lcom/helger/as2lib/message/AS2Message;)Lcom/helger/as2lib/crypto/MIC;,335,372,0,0.0,0.0,0.4571942358304984,0.3971647161473289,THROWS,com.helger.as2lib.processor.sender,com.helger.as2lib.processor.sender.AS2SenderModule,com.helger.as2lib.processor.sender.AS2SenderModule.calculateAndStoreMIC
M,B,THROWS_METHOD_THROWS_CLAUSE_BASIC_EXCEPTION,com.helger.as2lib.processor.sender.AS2SenderModule,NO_FIELD,secureMimeBodyPart(Ljavax/mail/internet/MimeBodyPart;Lcom/helger/mail/cte/EContentTransferEncoding;Lcom/helger/as2lib/crypto/ECompressionType;ZLjava/util/function/Consumer;Lcom/helger/as2lib/crypto/ECryptoAlgorithmSign;Ljava/security/cert/X509Certificate;Ljava/security/PrivateKey;ZZLcom/helger/as2lib/crypto/ECryptoAlgorithmCrypt;Ljava/security/cert/X509Certificate;)Ljavax/mail/internet/MimeBodyPart;,429,496,1,0.0,0.0,0.3536173558109519,0.2868895648379612,THROWS,com.helger.as2lib.processor.sender,com.helger.as2lib.processor.sender.AS2SenderModule,com.helger.as2lib.processor.sender.AS2SenderModule.secureMimeBodyPart
M,B,THROWS_METHOD_THROWS_CLAUSE_BASIC_EXCEPTION,com.helger.as2lib.processor.sender.AS2SenderModule,NO_FIELD,secure(Lcom/helger/as2lib/message/IMessage;Lcom/helger/mail/cte/EContentTransferEncoding;)Ljavax/mail/internet/MimeBodyPart;,502,590,0,0.0,0.0,0.4704688900572411,0.30636344439549884,THROWS,com.helger.as2lib.processor.sender,com.helger.as2lib.processor.sender.AS2SenderModule,com.helger.as2lib.processor.sender.AS2SenderModule.secure
M,V,EI_EXPOSE_REP2,com.helger.as2lib.processor.receiver.AbstractActiveNetModule$ConnectionThread,m_aSocket,<init>(Lcom/helger/as2lib/processor/receiver/AbstractActiveNetModule;Ljava/net/Socket;)V,317,317,0,-1.0,-1.0,-1.0,-1.0,EI2,com.helger.as2lib.processor.receiver,com.helger.as2lib.processor.receiver.AbstractActiveNetModule,com.helger.as2lib.processor.receiver.AbstractActiveNetModule$ConnectionThread.<init>
M,V,EI_EXPOSE_REP2,com.helger.as2lib.processor.receiver.AbstractActiveNetModule$ConnectionThread,m_aOwner,<init>(Lcom/helger/as2lib/processor/receiver/AbstractActiveNetModule;Ljava/net/Socket;)V,316,316,0,-1.0,-1.0,-1.0,-1.0,EI2,com.helger.as2lib.processor.receiver,com.helger.as2lib.processor.receiver.AbstractActiveNetModule,com.helger.as2lib.processor.receiver.AbstractActiveNetModule$ConnectionThread.<init>
M,V,EI_EXPOSE_REP2,com.helger.as2lib.params.ExceptionParameters,m_aTarget,<init>(Lcom/helger/as2lib/exception/AS2Exception;Z)V,60,60,0,0.0,1.0,0.9899412353124116,1.0,EI2,com.helger.as2lib.params,com.helger.as2lib.params.ExceptionParameters,com.helger.as2lib.params.ExceptionParameters.<init>
M,V,EI_EXPOSE_REP,com.helger.as2lib.processor.receiver.AbstractDirectoryPollingModule,m_aTrackedFiles,trackedFiles()Lcom/helger/commons/collection/impl/ICommonsMap;,146,146,0,0.0,1.0,1.0000000000000002,1.0000000000000002,EI,com.helger.as2lib.processor.receiver,com.helger.as2lib.processor.receiver.AbstractDirectoryPollingModule,com.helger.as2lib.processor.receiver.AbstractDirectoryPollingModule.trackedFiles
L,D,REC_CATCH_EXCEPTION,com.helger.as2lib.processor.storage.MessageFileModule,NO_FIELD,handle(Ljava/lang/String;Lcom/helger/as2lib/message/IMessage;Ljava/util/Map;)V,105,105,1,0.0,1.0,0.9999999999999998,1.0,REC,com.helger.as2lib.processor.storage,com.helger.as2lib.processor.storage.MessageFileModule,com.helger.as2lib.processor.storage.MessageFileModule.handle
M,V,EI_EXPOSE_REP,com.helger.as2lib.processor.receiver.net.AS2MDNReceiverHandler,m_aReceiverModule,getModule()Lcom/helger/as2lib/processor/receiver/AS2MDNReceiverModule;,126,126,0,0.0,1.0,1.0,1.0000000000000002,EI,com.helger.as2lib.processor.receiver.net,com.helger.as2lib.processor.receiver.net.AS2MDNReceiverHandler,com.helger.as2lib.processor.receiver.net.AS2MDNReceiverHandler.getModule
M,D,DMI_NONSERIALIZABLE_OBJECT_WRITTEN,com.helger.as2lib.message.AbstractMessage,NO_FIELD,writeObject(Ljava/io/ObjectOutputStream;)V,197,197,1,0.0,1.0,1.0,1.0,DMI,com.helger.as2lib.message,com.helger.as2lib.message.AbstractMessage,com.helger.as2lib.message.AbstractMessage.writeObject
M,V,EI_EXPOSE_REP,com.helger.as2lib.message.AbstractMessage,m_aData,getData()Ljavax/mail/internet/MimeBodyPart;,103,103,1,0.0,1.0,1.0000000000000002,1.0000000000000002,EI,com.helger.as2lib.message,com.helger.as2lib.message.AbstractMessage,com.helger.as2lib.message.AbstractMessage.getData
M,V,EI_EXPOSE_REP2,com.helger.as2lib.message.AbstractMessage,m_aMDN,setMDN(Lcom/helger/as2lib/message/IMessageMDN;)V,108,108,1,0.0,1.0,1.0,1.0,EI2,com.helger.as2lib.message,com.helger.as2lib.message.AbstractMessage,com.helger.as2lib.message.AbstractMessage.setMDN
M,V,EI_EXPOSE_REP2,com.helger.as2lib.message.AbstractMessage,m_aData,setData(Ljavax/mail/internet/MimeBodyPart;)V,72,72,1,0.0,1.0,1.0,1.0,EI2,com.helger.as2lib.message,com.helger.as2lib.message.AbstractMessage,com.helger.as2lib.message.AbstractMessage.setData
M,V,EI_EXPOSE_REP,com.helger.as2lib.message.AbstractMessage,m_aMDN,getMDN()Lcom/helger/as2lib/message/IMessageMDN;,114,114,1,0.0,1.0,1.0,1.0000000000000002,EI,com.helger.as2lib.message,com.helger.as2lib.message.AbstractMessage,com.helger.as2lib.message.AbstractMessage.getMDN
L,D,REC_CATCH_EXCEPTION,com.helger.as2lib.processor.resender.DirectoryResenderModule,NO_FIELD,isTimeToSend(Ljava/io/File;)Z,174,174,0,0.0,1.0,0.9999999999999998,1.0,REC,com.helger.as2lib.processor.resender,com.helger.as2lib.processor.resender.DirectoryResenderModule,com.helger.as2lib.processor.resender.DirectoryResenderModule.isTimeToSend
M,V,EI_EXPOSE_REP2,com.helger.as2lib.session.AS2Session,m_aHttpProxy,setHttpProxy(Ljava/net/Proxy;)V,203,203,0,0.0,1.0,1.0,1.0,EI2,com.helger.as2lib.session,com.helger.as2lib.session.AS2Session,com.helger.as2lib.session.AS2Session.setHttpProxy
M,V,EI_EXPOSE_REP,com.helger.as2lib.session.AS2Session,m_aHttpProxy,getHttpProxy()Ljava/net/Proxy;,198,198,0,0.0,1.0,1.0,1.0000000000000002,EI,com.helger.as2lib.session,com.helger.as2lib.session.AS2Session,com.helger.as2lib.session.AS2Session.getHttpProxy
M,V,EI_EXPOSE_REP,com.helger.as2lib.processor.AsyncMessageProcessor,m_aExceptionCallbacks,exceptionCallbacks()Lcom/helger/commons/callback/CallbackList;,132,132,0,0.0,1.0,0.9899885353246648,1.0000000000000002,EI,com.helger.as2lib.processor,com.helger.as2lib.processor.AsyncMessageProcessor,com.helger.as2lib.processor.AsyncMessageProcessor.exceptionCallbacks
L,M,SC_START_IN_CTOR,com.helger.as2lib.processor.AsyncMessageProcessor,NO_FIELD,<init>()V,119,119,0,0.0,1.0,1.0000000000000002,1.0,SC,com.helger.as2lib.processor,com.helger.as2lib.processor.AsyncMessageProcessor,com.helger.as2lib.processor.AsyncMessageProcessor.<init>
L,V,MC_OVERRIDABLE_METHOD_CALL_IN_CONSTRUCTOR,com.helger.as2lib.processor.AsyncMessageProcessor,NO_FIELD,<init>()V,86,86,0,0.0,0.0,0.2302905201655125,0.22548206567700746,MC,com.helger.as2lib.processor,com.helger.as2lib.processor.AsyncMessageProcessor,com.helger.as2lib.processor.AsyncMessageProcessor.<init>
L,D,REC_CATCH_EXCEPTION,com.helger.as2lib.crypto.BCCryptoHelper,NO_FIELD,<clinit>()V,157,157,0,0.0,1.0,0.9999999999999998,1.0,REC,com.helger.as2lib.crypto,com.helger.as2lib.crypto.BCCryptoHelper,com.helger.as2lib.crypto.BCCryptoHelper.<clinit>
M,B,THROWS_METHOD_THROWS_CLAUSE_BASIC_EXCEPTION,com.helger.as2lib.crypto.BCCryptoHelper,NO_FIELD,loadKeyStore(Lcom/helger/security/keystore/IKeyStoreType;Ljava/io/InputStream;[C)Ljava/security/KeyStore;,246,249,0,0.0,0.0,0.3881025647456342,0.2431076831895413,THROWS,com.helger.as2lib.crypto,com.helger.as2lib.crypto.BCCryptoHelper,com.helger.as2lib.crypto.BCCryptoHelper.loadKeyStore
M,V,EI_EXPOSE_REP,com.helger.as2lib.client.AS2ClientSettings,m_aKeyStoreBytes,getKeyStoreBytes()[B,171,171,0,0.0,1.0,1.0,1.0000000000000002,EI,com.helger.as2lib.client,com.helger.as2lib.client.AS2ClientSettings,com.helger.as2lib.client.AS2ClientSettings.getKeyStoreBytes
M,V,EI_EXPOSE_REP2,com.helger.as2lib.client.AS2ClientSettings,m_aKeyStoreBytes,setKeyStore(Lcom/helger/security/keystore/IKeyStoreType;[BLjava/lang/String;)Lcom/helger/as2lib/client/AS2ClientSettings;,236,236,0,0.0,1.0,1.0000000000000002,1.0,EI2,com.helger.as2lib.client,com.helger.as2lib.client.AS2ClientSettings,com.helger.as2lib.client.AS2ClientSettings.setKeyStore
M,V,EI_EXPOSE_REP,com.helger.as2lib.client.AS2ClientSettings,m_aCustomHeaders,customHeaders()Lcom/helger/commons/http/HttpHeaderMap;,855,855,0,0.0,1.0,0.9899885353246648,1.0000000000000002,EI,com.helger.as2lib.client,com.helger.as2lib.client.AS2ClientSettings,com.helger.as2lib.client.AS2ClientSettings.customHeaders
M,V,EI_EXPOSE_REP,com.helger.as2lib.client.AS2ClientSettings,m_aReceiverCert,getReceiverCertificate()Ljava/security/cert/X509Certificate;,387,387,0,0.0,1.0,1.0,1.0000000000000002,EI,com.helger.as2lib.client,com.helger.as2lib.client.AS2ClientSettings,com.helger.as2lib.client.AS2ClientSettings.getReceiverCertificate
M,V,EI_EXPOSE_REP2,com.helger.as2lib.client.AS2ClientSettings,m_aReceiverCert,setReceiverCertificate(Ljava/security/cert/X509Certificate;)Lcom/helger/as2lib/client/AS2ClientSettings;,402,402,0,0.0,1.0,1.0000000000000002,1.0,EI2,com.helger.as2lib.client,com.helger.as2lib.client.AS2ClientSettings,com.helger.as2lib.client.AS2ClientSettings.setReceiverCertificate
M,V,EI_EXPOSE_REP2,com.helger.as2lib.processor.receiver.AbstractActiveNetModule$MainThread,m_aOwner,<init>(Lcom/helger/as2lib/processor/receiver/AbstractActiveNetModule;Ljava/lang/String;I)V,353,353,0,-1.0,-1.0,-1.0,-1.0,EI2,com.helger.as2lib.processor.receiver,com.helger.as2lib.processor.receiver.AbstractActiveNetModule,com.helger.as2lib.processor.receiver.AbstractActiveNetModule$MainThread.<init>
M,V,EI_EXPOSE_REP,com.helger.as2lib.client.AS2Client,m_aHttpProxy,getHttpProxy()Ljava/net/Proxy;,112,112,0,0.0,1.0,1.0,1.0000000000000002,EI,com.helger.as2lib.client,com.helger.as2lib.client.AS2Client,com.helger.as2lib.client.AS2Client.getHttpProxy
M,V,EI_EXPOSE_REP2,com.helger.as2lib.client.AS2Client,m_aHttpProxy,setHttpProxy(Ljava/net/Proxy;)Lcom/helger/as2lib/client/AS2Client;,125,125,0,0.0,1.0,1.0,1.0,EI2,com.helger.as2lib.client,com.helger.as2lib.client.AS2Client,com.helger.as2lib.client.AS2Client.setHttpProxy
M,D,REC_CATCH_EXCEPTION,com.helger.as2lib.client.AS2Client,NO_FIELD,sendSynchronous(Lcom/helger/as2lib/client/AS2ClientSettings;Lcom/helger/as2lib/client/AS2ClientRequest;)Lcom/helger/as2lib/client/AS2ClientResponse;,477,477,0,0.0,1.0,0.9999999999999998,1.0,REC,com.helger.as2lib.client,com.helger.as2lib.client.AS2Client,com.helger.as2lib.client.AS2Client.sendSynchronous
M,D,RCN_REDUNDANT_NULLCHECK_OF_NONNULL_VALUE,com.helger.as2lib.cert.AbstractCertificateFactory,NO_FIELD,initEmptyKeyStore()V,249,249,0,0.0,1.0,0.9808784232699721,1.0,RCN,com.helger.as2lib.cert,com.helger.as2lib.cert.AbstractCertificateFactory,com.helger.as2lib.cert.AbstractCertificateFactory.initEmptyKeyStore
M,X,OBL_UNSATISFIED_OBLIGATION,com.helger.as2lib.cert.AbstractCertificateFactory,NO_FIELD,lambda$save$60(Ljava/io/OutputStream;)Ljava/lang/String;,676,676,0,0.0,1.0,0.9999999999999998,1.0000000000000002,OBL,com.helger.as2lib.cert,com.helger.as2lib.cert.AbstractCertificateFactory,com.helger.as2lib.cert.AbstractCertificateFactory.lambda$save$60
M,X,OBL_UNSATISFIED_OBLIGATION,com.helger.as2lib.cert.AbstractCertificateFactory,NO_FIELD,lambda$load$57(Ljava/io/InputStream;)Ljava/lang/String;,645,645,0,0.0,1.0,0.9999999999999998,1.0000000000000002,OBL,com.helger.as2lib.cert,com.helger.as2lib.cert.AbstractCertificateFactory,com.helger.as2lib.cert.AbstractCertificateFactory.lambda$load$57
M,X,OBL_UNSATISFIED_OBLIGATION_EXCEPTION_EDGE,com.helger.as2lib.cert.AbstractCertificateFactory,NO_FIELD,load(Ljava/io/InputStream;[C)V,645,645,0,0.0,1.0,0.9999999999999998,1.0000000000000002,OBL,com.helger.as2lib.cert,com.helger.as2lib.cert.AbstractCertificateFactory,com.helger.as2lib.cert.AbstractCertificateFactory.load
M,X,OBL_UNSATISFIED_OBLIGATION_EXCEPTION_EDGE,com.helger.as2lib.cert.AbstractCertificateFactory,NO_FIELD,save(Ljava/io/OutputStream;[C)V,676,676,0,0.0,1.0,0.9999999999999998,1.0000000000000002,OBL,com.helger.as2lib.cert,com.helger.as2lib.cert.AbstractCertificateFactory,com.helger.as2lib.cert.AbstractCertificateFactory.save
M,D,NP_LOAD_OF_KNOWN_NULL_VALUE,com.helger.as2lib.params.DateParameters,NO_FIELD,getParameter(Ljava/lang/String;)Ljava/lang/String;,78,78,0,-1.0,-1.0,-1.0,-1.0,NP,com.helger.as2lib.params,com.helger.as2lib.params.DateParameters,com.helger.as2lib.params.DateParameters.getParameter
M,C,TQ_NEVER_VALUE_USED_WHERE_ALWAYS_REQUIRED,com.helger.as2lib.processor.sender.AbstractSenderModule,NO_FIELD,getRetryCount(Lcom/helger/as2lib/partner/Partnership;Ljava/util/Map;)I,116,116,0,0.0,0.0,0.0,0.0,TQ,com.helger.as2lib.processor.sender,com.helger.as2lib.processor.sender.AbstractSenderModule,com.helger.as2lib.processor.sender.AbstractSenderModule.getRetryCount
L,D,REC_CATCH_EXCEPTION,com.helger.as2lib.processor.receiver.net.AS2ReceiverHandler,NO_FIELD,decrypt(Lcom/helger/as2lib/message/IMessage;Lcom/helger/as2lib/util/AS2ResourceHelper;)V,254,254,1,0.0,1.0,0.9999999999999998,1.0,REC,com.helger.as2lib.processor.receiver.net,com.helger.as2lib.processor.receiver.net.AS2ReceiverHandler,com.helger.as2lib.processor.receiver.net.AS2ReceiverHandler.decrypt
L,D,REC_CATCH_EXCEPTION,com.helger.as2lib.processor.receiver.net.AS2ReceiverHandler,NO_FIELD,verify(Lcom/helger/as2lib/message/IMessage;Lcom/helger/as2lib/util/AS2ResourceHelper;)V,329,329,1,0.0,1.0,0.9999999999999998,1.0,REC,com.helger.as2lib.processor.receiver.net,com.helger.as2lib.processor.receiver.net.AS2ReceiverHandler,com.helger.as2lib.processor.receiver.net.AS2ReceiverHandler.verify
L,P,SIC_INNER_SHOULD_BE_STATIC_ANON,com.helger.as2lib.util.http.AS2HttpClient,NO_FIELD,send(Ljava/io/InputStream;Lcom/helger/mail/cte/EContentTransferEncoding;Lcom/helger/as2lib/util/dump/IHTTPOutgoingDumper;Lcom/helger/as2lib/util/AS2ResourceHelper;)J,179,179,0,0.0,0.0,0.2730575400390681,0.18012504176399444,SIC,com.helger.as2lib.util.http,com.helger.as2lib.util.http.AS2HttpClient,com.helger.as2lib.util.http.AS2HttpClient.send
L,D,UWF_FIELD_NOT_INITIALIZED_IN_CONSTRUCTOR,com.helger.as2lib.client.AS2ClientResponse,m_aExecutionDuration,getAsString()Ljava/lang/String;,267,267,0,-1.0,-1.0,-1.0,-1.0,UwF,com.helger.as2lib.client,com.helger.as2lib.client.AS2ClientResponse,com.helger.as2lib.client.AS2ClientResponse.getAsString
L,D,UWF_FIELD_NOT_INITIALIZED_IN_CONSTRUCTOR,com.helger.as2lib.client.AS2ClientResponse,m_aThrowable,getAsString()Ljava/lang/String;,263,263,0,-1.0,-1.0,-1.0,-1.0,UwF,com.helger.as2lib.client,com.helger.as2lib.client.AS2ClientResponse,com.helger.as2lib.client.AS2ClientResponse.getAsString
L,B,NM_CONFUSING,com.helger.as2lib.client.AS2ClientSettings,NO_FIELD,getAsyncMDNUrl()Ljava/lang/String;,634,634,0,0.0,1.0,1.0,1.0000000000000002,Nm,com.helger.as2lib.client,com.helger.as2lib.client.AS2ClientSettings,com.helger.as2lib.client.AS2ClientSettings.getAsyncMDNUrl
