M,V,MS_EXPOSE_REP,org.jmeld.vc.VersionControlUtil,versionControlList,getVersionControlList()Ljava/util/List;,47,47,0
H,M,LI_LAZY_INIT_UPDATE_STATIC,org.jmeld.vc.VersionControlUtil,versionControlList,getVersionControlList()Ljava/util/List;,39,40,0
M,V,EI_EXPOSE_REP2,org.jmeld.diff.JMRevision,orgArray,<init>([Ljava/lang/Object;[Ljava/lang/Object;)V,36,36,0
M,V,EI_EXPOSE_REP2,org.jmeld.diff.JMRevision,revArray,<init>([Ljava/lang/Object;[Ljava/lang/Object;)V,37,37,0
M,V,EI_EXPOSE_REP2,org.jmeld.diff.JMRevision,revArray,update([Ljava/lang/Object;[Ljava/lang/Object;)V,63,63,0
M,V,EI_EXPOSE_REP,org.jmeld.diff.JMRevision,deltaList,getDeltas()Ljava/util/List;,57,57,0
M,V,EI_EXPOSE_REP2,org.jmeld.diff.JMRevision,orgArray,update([Ljava/lang/Object;[Ljava/lang/Object;)V,62,62,0
L,P,UPM_UNCALLED_PRIVATE_METHOD,org.jmeld.diff.JMRevision,NO_FIELD,insert(Lorg/jmeld/diff/JMDelta;)V,267,281,0
L,P,UPM_UNCALLED_PRIVATE_METHOD,org.jmeld.diff.JMRevision,NO_FIELD,findDelta(ZII)Lorg/jmeld/diff/JMDelta;,287,304,0
H,C,UR_UNINIT_READ,org.jmeld.vc.StatusResult$Status,shortText,<init>(Ljava/lang/String;ICLjava/lang/String;)V,109,109,1
H,C,SA_FIELD_SELF_ASSIGNMENT,org.jmeld.vc.StatusResult$Status,shortText,<init>(Ljava/lang/String;ICLjava/lang/String;)V,109,109,1
M,P,DM_NUMBER_CTOR,org.gnu.diff.Diff$file_data,NO_FIELD,<init>(Lorg/gnu/diff/Diff;[Ljava/lang/Object;Ljava/util/Map;)V,916,916,0
L,D,DLS_DEAD_LOCAL_STORE,org.gnu.diff.Diff$file_data,NO_FIELD,shift_boundaries(Lorg/gnu/diff/Diff$file_data;)V,998,998,0
M,V,EI_EXPOSE_REP2,org.jmeld.ui.swing.table.JMTableModel$Column,this$0,<init>(Lorg/jmeld/ui/swing/table/JMTableModel;Ljava/lang/String;ILjava/lang/String;Ljava/lang/String;Ljava/lang/Class;IZ)V,165,165,0
M,V,EI_EXPOSE_REP,org.jmeld.vc.svn.LogData,entryList,getEntryList()Ljava/util/List;,37,37,0
L,P,DM_STRING_TOSTRING,org.jmeld.util.Result,NO_FIELD,getDescription()Ljava/lang/String;,62,62,0
M,V,EI_EXPOSE_REP,org.jmeld.util.Result,exception,getException()Ljava/lang/Exception;,72,72,0
M,B,THROWS_METHOD_THROWS_CLAUSE_BASIC_EXCEPTION,org.jdesktop.swingworker.SwingWorker$1,NO_FIELD,call()Ljava/lang/Object;,275,276,0
M,C,NP_NULL_ON_SOME_PATH,org.jmeld.diff.EclipseDiff$RangeComparator,NO_FIELD,rangesEqual(ILorg/eclipse/compare/rangedifferencer/IRangeComparator;I)Z,104,104,0
M,V,EI_EXPOSE_REP2,org.jmeld.util.conf.AbstractConfigurationElement,configuration,init(Lorg/jmeld/util/conf/AbstractConfiguration;)V,13,13,0
L,M,LI_LAZY_INIT_STATIC,org.jmeld.util.RegexUtil,whiteSpacePattern,getWhitespacePattern()Ljava/util/regex/Pattern;,17,19,0
M,B,NM_CLASS_NAMING_CONVENTION,org.gnu.diff.Diff$change,NO_FIELD,NO_METHOD,590,610,0
L,D,RI_REDUNDANT_INTERFACES,org.jmeld.ui.AbstractContentPanel$MyUndoManager,NO_FIELD,NO_METHOD,169,209,0
M,B,VA_FORMAT_STRING_USES_NEWLINE,org.jmeld.util.UIDefaultsPrint,NO_FIELD,main([Ljava/lang/String;)V,42,42,0
L,D,REC_CATCH_EXCEPTION,org.jmeld.util.UIDefaultsPrint,NO_FIELD,main([Ljava/lang/String;)V,45,45,0
M,V,EI_EXPOSE_REP,org.jmeld.vc.BaseFile,byteArray,getByteArray()[B,21,21,0
M,V,EI_EXPOSE_REP2,org.jmeld.vc.BaseFile,byteArray,<init>([B)V,11,11,0
H,B,DMI_RANDOM_USED_ONLY_ONCE,org.apache.commons.jrcs.diff.Diff,NO_FIELD,randomEdit([Ljava/lang/Object;J)[Ljava/lang/Object;,283,283,0
H,B,DMI_RANDOM_USED_ONLY_ONCE,org.apache.commons.jrcs.diff.Diff,NO_FIELD,randomEdit([Ljava/lang/Object;J)[Ljava/lang/Object;,287,287,1
H,B,DMI_RANDOM_USED_ONLY_ONCE,org.apache.commons.jrcs.diff.Diff,NO_FIELD,randomSequence(IJ)[Ljava/lang/Object;,354,354,0
M,P,DM_NUMBER_CTOR,org.apache.commons.jrcs.diff.Diff,NO_FIELD,randomSequence(IJ)[Ljava/lang/Object;,354,354,0
M,V,EI_EXPOSE_REP2,org.apache.commons.jrcs.diff.Diff,orig,<init>([Ljava/lang/Object;Lorg/apache/commons/jrcs/diff/DiffAlgorithm;)V,136,136,0
L,V,MC_OVERRIDABLE_METHOD_CALL_IN_CONSTRUCTOR,org.apache.commons.jrcs.diff.Diff,NO_FIELD,<init>([Ljava/lang/Object;Lorg/apache/commons/jrcs/diff/DiffAlgorithm;)V,143,143,1
M,V,EI_EXPOSE_REP2,org.jmeld.ui.swing.table.JMTreeTableModel$Column,this$0,<init>(Lorg/jmeld/ui/swing/table/JMTreeTableModel;Ljava/lang/String;ILjava/lang/String;Ljava/lang/String;Ljava/lang/Class;IZ)V,118,118,0
M,V,EI_EXPOSE_REP,org.jmeld.vc.util.VcCmd,result,getResult()Lorg/jmeld/util/Result;,121,121,1
L,B,OS_OPEN_STREAM_EXCEPTION_PATH,org.jmeld.vc.util.VcCmd,NO_FIELD,_execute([Ljava/lang/String;)Lorg/jmeld/util/Result;,71,71,1
L,B,OS_OPEN_STREAM_EXCEPTION_PATH,org.jmeld.vc.util.VcCmd,NO_FIELD,_execute([Ljava/lang/String;)Lorg/jmeld/util/Result;,84,84,1
L,D,DLS_DEAD_LOCAL_STORE_OF_NULL,org.jmeld.vc.util.VcCmd,NO_FIELD,_execute([Ljava/lang/String;)Lorg/jmeld/util/Result;,101,101,1
M,D,REC_CATCH_EXCEPTION,org.jmeld.vc.util.VcCmd,NO_FIELD,_execute([Ljava/lang/String;)Lorg/jmeld/util/Result;,98,98,1
H,I,DM_DEFAULT_ENCODING,org.jmeld.vc.util.VcCmd,NO_FIELD,_execute([Ljava/lang/String;)Lorg/jmeld/util/Result;,84,84,1
M,V,EI_EXPOSE_REP2,org.jmeld.ui.AbstractBarDialog,meldPanel,<init>(Lorg/jmeld/ui/JMeldPanel;)V,29,29,0
L,V,MC_OVERRIDABLE_METHOD_CALL_IN_CONSTRUCTOR,org.jmeld.ui.AbstractBarDialog,NO_FIELD,<init>(Lorg/jmeld/ui/JMeldPanel;)V,31,31,0
M,V,EI_EXPOSE_REP,org.jmeld.ui.util.TabExitEvent,tabIcon,getTabIcon()Lorg/jmeld/ui/util/TabIcon;,32,32,0
M,V,EI_EXPOSE_REP2,org.jmeld.ui.util.TabExitEvent,tabIcon,<init>(Lorg/jmeld/ui/util/TabIcon;I)V,26,26,0
M,V,MS_EXPOSE_REP,org.jmeld.ui.StatusBar,instance,getInstance()Lorg/jmeld/ui/StatusBar;,53,53,0
L,V,MC_OVERRIDABLE_METHOD_CALL_IN_CONSTRUCTOR,org.jmeld.ui.swing.DetailHeader,NO_FIELD,<init>()V,11,11,0
M,V,EI_EXPOSE_REP,org.jmeld.vc.svn.BlameData,targetList,getTargetList()Ljava/util/List;,40,40,0
M,B,RC_REF_COMPARISON_BAD_PRACTICE_BOOLEAN,org.jmeld.util.WeakHashSet,value,remove(Ljava/lang/Object;)Z,60,60,0
L,D,RI_REDUNDANT_INTERFACES,org.jmeld.util.WeakHashSet,NO_FIELD,NO_METHOD,9,66,0
M,B,NP_EQUALS_SHOULD_HANDLE_NULL_ARGUMENT,org.jmeld.diff.JMDiff$JMString,NO_FIELD,equals(Ljava/lang/Object;)Z,287,287,0
M,B,BC_EQUALS_METHOD_SHOULD_WORK_FOR_ALL_OBJECTS,org.jmeld.diff.JMDiff$JMString,NO_FIELD,equals(Ljava/lang/Object;)Z,287,287,0
M,V,EI_EXPOSE_REP2,org.jmeld.ui.help.HelpPanel,mainPanel,<init>(Lorg/jmeld/ui/JMeldPanel;)V,24,24,0
M,V,EI_EXPOSE_REP2,org.jmeld.ui.Option,mainPanel,<init>(Lorg/jmeld/ui/JMeldPanel;Z)V,13,13,0
L,B,SE_BAD_FIELD,org.jmeld.ui.swing.BusyLabel,icon,NO_METHOD,-1,-1,0
M,V,EI_EXPOSE_REP,org.jmeld.vc.svn.InfoData,entryList,getEntryList()Ljava/util/List;,37,37,0
H,B,HE_EQUALS_USE_HASHCODE,org.eclipse.compare.rangedifferencer.RangeDifference,NO_FIELD,equals(Ljava/lang/Object;)Z,228,238,0
M,D,SF_SWITCH_NO_DEFAULT,org.jmeld.ui.swing.BusyLabel$BusyIcon,NO_FIELD,paintIcon(Ljava/awt/Component;Ljava/awt/Graphics;II)V,143,183,0
M,V,EI_EXPOSE_REP,org.apache.commons.jrcs.diff.Chunk,chunk,chunk()Ljava/util/List;,199,199,0
M,B,EQ_COMPARETO_USE_OBJECT_EQUALS,org.apache.jmeld.tools.ant.types.Resource,NO_FIELD,compareTo(Ljava/lang/Object;)I,239,245,0
M,D,DLS_DEAD_LOCAL_STORE,org.gnu.diff.Diff,NO_FIELD,diff_2()Lorg/gnu/diff/Diff$change;,527,527,0
L,V,MC_OVERRIDABLE_METHOD_CALL_IN_CONSTRUCTOR,org.jmeld.util.StopWatch,NO_FIELD,<init>()V,27,27,0
M,V,EI_EXPOSE_REP,org.jdesktop.swingworker.SwingWorker,propertyChangeSupport,getPropertyChangeSupport()Ljava/beans/PropertyChangeSupport;,677,677,0
M,B,THROWS_METHOD_THROWS_CLAUSE_BASIC_EXCEPTION,org.jdesktop.swingworker.SwingWorker,NO_FIELD,doInBackground()Ljava/lang/Object;,-1,-1,0
M,B,THROWS_METHOD_THROWS_CLAUSE_BASIC_EXCEPTION,org.jmeld.util.file.cmd.AbstractCmd,NO_FIELD,execute()V,22,35,0
M,B,THROWS_METHOD_THROWS_CLAUSE_BASIC_EXCEPTION,org.jmeld.util.file.cmd.AbstractCmd,NO_FIELD,createCommands()V,-1,-1,0
M,B,THROWS_METHOD_THROWS_CLAUSE_BASIC_EXCEPTION,org.jmeld.util.file.cmd.AbstractCmd$Command,NO_FIELD,execute()V,-1,-1,0
L,V,MC_OVERRIDABLE_METHOD_CALL_IN_CONSTRUCTOR,org.jmeld.ui.ListScrollSynchronizer,NO_FIELD,<init>(Ljavax/swing/JScrollPane;Ljavax/swing/JScrollPane;)V,34,34,0
M,B,THROWS_METHOD_THROWS_CLAUSE_BASIC_EXCEPTION,org.jmeld.util.file.cmd.CopyFileCmd$ResetCommand,NO_FIELD,execute()V,180,181,0
L,B,OS_OPEN_STREAM_EXCEPTION_PATH,org.jmeld.util.file.FileUtil,NO_FIELD,copy2(Ljava/io/File;Ljava/io/File;)V,48,48,0
L,B,OS_OPEN_STREAM_EXCEPTION_PATH,org.jmeld.util.file.FileUtil,NO_FIELD,copy2(Ljava/io/File;Ljava/io/File;)V,47,47,0
M,X,OBL_UNSATISFIED_OBLIGATION_EXCEPTION_EDGE,org.jmeld.util.file.FileUtil,NO_FIELD,copy2(Ljava/io/File;Ljava/io/File;)V,47,47,0
M,X,OBL_UNSATISFIED_OBLIGATION_EXCEPTION_EDGE,org.jmeld.util.file.FileUtil,NO_FIELD,copy2(Ljava/io/File;Ljava/io/File;)V,48,48,0
L,B,SE_BAD_FIELD,org.jmeld.ui.JMChunkNode,chunk,NO_METHOD,-1,-1,0
M,B,VA_FORMAT_STRING_USES_NEWLINE,org.jmeld.ui.text.AbstractBufferDocument$Line,NO_FIELD,print()V,386,386,0
H,B,HE_EQUALS_USE_HASHCODE,org.jmeld.diff.JMChunk,NO_FIELD,equals(Ljava/lang/Object;)Z,54,61,0
M,V,EI_EXPOSE_REP2,org.jmeld.ui.text.JMDocumentEvent,document,<init>(Lorg/jmeld/ui/text/AbstractBufferDocument;)V,14,14,0
M,V,EI_EXPOSE_REP,org.jmeld.ui.text.JMDocumentEvent,document,getDocument()Lorg/jmeld/ui/text/AbstractBufferDocument;,26,26,0
H,B,HE_EQUALS_USE_HASHCODE,org.jmeld.ui.search.SearchHit,NO_FIELD,equals(Ljava/lang/Object;)Z,58,65,0
M,B,THROWS_METHOD_THROWS_CLAUSE_BASIC_EXCEPTION,org.jmeld.ui.FolderDiffPanel$RefreshAction,NO_FIELD,doInBackground()Ljava/lang/Object;,505,505,1
H,P,DM_BOXED_PRIMITIVE_FOR_PARSING,org.jmeld.ui.bar.LineNumberBarDialog$1,NO_FIELD,keyReleased(Ljava/awt/event/KeyEvent;)V,70,70,0
L,B,SE_NO_SERIALVERSIONID,org.jdesktop.swingworker.SwingWorker$SwingWorkerPropertyChangeSupport,NO_FIELD,NO_METHOD,884,900,0
M,V,EI_EXPOSE_REP,org.jmeld.vc.svn.StatusData,targetList,getTargetList()Ljava/util/List;,39,39,0
M,V,EI_EXPOSE_REP2,org.apache.jmeld.tools.ant.BuildException,cause,<init>(Ljava/lang/Throwable;)V,75,75,0
M,V,EI_EXPOSE_REP,org.apache.jmeld.tools.ant.BuildException,cause,getException()Ljava/lang/Throwable;,86,86,0
M,V,EI_EXPOSE_REP2,org.apache.jmeld.tools.ant.BuildException,cause,<init>(Ljava/lang/String;Ljava/lang/Throwable;)V,63,63,0
L,B,OS_OPEN_STREAM_EXCEPTION_PATH,org.jmeld.util.JaxbPersister,NO_FIELD,save(Ljava/lang/Object;Ljava/io/File;)V,56,56,0
M,X,OBL_UNSATISFIED_OBLIGATION_EXCEPTION_EDGE,org.jmeld.util.JaxbPersister,NO_FIELD,save(Ljava/lang/Object;Ljava/io/File;)V,56,56,0
M,X,OBL_UNSATISFIED_OBLIGATION,org.jmeld.util.JaxbPersister,NO_FIELD,load(Ljava/lang/Class;Ljava/io/File;)Ljava/lang/Object;,30,30,0
H,I,DM_DEFAULT_ENCODING,org.jmeld.util.JaxbPersister,NO_FIELD,save(Ljava/lang/Object;Ljava/io/OutputStream;)V,69,69,0
L,V,MC_OVERRIDABLE_METHOD_CALL_IN_CONSTRUCTOR,org.jmeld.ui.swing.table.JMTable,NO_FIELD,<init>()V,27,27,0
H,B,HE_EQUALS_USE_HASHCODE,org.jmeld.diff.JMDelta,NO_FIELD,equals(Ljava/lang/Object;)Z,189,202,0
M,V,EI_EXPOSE_REP,org.jmeld.diff.JMDelta,original,getOriginal()Lorg/jmeld/diff/JMChunk;,52,52,0
M,V,EI_EXPOSE_REP2,org.jmeld.diff.JMDelta,original,<init>(Lorg/jmeld/diff/JMChunk;Lorg/jmeld/diff/JMChunk;)V,41,41,0
M,V,EI_EXPOSE_REP,org.jmeld.diff.JMDelta,revised,getRevised()Lorg/jmeld/diff/JMChunk;,56,56,0
M,V,EI_EXPOSE_REP,org.jmeld.diff.JMDelta,changeRevision,getChangeRevision()Lorg/jmeld/diff/JMRevision;,80,80,0
M,V,EI_EXPOSE_REP2,org.jmeld.diff.JMDelta,revised,<init>(Lorg/jmeld/diff/JMChunk;Lorg/jmeld/diff/JMChunk;)V,42,42,0
L,D,REC_CATCH_EXCEPTION,org.jmeld.diff.JMDelta,NO_FIELD,createChangeRevision()Lorg/jmeld/diff/JMRevision;,168,168,1
L,V,MC_OVERRIDABLE_METHOD_CALL_IN_CONSTRUCTOR,org.jmeld.diff.JMDelta,NO_FIELD,<init>(Lorg/jmeld/diff/JMChunk;Lorg/jmeld/diff/JMChunk;)V,44,44,0
M,P,UPM_UNCALLED_PRIVATE_METHOD,org.jmeld.util.prefs.Preference,NO_FIELD,getKey(Ljava/lang/String;I)Ljava/lang/String;,93,93,0
M,V,EI_EXPOSE_REP2,org.jmeld.util.prefs.WindowPreference,target,<init>(Ljava/lang/String;Ljava/awt/Window;)V,37,37,0
M,V,EI_EXPOSE_REP,org.jmeld.settings.util.Filter,rules,getRules()Ljava/util/List;,108,108,0
M,V,EI_EXPOSE_REP2,org.jmeld.util.prefs.ComboBoxPreference,target,<init>(Ljava/lang/String;Ljavax/swing/JComboBox;)V,39,39,0
M,B,RV_RETURN_VALUE_IGNORED_BAD_PRACTICE,org.jmeld.util.file.cmd.CopyFileCmd$MkDirCommand,NO_FIELD,execute()V,66,66,0
M,B,RV_RETURN_VALUE_IGNORED_BAD_PRACTICE,org.jmeld.util.file.cmd.CopyFileCmd$MkDirCommand,NO_FIELD,undo()V,75,75,0
M,B,THROWS_METHOD_THROWS_CLAUSE_BASIC_EXCEPTION,org.jmeld.util.file.cmd.CopyFileCmd$MkDirCommand,NO_FIELD,<init>(Lorg/jmeld/util/file/cmd/CopyFileCmd;Ljava/io/File;)V,55,57,0
M,B,THROWS_METHOD_THROWS_CLAUSE_BASIC_EXCEPTION,org.jmeld.util.file.cmd.CopyFileCmd$MkDirCommand,NO_FIELD,execute()V,62,67,0
M,V,EI_EXPOSE_REP2,org.jmeld.util.prefs.TabbedPanePreference,target,<init>(Ljava/lang/String;Ljavax/swing/JTabbedPane;)V,40,40,0
L,D,BC_UNCONFIRMED_CAST,org.jmeld.ui.swing.GradientLabel,NO_FIELD,paint(Ljava/awt/Graphics;)V,63,63,0
L,D,REC_CATCH_EXCEPTION,org.jmeld.util.file.cmd.RemoveFileCmd$RemoveCommand,NO_FIELD,undo()V,75,75,0
M,B,RV_RETURN_VALUE_IGNORED_BAD_PRACTICE,org.jmeld.util.file.cmd.RemoveFileCmd$RemoveCommand,NO_FIELD,execute()V,59,59,0
M,B,RV_RETURN_VALUE_IGNORED_BAD_PRACTICE,org.jmeld.util.file.cmd.RemoveFileCmd$RemoveCommand,NO_FIELD,discard()V,90,90,0
M,B,THROWS_METHOD_THROWS_CLAUSE_BASIC_EXCEPTION,org.jmeld.util.file.cmd.RemoveFileCmd$RemoveCommand,NO_FIELD,execute()V,43,60,0
L,D,PZLA_PREFER_ZERO_LENGTH_ARRAYS,org.eclipse.compare.rangedifferencer.RangeDifferencer,NO_FIELD,findDifferences(Lorg/eclipse/compare/rangedifferencer/IRangeComparator;Lorg/eclipse/compare/rangedifferencer/IRangeComparator;Lorg/eclipse/compare/rangedifferencer/IRangeComparator;)[Lorg/eclipse/compare/rangedifferencer/RangeDifference;,93,93,0
M,B,RV_RETURN_VALUE_IGNORED_BAD_PRACTICE,org.jmeld.util.file.cmd.CopyFileCmd$CopyCommand,NO_FIELD,undo()V,132,132,0
M,B,RV_RETURN_VALUE_IGNORED_BAD_PRACTICE,org.jmeld.util.file.cmd.CopyFileCmd$CopyCommand,NO_FIELD,discard()V,162,162,0
M,B,THROWS_METHOD_THROWS_CLAUSE_BASIC_EXCEPTION,org.jmeld.util.file.cmd.CopyFileCmd$CopyCommand,NO_FIELD,execute()V,96,116,0
M,B,DM_EXIT,org.jmeld.ui.action.MeldAction,NO_FIELD,initMethods()V,58,58,0
L,B,SE_BAD_FIELD,org.jmeld.ui.action.MeldAction,actionMethod,NO_METHOD,-1,-1,0
L,B,SE_BAD_FIELD,org.jmeld.ui.action.MeldAction,isActionEnabledMethod,NO_METHOD,-1,-1,0
L,B,SE_BAD_FIELD,org.jmeld.ui.action.MeldAction,actionHandler,NO_METHOD,-1,-1,0
L,D,REC_CATCH_EXCEPTION,org.jmeld.ui.action.MeldAction,NO_FIELD,initMethods()V,55,55,0
M,V,EI_EXPOSE_REP2,org.jmeld.ui.SavePanelDialog,meldPanel,<init>(Lorg/jmeld/ui/JMeldPanel;)V,40,40,0
M,P,SBSC_USE_STRINGBUFFER_CONCATENATION,org.jmeld.ui.SavePanelDialog,NO_FIELD,getSavePanel()Ljavax/swing/JComponent;,133,133,0
M,V,EI_EXPOSE_REP,org.jmeld.settings.FilterSettings,filters,getFilters()Ljava/util/List;,67,67,0
L,D,REC_CATCH_EXCEPTION,org.jmeld.util.conf.ConfigurationPersister,NO_FIELD,load(Ljava/lang/Class;Ljava/io/File;)Lorg/jmeld/util/conf/AbstractConfiguration;,35,35,0
L,C,RpC_REPEATED_CONDITIONAL_TEST,org.apache.jmeld.tools.ant.util.FileUtils,NO_FIELD,normalize(Ljava/lang/String;)Ljava/io/File;,302,302,0
H,C,RV_ABSOLUTE_VALUE_OF_RANDOM_INT,org.apache.jmeld.tools.ant.util.FileUtils,NO_FIELD,createTempFile(Ljava/lang/String;Ljava/lang/String;Ljava/io/File;)Ljava/io/File;,478,478,0
M,V,MS_EXPOSE_REP,org.apache.jmeld.tools.ant.util.FileUtils,PRIMARY_INSTANCE,getFileUtils()Lorg/apache/jmeld/tools/ant/util/FileUtils;,122,122,0
M,D,RV_DONT_JUST_NULL_CHECK_READLINE,org.apache.jmeld.tools.ant.util.FileUtils,NO_FIELD,textEquals(Ljava/io/File;Ljava/io/File;)Z,623,623,0
M,B,RV_RETURN_VALUE_IGNORED_BAD_PRACTICE,org.apache.jmeld.tools.ant.util.FileUtils,NO_FIELD,setFileLastModified(Ljava/io/File;J)V,156,156,0
M,B,RV_RETURN_VALUE_IGNORED_BAD_PRACTICE,org.apache.jmeld.tools.ant.util.FileUtils,NO_FIELD,createNewFile(Ljava/io/File;Z)Z,730,730,0
M,B,RV_RETURN_VALUE_IGNORED_BAD_PRACTICE,org.apache.jmeld.tools.ant.util.FileUtils,NO_FIELD,delete(Ljava/io/File;)V,1041,1041,0
H,I,DM_DEFAULT_ENCODING,org.apache.jmeld.tools.ant.util.FileUtils,NO_FIELD,textEquals(Ljava/io/File;Ljava/io/File;)Z,611,611,0
H,B,HE_EQUALS_USE_HASHCODE,org.jmeld.ui.AbstractContentPanel,NO_FIELD,equals(Ljava/lang/Object;)Z,228,233,0
M,V,EI_EXPOSE_REP,org.jmeld.ui.AbstractContentPanel,undoManager,getUndoHandler()Lorg/jmeld/ui/AbstractContentPanel$MyUndoManager;,214,214,0
M,V,EI_EXPOSE_REP,org.jmeld.ui.search.SearchHits,searchHits,getSearchHits()Ljava/util/List;,43,43,0
M,V,MS_EXPOSE_REP,org.jmeld.util.conf.ConfigurationManager,instance,getInstance()Lorg/jmeld/util/conf/ConfigurationManager;,26,26,1
M,V,REFLC_REFLECTION_MAY_INCREASE_ACCESSIBILITY_OF_CLASS,org.jmeld.util.conf.ConfigurationManager,NO_FIELD,get(Ljava/lang/Class;)Lorg/jmeld/util/conf/AbstractConfiguration;,65,65,1
L,D,REC_CATCH_EXCEPTION,org.jmeld.vc.svn.SvnXmlCmd,NO_FIELD,build([B)V,31,31,1
M,V,EI_EXPOSE_REP2,org.jmeld.util.prefs.ComboBoxSelectionPreference,target,<init>(Ljava/lang/String;Ljavax/swing/JComboBox;)V,39,39,0
M,B,ES_COMPARING_STRINGS_WITH_EQ,org.jmeld.ui.util.SwingUtil,NO_FIELD,installKey(Ljavax/swing/JComponent;Ljava/lang/String;Lorg/jmeld/ui/action/MeldAction;)V,24,24,0
M,V,EI_EXPOSE_REP,org.jmeld.settings.JMeldSettings,folder,getFolder()Lorg/jmeld/settings/FolderSettings;,69,69,0
M,V,EI_EXPOSE_REP,org.jmeld.settings.JMeldSettings,filter,getFilter()Lorg/jmeld/settings/FilterSettings;,64,64,0
M,V,EI_EXPOSE_REP,org.jmeld.settings.JMeldSettings,editor,getEditor()Lorg/jmeld/settings/EditorSettings;,59,59,0
M,V,EI_EXPOSE_REP2,org.jmeld.ui.settings.SaveSettingsDialog,meldPanel,<init>(Lorg/jmeld/ui/JMeldPanel;)V,34,34,0
M,V,EI_EXPOSE_REP2,org.jmeld.ui.NewPanelDialog,meldPanel,<init>(Lorg/jmeld/ui/JMeldPanel;)V,75,75,1
M,D,SF_SWITCH_NO_DEFAULT,org.jmeld.ui.NewPanelDialog,NO_FIELD,show()V,93,105,1
L,P,UPM_UNCALLED_PRIVATE_METHOD,org.jmeld.ui.NewPanelDialog,NO_FIELD,getVersionControlPanel()Ljavax/swing/JComponent;,453,475,1
M,D,EQ_DOESNT_OVERRIDE_EQUALS,org.jmeld.util.node.FileNode,NO_FIELD,equals(Ljava/lang/Object;)Z,1,1,0
M,V,EI_EXPOSE_REP,org.jmeld.util.node.FileNode,document,getDocument()Lorg/jmeld/ui/text/FileDocument;,69,69,0
L,P,UPM_UNCALLED_PRIVATE_METHOD,org.jmeld.util.file.CompareUtil,NO_FIELD,contentEquals_old(Ljava/io/Reader;Ljava/io/Reader;Lorg/jmeld/util/Ignore;)Z,307,530,0
L,D,REC_CATCH_EXCEPTION,org.jmeld.util.file.CompareUtil,NO_FIELD,contentEquals(Lorg/jmeld/util/node/FileNode;Lorg/jmeld/util/node/FileNode;Lorg/jmeld/util/Ignore;)Z,124,124,0
M,V,EI_EXPOSE_REP2,org.jmeld.util.file.cmd.RemoveFileCmd,fileNode,<init>(Lorg/jmeld/util/node/JMDiffNode;Lorg/jmeld/util/node/FileNode;)V,19,19,0
M,V,EI_EXPOSE_REP2,org.jmeld.util.file.cmd.RemoveFileCmd,diffNode,<init>(Lorg/jmeld/util/node/JMDiffNode;Lorg/jmeld/util/node/FileNode;)V,18,18,0
L,B,SE_BAD_FIELD,org.jmeld.util.file.cmd.RemoveFileCmd,diffNode,NO_METHOD,-1,-1,0
L,B,SE_BAD_FIELD,org.jmeld.util.file.cmd.RemoveFileCmd,fileNode,NO_METHOD,-1,-1,0
M,B,THROWS_METHOD_THROWS_CLAUSE_BASIC_EXCEPTION,org.jmeld.util.file.cmd.RemoveFileCmd,NO_FIELD,createCommands()V,25,27,0
M,V,EI_EXPOSE_REP2,org.jmeld.util.file.cmd.CopyFileCmd,diffNode,<init>(Lorg/jmeld/util/node/JMDiffNode;Lorg/jmeld/util/node/FileNode;Lorg/jmeld/util/node/FileNode;)V,20,20,0
M,V,EI_EXPOSE_REP2,org.jmeld.util.file.cmd.CopyFileCmd,fromFileNode,<init>(Lorg/jmeld/util/node/JMDiffNode;Lorg/jmeld/util/node/FileNode;Lorg/jmeld/util/node/FileNode;)V,21,21,0
M,V,EI_EXPOSE_REP2,org.jmeld.util.file.cmd.CopyFileCmd,toFileNode,<init>(Lorg/jmeld/util/node/JMDiffNode;Lorg/jmeld/util/node/FileNode;Lorg/jmeld/util/node/FileNode;)V,22,22,0
L,B,SE_BAD_FIELD,org.jmeld.util.file.cmd.CopyFileCmd,diffNode,NO_METHOD,-1,-1,0
L,B,SE_BAD_FIELD,org.jmeld.util.file.cmd.CopyFileCmd,fromFileNode,NO_METHOD,-1,-1,0
L,B,SE_BAD_FIELD,org.jmeld.util.file.cmd.CopyFileCmd,toFileNode,NO_METHOD,-1,-1,0
M,B,THROWS_METHOD_THROWS_CLAUSE_BASIC_EXCEPTION,org.jmeld.util.file.cmd.CopyFileCmd,NO_FIELD,<init>(Lorg/jmeld/util/node/JMDiffNode;Lorg/jmeld/util/node/FileNode;Lorg/jmeld/util/node/FileNode;)V,19,23,0
M,B,THROWS_METHOD_THROWS_CLAUSE_BASIC_EXCEPTION,org.jmeld.util.file.cmd.CopyFileCmd,NO_FIELD,createCommands()V,32,46,0
M,V,EI_EXPOSE_REP,org.jmeld.util.node.JMDiffNode,children,getChildren()Ljava/util/List;,121,121,0
M,V,EI_EXPOSE_REP,org.jmeld.util.node.JMDiffNode,parent,getParent()Lorg/jmeld/util/node/JMDiffNode;,151,151,0
M,V,EI_EXPOSE_REP,org.jmeld.util.node.JMDiffNode,revision,getRevision()Lorg/jmeld/diff/JMRevision;,306,306,0
M,B,THROWS_METHOD_THROWS_CLAUSE_BASIC_EXCEPTION,org.jmeld.util.node.JMDiffNode,NO_FIELD,getCopyToRightCmd()Lorg/jmeld/util/file/cmd/AbstractCmd;,178,184,0
M,B,THROWS_METHOD_THROWS_CLAUSE_BASIC_EXCEPTION,org.jmeld.util.node.JMDiffNode,NO_FIELD,getCopyToLeftCmd()Lorg/jmeld/util/file/cmd/AbstractCmd;,191,197,0
M,B,THROWS_METHOD_THROWS_CLAUSE_BASIC_EXCEPTION,org.jmeld.util.node.JMDiffNode,NO_FIELD,getRemoveLeftCmd()Lorg/jmeld/util/file/cmd/AbstractCmd;,204,209,0
M,B,THROWS_METHOD_THROWS_CLAUSE_BASIC_EXCEPTION,org.jmeld.util.node.JMDiffNode,NO_FIELD,getRemoveRightCmd()Lorg/jmeld/util/file/cmd/AbstractCmd;,216,221,0
M,B,EQ_COMPARETO_USE_OBJECT_EQUALS,org.jmeld.ui.UINode,NO_FIELD,compareTo(Lorg/jmeld/ui/UINode;)I,167,167,1
M,V,EI_EXPOSE_REP2,org.jmeld.ui.UINode,treeTableModel,<init>(Lorg/jmeld/ui/swing/table/JMTreeTableModel;Lorg/jmeld/util/node/JMDiffNode;)V,26,26,0
M,V,EI_EXPOSE_REP2,org.jmeld.ui.UINode,treeTableModel,<init>(Lorg/jmeld/ui/swing/table/JMTreeTableModel;Ljava/lang/String;Z)V,37,37,1
M,V,EI_EXPOSE_REP,org.jmeld.ui.UINode,children,getChildren()Ljava/util/List;,78,78,1
M,V,EI_EXPOSE_REP,org.jmeld.ui.UINode,parent,getParent()Lorg/jmeld/ui/UINode;,112,112,1
M,V,EI_EXPOSE_REP2,org.jmeld.ui.UINode,diffNode,<init>(Lorg/jmeld/ui/swing/table/JMTreeTableModel;Lorg/jmeld/util/node/JMDiffNode;)V,27,27,1
M,V,EI_EXPOSE_REP,org.jmeld.ui.UINode,diffNode,getDiffNode()Lorg/jmeld/util/node/JMDiffNode;,49,49,1
L,B,SE_BAD_FIELD,org.jmeld.ui.swing.table.JMTreeTable,myTreeTableHacker,NO_METHOD,-1,-1,0
L,B,SE_BAD_FIELD_STORE,org.jmeld.ui.swing.table.JMTreeTable,myTreeTableHacker,NO_METHOD,88,88,0
L,V,MC_OVERRIDABLE_METHOD_CALL_IN_CONSTRUCTOR,org.jmeld.ui.swing.table.JMTreeTable,NO_FIELD,<init>()V,32,32,0
M,V,EI_EXPOSE_REP2,org.jmeld.ui.settings.SettingsPanel,mainPanel,<init>(Lorg/jmeld/ui/JMeldPanel;)V,36,36,0
L,V,MC_OVERRIDABLE_METHOD_CALL_IN_CONSTRUCTOR,org.jmeld.ui.settings.SettingsPanel,NO_FIELD,<init>(Lorg/jmeld/ui/JMeldPanel;)V,41,41,0
L,V,MC_OVERRIDABLE_METHOD_CALL_IN_CONSTRUCTOR,org.jmeld.ui.swing.DiffLabel,NO_FIELD,<init>()V,40,40,0
M,V,EI_EXPOSE_REP,org.jmeld.ui.JMeldPanel,tabbedPane,getTabbedPane()Lcom/jidesoft/swing/JideTabbedPane;,90,90,0
M,V,EI_EXPOSE_REP2,org.jmeld.ui.JMeldPanel,currentBarDialog,activateBarDialog(Lorg/jmeld/ui/AbstractBarDialog;)V,897,897,0
L,B,SE_BAD_FIELD,org.jmeld.ui.JMeldPanel,actions,NO_METHOD,-1,-1,0
L,B,SE_BAD_FIELD,org.jmeld.ui.JMeldPanel,SHOW_TOOLBAR_OPTION,NO_METHOD,-1,-1,0
L,B,SE_BAD_FIELD,org.jmeld.ui.JMeldPanel,SHOW_STATUSBAR_OPTION,NO_METHOD,-1,-1,0
L,B,SE_BAD_FIELD,org.jmeld.ui.JMeldPanel,SHOW_TABBEDPANE_OPTION,NO_METHOD,-1,-1,0
L,B,SE_BAD_FIELD,org.jmeld.ui.JMeldPanel,SHOW_FILE_TOOLBAR_OPTION,NO_METHOD,-1,-1,0
L,B,SE_BAD_FIELD,org.jmeld.ui.JMeldPanel,SHOW_FILE_STATUSBAR_OPTION,NO_METHOD,-1,-1,0
L,B,SE_BAD_FIELD,org.jmeld.ui.JMeldPanel,STANDALONE_INSTALLKEY_OPTION,NO_METHOD,-1,-1,0
L,B,SE_BAD_FIELD,org.jmeld.ui.JMeldPanel,actionHandler,NO_METHOD,-1,-1,0
M,V,EI_EXPOSE_REP2,org.jmeld.ui.swing.LineNumberBorder,filePanel,<init>(Lorg/jmeld/ui/FilePanel;)V,44,44,0
L,B,SE_BAD_FIELD,org.jmeld.ui.swing.LineNumberBorder,filePanel,NO_METHOD,-1,-1,0
L,D,UCF_USELESS_CONTROL_FLOW,org.jmeld.ui.swing.LineNumberBorder,NO_FIELD,paintAfter(Ljava/awt/Graphics;II)V,109,109,0
L,D,BC_UNCONFIRMED_CAST,org.jmeld.ui.swing.LineNumberBorder,NO_FIELD,paintAfter(Ljava/awt/Graphics;II)V,92,92,0
L,B,SE_BAD_FIELD,org.jmeld.ui.FolderDiffPanel,actionHandler,NO_METHOD,-1,-1,0
L,D,DLS_DEAD_LOCAL_STORE,org.jmeld.ui.FolderDiffPanel,NO_FIELD,filter(Lorg/jmeld/util/node/JMDiffNode;)Lorg/jdesktop/swingx/treetable/TreeTableNode;,284,284,1
L,B,SW_SWING_METHODS_INVOKED_IN_SWING_THREAD,org.jmeld.ui.JMTreeDelta,NO_FIELD,main([Ljava/lang/String;)V,62,62,0
H,I,DM_DEFAULT_ENCODING,org.jmeld.ui.JMTreeDelta,NO_FIELD,main([Ljava/lang/String;)V,40,40,0
M,D,ST_WRITE_TO_STATIC_FROM_INSTANCE_METHOD,org.jmeld.JMeld,jmeldPanel,run()V,51,51,1
M,V,MS_EXPOSE_REP,org.jmeld.JMeld,jmeldPanel,getJMeldPanel()Lorg/jmeld/ui/JMeldPanel;,42,42,0
M,V,EI_EXPOSE_REP2,org.jmeld.ui.text.VersionControlBaseDocument,fileNode,<init>(Lorg/jmeld/vc/VersionControlIF;Lorg/jmeld/vc/StatusResult$Entry;Lorg/jmeld/util/node/FileNode;Ljava/io/File;)V,46,46,1
L,B,NM_FIELD_NAMING_CONVENTION,org.apache.commons.jrcs.diff.Delta,DeltaClass,NO_METHOD,-1,-1,0
M,V,EI_EXPOSE_REP2,org.jmeld.ui.swing.JMHighlighter,component,install(Ljavax/swing/text/JTextComponent;)V,129,129,0
M,D,EQ_DOESNT_OVERRIDE_EQUALS,org.jmeld.util.node.VersionControlBaseNode,NO_FIELD,equals(Ljava/lang/Object;)Z,1,1,0
M,V,EI_EXPOSE_REP2,org.jmeld.util.node.VersionControlBaseNode,fileNode,<init>(Lorg/jmeld/vc/VersionControlIF;Lorg/jmeld/vc/StatusResult$Entry;Lorg/jmeld/util/node/FileNode;Ljava/io/File;)V,43,43,1
M,V,EI_EXPOSE_REP,org.jmeld.util.node.VersionControlBaseNode,document,getDocument()Lorg/jmeld/ui/text/VersionControlBaseDocument;,76,76,1
M,V,EI_EXPOSE_REP,org.jmeld.util.file.VersionControlDiff,rootNode,getRootNode()Lorg/jmeld/util/node/JMDiffNode;,59,59,1
M,V,EI_EXPOSE_REP2,org.jmeld.ui.BufferDiffPanel,diffNode,setDiffNode(Lorg/jmeld/util/node/JMDiffNode;)V,81,81,1
M,V,EI_EXPOSE_REP,org.jmeld.ui.BufferDiffPanel,selectedDelta,getSelectedDelta()Lorg/jmeld/diff/JMDelta;,975,975,0
L,B,SE_BAD_FIELD,org.jmeld.ui.BufferDiffPanel,filePanels,NO_METHOD,-1,-1,0
L,B,SE_BAD_FIELD,org.jmeld.ui.BufferDiffPanel,diffNode,NO_METHOD,-1,-1,0
L,B,SE_BAD_FIELD,org.jmeld.ui.BufferDiffPanel,currentRevision,NO_METHOD,-1,-1,0
L,B,SE_BAD_FIELD,org.jmeld.ui.BufferDiffPanel,selectedDelta,NO_METHOD,-1,-1,0
L,B,SE_BAD_FIELD,org.jmeld.ui.BufferDiffPanel,scrollSynchronizer,NO_METHOD,-1,-1,0
L,B,SE_BAD_FIELD,org.jmeld.ui.BufferDiffPanel,diff,NO_METHOD,-1,-1,0
M,D,DLS_DEAD_LOCAL_STORE,org.jmeld.ui.BufferDiffPanel,NO_FIELD,runDelete(II)V,708,708,0
L,B,SE_BAD_FIELD,org.jmeld.ui.VersionControlPanel,actionHandler,NO_METHOD,-1,-1,0
M,V,EI_EXPOSE_REP,org.jmeld.ui.FilePanel,editor,getEditor()Ljavax/swing/JTextArea;,137,137,0
M,V,EI_EXPOSE_REP,org.jmeld.ui.FilePanel,bufferDocument,getBufferDocument()Lorg/jmeld/ui/text/BufferDocumentIF;,141,141,0
M,V,EI_EXPOSE_REP2,org.jmeld.ui.FilePanel,bufferDocument,setBufferDocument(Lorg/jmeld/ui/text/BufferDocumentIF;)V,164,164,0
M,D,RCN_REDUNDANT_NULLCHECK_OF_NONNULL_VALUE,org.apache.commons.jrcs.diff.myers.MyersDiff,NO_FIELD,isEmpty(Ljava/lang/Object;)Z,236,236,0
L,P,UPM_UNCALLED_PRIVATE_METHOD,org.apache.commons.jrcs.diff.myers.MyersDiff,NO_FIELD,isEmpty(Ljava/lang/Object;)Z,229,236,0
L,I,DM_CONVERT_CASE,org.apache.jmeld.tools.ant.DirectoryScanner,NO_FIELD,isIncluded(Ljava/lang/String;)Z,1026,1026,0
L,I,DM_CONVERT_CASE,org.apache.jmeld.tools.ant.DirectoryScanner,NO_FIELD,isExcluded(Ljava/lang/String;)Z,1133,1133,0
L,I,DM_CONVERT_CASE,org.apache.jmeld.tools.ant.DirectoryScanner,NO_FIELD,fillNonPatternSet(Ljava/util/List;Ljava/util/List;)Ljava/util/List;,1505,1505,0
M,V,EI_EXPOSE_REP,org.apache.jmeld.tools.ant.DirectoryScanner,filesIncludedMap,getIncludedFilesMap()Ljava/util/Map;,1181,1181,0
M,V,EI_EXPOSE_REP,org.apache.jmeld.tools.ant.DirectoryScanner,dirsIncludedMap,getIncludedDirectoriesMap()Ljava/util/Map;,1259,1259,0
M,V,EI_EXPOSE_REP,org.apache.jmeld.tools.ant.DirectoryScanner,filesExcluded,getExcludedFiles()Ljava/util/List;,1223,1223,0
M,V,EI_EXPOSE_REP,org.apache.jmeld.tools.ant.DirectoryScanner,filesIncluded,getIncludedFiles()Ljava/util/List;,1177,1177,0
M,V,EI_EXPOSE_REP,org.apache.jmeld.tools.ant.DirectoryScanner,filesNotIncluded,getNotIncludedFiles()Ljava/util/List;,1208,1208,0
M,V,EI_EXPOSE_REP,org.apache.jmeld.tools.ant.DirectoryScanner,dirsNotIncluded,getNotIncludedDirectories()Ljava/util/List;,1286,1286,0
M,V,EI_EXPOSE_REP2,org.apache.jmeld.tools.ant.DirectoryScanner,selectors,setSelectors([Lorg/apache/jmeld/tools/ant/types/selectors/FileSelector;)V,618,618,0
M,V,EI_EXPOSE_REP,org.apache.jmeld.tools.ant.DirectoryScanner,dirsIncluded,getIncludedDirectories()Ljava/util/List;,1255,1255,0
M,V,EI_EXPOSE_REP,org.apache.jmeld.tools.ant.DirectoryScanner,dirsExcluded,getExcludedDirectories()Ljava/util/List;,1301,1301,0
M,M,MWN_MISMATCHED_NOTIFY,org.apache.jmeld.tools.ant.DirectoryScanner,NO_FIELD,scan()V,701,701,0
L,M,MWN_MISMATCHED_NOTIFY,org.apache.jmeld.tools.ant.DirectoryScanner,NO_FIELD,slowScan()V,858,858,0
M,V,EI_EXPOSE_REP2,org.jmeld.ui.RevisionBar,diffPanel,<init>(Lorg/jmeld/ui/BufferDiffPanel;Lorg/jmeld/ui/FilePanel;Z)V,44,44,0
M,V,EI_EXPOSE_REP2,org.jmeld.ui.RevisionBar,filePanel,<init>(Lorg/jmeld/ui/BufferDiffPanel;Lorg/jmeld/ui/FilePanel;Z)V,45,45,0
L,B,SE_BAD_FIELD,org.jmeld.ui.RevisionBar,filePanel,NO_METHOD,-1,-1,0
L,D,BC_UNCONFIRMED_CAST,org.jmeld.ui.RevisionBar,NO_FIELD,paintComponent(Ljava/awt/Graphics;)V,167,167,0
M,B,OS_OPEN_STREAM,org.apache.commons.jrcs.tools.JDiff,NO_FIELD,loadFile(Ljava/lang/String;)[Ljava/lang/String;,82,82,0
H,I,DM_DEFAULT_ENCODING,org.apache.commons.jrcs.tools.JDiff,NO_FIELD,loadFile(Ljava/lang/String;)[Ljava/lang/String;,82,82,0
M,B,THROWS_METHOD_THROWS_CLAUSE_BASIC_EXCEPTION,org.apache.commons.jrcs.tools.JDiff,NO_FIELD,main([Ljava/lang/String;)V,102,134,0
M,V,EI_EXPOSE_REP2,org.jmeld.ui.NewVersionControlComparisonPanel,mainPanel,<init>(Lorg/jmeld/ui/JMeldPanel;Ljava/io/File;)V,25,25,1
L,D,REC_CATCH_EXCEPTION,org.jmeld.ui.NewVersionControlComparisonPanel,NO_FIELD,done()V,82,82,0
M,B,THROWS_METHOD_THROWS_CLAUSE_BASIC_EXCEPTION,org.jmeld.ui.NewVersionControlComparisonPanel,NO_FIELD,doInBackground()Ljava/lang/Object;,17,17,1
L,D,REC_CATCH_EXCEPTION,org.jmeld.ui.dnd.DragAndDropPanel$3,NO_FIELD,mousePressed(Ljava/awt/event/MouseEvent;)V,255,255,0
L,M,LI_LAZY_INIT_STATIC,org.jmeld.ui.util.LookAndFeelManager,instance,getInstance()Lorg/jmeld/ui/util/LookAndFeelManager;,24,25,0
M,D,REC_CATCH_EXCEPTION,org.jmeld.ui.util.LookAndFeelManager,NO_FIELD,install()V,66,66,0
M,V,EI_EXPOSE_REP2,org.jmeld.ui.ScrollSynchronizer,filePanelRight,<init>(Lorg/jmeld/ui/BufferDiffPanel;Lorg/jmeld/ui/FilePanel;Lorg/jmeld/ui/FilePanel;)V,45,45,0
M,V,EI_EXPOSE_REP2,org.jmeld.ui.ScrollSynchronizer,filePanelLeft,<init>(Lorg/jmeld/ui/BufferDiffPanel;Lorg/jmeld/ui/FilePanel;Lorg/jmeld/ui/FilePanel;)V,44,44,0
M,V,EI_EXPOSE_REP2,org.jmeld.ui.ScrollSynchronizer,diffPanel,<init>(Lorg/jmeld/ui/BufferDiffPanel;Lorg/jmeld/ui/FilePanel;Lorg/jmeld/ui/FilePanel;)V,43,43,0
L,D,DLS_DEAD_LOCAL_STORE,org.jmeld.ui.ScrollSynchronizer,NO_FIELD,getCurrentLineCenter(Lorg/jmeld/ui/FilePanel;)I,213,213,0
L,V,MC_OVERRIDABLE_METHOD_CALL_IN_CONSTRUCTOR,org.jmeld.ui.settings.FolderSettingsPanel,NO_FIELD,<init>()V,28,28,0
L,V,MC_OVERRIDABLE_METHOD_CALL_IN_CONSTRUCTOR,org.jmeld.ui.settings.FilterSettingsPanel,NO_FIELD,<init>()V,41,41,0
L,V,MC_OVERRIDABLE_METHOD_CALL_IN_CONSTRUCTOR,org.jmeld.ui.settings.EditorSettingsPanel,NO_FIELD,<init>()V,45,45,0
M,V,EI_EXPOSE_REP2,org.jmeld.util.prefs.FileChooserPreference,target,<init>(Ljava/lang/String;Ljavax/swing/JFileChooser;)V,36,36,0
M,V,EI_EXPOSE_REP,org.jmeld.util.file.DirectoryDiff,rootNode,getRootNode()Lorg/jmeld/util/node/JMDiffNode;,63,63,0
M,V,EI_EXPOSE_REP2,org.jmeld.util.file.DirectoryDiff,filter,<init>(Ljava/io/File;Ljava/io/File;Lorg/jmeld/settings/util/Filter;Lorg/jmeld/util/file/FolderDiff$Mode;)V,46,46,0
M,V,EI_EXPOSE_REP2,org.jmeld.ui.DiffScrollComponent,diffPanel,<init>(Lorg/jmeld/ui/BufferDiffPanel;II)V,53,53,1
M,D,DLS_DEAD_LOCAL_STORE,org.jmeld.ui.DiffScrollComponent,NO_FIELD,paintComponent(Ljava/awt/Graphics;)V,172,172,1
M,D,DLS_DEAD_LOCAL_STORE,org.jmeld.ui.DiffScrollComponent,NO_FIELD,paintComponent(Ljava/awt/Graphics;)V,170,170,1
L,D,BC_UNCONFIRMED_CAST,org.jmeld.ui.DiffScrollComponent,NO_FIELD,paintComponent(Ljava/awt/Graphics;)V,164,164,1
L,V,MC_OVERRIDABLE_METHOD_CALL_IN_CONSTRUCTOR,org.jmeld.ui.DiffScrollComponent,NO_FIELD,<init>(Lorg/jmeld/ui/BufferDiffPanel;II)V,62,62,1
L,V,MC_OVERRIDABLE_METHOD_CALL_IN_CONSTRUCTOR,org.jmeld.ui.DiffScrollComponent,NO_FIELD,<init>(Lorg/jmeld/ui/BufferDiffPanel;II)V,57,57,1
L,V,MC_OVERRIDABLE_METHOD_CALL_IN_CONSTRUCTOR,org.jmeld.ui.DiffScrollComponent,NO_FIELD,<init>(Lorg/jmeld/ui/BufferDiffPanel;II)V,64,64,1
M,B,THROWS_METHOD_THROWS_CLAUSE_BASIC_EXCEPTION,org.jmeld.util.file.cmd.RemoveFileCmd$ResetCommand,NO_FIELD,execute()V,108,109,0
M,V,EI_EXPOSE_REP2,org.jmeld.ui.util.TabIcon,tabbedPane,paintIcon(Ljava/awt/Component;Ljava/awt/Graphics;II)V,167,167,0
L,D,DLS_DEAD_LOCAL_STORE,org.jmeld.ui.util.TabIcon,NO_FIELD,paintIcon(Ljava/awt/Component;Ljava/awt/Graphics;II)V,222,222,0
L,D,BC_UNCONFIRMED_CAST,org.jmeld.ui.util.TabIcon,NO_FIELD,paintIcon(Ljava/awt/Component;Ljava/awt/Graphics;II)V,167,167,0
L,D,BC_UNCONFIRMED_CAST,org.jmeld.ui.util.TabIcon,NO_FIELD,paintIcon(Ljava/awt/Component;Ljava/awt/Graphics;II)V,161,161,0
M,V,EI_EXPOSE_REP,org.jmeld.vc.svn.DiffData,targetList,getTargetList()Ljava/util/List;,41,41,0
M,D,SF_SWITCH_NO_DEFAULT,org.jmeld.vc.bzr.StatusCmd,NO_FIELD,build([B)V,74,84,0
H,I,DM_DEFAULT_ENCODING,org.jmeld.vc.bzr.StatusCmd,NO_FIELD,build([B)V,57,57,0
M,V,EI_EXPOSE_REP2,org.jmeld.ui.NewDirectoryComparisonPanel,filter,<init>(Lorg/jmeld/ui/JMeldPanel;Ljava/io/File;Ljava/io/File;Lorg/jmeld/settings/util/Filter;)V,30,30,0
M,V,EI_EXPOSE_REP2,org.jmeld.ui.NewDirectoryComparisonPanel,mainPanel,<init>(Lorg/jmeld/ui/JMeldPanel;Ljava/io/File;Ljava/io/File;Lorg/jmeld/settings/util/Filter;)V,27,27,0
L,D,REC_CATCH_EXCEPTION,org.jmeld.ui.NewDirectoryComparisonPanel,NO_FIELD,done()V,100,100,0
M,B,THROWS_METHOD_THROWS_CLAUSE_BASIC_EXCEPTION,org.jmeld.ui.NewDirectoryComparisonPanel,NO_FIELD,doInBackground()Ljava/lang/Object;,17,17,1
H,P,DM_BOXED_PRIMITIVE_FOR_PARSING,org.jmeld.vc.svn.DiffCmd,NO_FIELD,readDelta()Lorg/jmeld/diff/JMDelta;,125,125,0
H,I,DM_DEFAULT_ENCODING,org.jmeld.vc.svn.DiffCmd,NO_FIELD,build([B)V,43,43,0
L,V,MC_OVERRIDABLE_METHOD_CALL_IN_CONSTRUCTOR,org.jmeld.ui.swing.JMHighlightPainter,NO_FIELD,<init>(Ljava/awt/Color;Z)V,77,77,1
M,D,SF_SWITCH_NO_DEFAULT,org.jmeld.vc.hg.StatusCmd,NO_FIELD,build([B)V,51,75,0
H,I,DM_DEFAULT_ENCODING,org.jmeld.vc.hg.StatusCmd,NO_FIELD,build([B)V,39,39,0
M,D,RCN_REDUNDANT_NULLCHECK_OF_NONNULL_VALUE,org.jmeld.ui.RevisionBar$1,NO_FIELD,mouseClicked(Ljava/awt/event/MouseEvent;)V,75,75,0
M,B,NM_METHOD_NAMING_CONVENTION,org.apache.commons.jrcs.diff.AddDelta,NO_FIELD,Accept(Lorg/apache/commons/jrcs/diff/RevisionVisitor;)V,118,119,0
M,V,EI_EXPOSE_REP2,org.jmeld.ui.NewFileComparisonPanel,mainPanel,<init>(Lorg/jmeld/ui/JMeldPanel;Ljava/io/File;Ljava/io/File;Z)V,34,34,0
M,V,EI_EXPOSE_REP2,org.jmeld.ui.NewFileComparisonPanel,diffNode,<init>(Lorg/jmeld/ui/JMeldPanel;Lorg/jmeld/util/node/JMDiffNode;Z)V,29,29,0
M,V,EI_EXPOSE_REP2,org.jmeld.ui.NewFileComparisonPanel,mainPanel,<init>(Lorg/jmeld/ui/JMeldPanel;Lorg/jmeld/util/node/JMDiffNode;Z)V,28,28,0
L,D,REC_CATCH_EXCEPTION,org.jmeld.ui.NewFileComparisonPanel,NO_FIELD,done()V,110,110,0
M,B,THROWS_METHOD_THROWS_CLAUSE_BASIC_EXCEPTION,org.jmeld.ui.NewFileComparisonPanel,NO_FIELD,doInBackground()Ljava/lang/Object;,17,17,1
L,B,SW_SWING_METHODS_INVOKED_IN_SWING_THREAD,org.jmeld.ui.JMeldComponent,NO_FIELD,main([Ljava/lang/String;)V,77,77,1
L,D,RCN_REDUNDANT_NULLCHECK_OF_NONNULL_VALUE,org.jmeld.util.prefs.DirectoryChooserPreference,NO_FIELD,save()V,66,66,0
M,V,EI_EXPOSE_REP2,org.jmeld.util.prefs.DirectoryChooserPreference,target,<init>(Ljava/lang/String;Ljavax/swing/JFileChooser;Ljava/lang/String;)V,37,37,0
M,V,EI_EXPOSE_REP2,org.jmeld.ui.FilePanelBar,filePanel,<init>(Lorg/jmeld/ui/FilePanel;)V,36,36,0
L,B,SE_BAD_FIELD,org.jmeld.ui.FilePanelBar,filePanel,NO_METHOD,-1,-1,0
M,D,DLS_DEAD_LOCAL_STORE,org.jmeld.ui.search.SearchBarDialog$2,NO_FIELD,actionPerformed(Ljava/awt/event/ActionEvent;)V,174,174,0
M,V,EI_EXPOSE_REP,org.jmeld.ui.text.AbstractBufferDocument,document,getDocument()Ljavax/swing/text/PlainDocument;,85,85,0
M,V,EI_EXPOSE_REP,org.jmeld.ui.text.AbstractBufferDocument,lineArray,getLines()[Lorg/jmeld/ui/text/AbstractBufferDocument$Line;,95,95,0
M,D,DLS_DEAD_LOCAL_STORE,org.jmeld.ui.text.AbstractBufferDocument,NO_FIELD,documentChanged(Ljavax/swing/event/DocumentEvent;)V,491,491,0
L,D,SA_FIELD_DOUBLE_ASSIGNMENT,org.jmeld.ui.ScrollSynchronizer$1,insideScroll,adjustmentValueChanged(Ljava/awt/event/AdjustmentEvent;)V,382,382,0
M,D,SF_SWITCH_NO_DEFAULT,org.jmeld.vc.git.StatusCmd,NO_FIELD,build([B)V,68,78,1
H,I,DM_DEFAULT_ENCODING,org.jmeld.vc.git.StatusCmd,NO_FIELD,build([B)V,51,51,1
M,P,SIC_INNER_SHOULD_BE_STATIC,org.jmeld.diff.JMDiff$JMString,NO_FIELD,NO_METHOD,273,293,0
L,P,SIC_INNER_SHOULD_BE_STATIC_ANON,org.jmeld.ui.settings.SettingsPanelForm,NO_FIELD,initComponents()V,49,49,0
M,P,SIC_INNER_SHOULD_BE_STATIC,org.jmeld.ui.BufferDiffPanel$Zoom,NO_FIELD,NO_METHOD,939,939,0
M,P,SIC_INNER_SHOULD_BE_STATIC,org.jmeld.diff.EclipseDiff$RangeComparator,NO_FIELD,NO_METHOD,71,110,0
L,P,SIC_INNER_SHOULD_BE_STATIC_ANON,org.jmeld.ui.FilePanel,NO_FIELD,getFileBoxAction()Ljava/awt/event/ActionListener;,456,456,0
M,P,URF_UNREAD_FIELD,org.jmeld.util.prefs.ComboBoxSelectionPreference,maxItems,NO_METHOD,33,33,0
M,P,SIC_INNER_SHOULD_BE_STATIC,org.jmeld.util.JaxbPersister$Context,NO_FIELD,NO_METHOD,105,132,0
M,P,UUF_UNUSED_FIELD,org.jmeld.ui.ScrollSynchronizer$2,counter,NO_METHOD,-1,-1,0
M,P,SIC_INNER_SHOULD_BE_STATIC,org.jmeld.ui.swing.table.JMTableModel$Column,NO_FIELD,NO_METHOD,151,223,0
M,P,SIC_INNER_SHOULD_BE_STATIC,org.jmeld.vc.StatusResult$Entry,NO_FIELD,NO_METHOD,44,88,1
M,P,SIC_INNER_SHOULD_BE_STATIC,org.jmeld.ui.swing.table.JMTreeTableModel$Column,NO_FIELD,NO_METHOD,106,166,0
M,P,SIC_INNER_SHOULD_BE_STATIC,org.jmeld.ui.swing.JMHighlighter$HighlightInfo,NO_FIELD,NO_METHOD,254,269,0
M,P,SIC_INNER_SHOULD_BE_STATIC,org.gnu.diff.Diff$Partition,NO_FIELD,NO_METHOD,1042,1042,0
M,P,URF_UNREAD_FIELD,org.jmeld.ui.FolderDiffTreeTableModel,sepColumn,NO_METHOD,42,42,0
L,P,SIC_INNER_SHOULD_BE_STATIC_ANON,org.jmeld.ui.VersionControlPanel,NO_FIELD,init()V,49,49,1
M,P,SIC_INNER_SHOULD_BE_STATIC,org.jmeld.ui.action.Actions$Action,NO_FIELD,NO_METHOD,51,64,1
M,P,URF_UNREAD_FIELD,org.jmeld.vc.hg.ActiveCmd,file,NO_METHOD,16,16,0
M,P,SIC_INNER_SHOULD_BE_STATIC,org.jmeld.ui.FolderDiffPanel$CollectDiffNodeLeaf,NO_FIELD,NO_METHOD,671,693,1
L,P,SIC_INNER_SHOULD_BE_STATIC_ANON,org.jmeld.ui.BufferDiffPanel,levensteinGraph,buildLevenstheinTable()Ljavax/swing/JComponent;,295,295,1
M,P,UUF_UNUSED_FIELD,org.gnu.diff.Diff,cost,NO_METHOD,-1,-1,0
M,P,URF_UNREAD_FIELD,org.jmeld.util.file.FolderDiff,mode,NO_METHOD,38,38,0
M,P,SIC_INNER_SHOULD_BE_STATIC,org.jmeld.ui.help.HelpPanel$HelpURI,NO_FIELD,NO_METHOD,52,64,0
L,D,UWF_FIELD_NOT_INITIALIZED_IN_CONSTRUCTOR,org.jmeld.ui.swing.JMHighlighter$HighlightInfo,p0,getStartOffset()I,261,261,0
L,D,UWF_FIELD_NOT_INITIALIZED_IN_CONSTRUCTOR,org.jmeld.ui.swing.JMHighlighter$HighlightInfo,p1,getEndOffset()I,265,265,0
L,D,UWF_FIELD_NOT_INITIALIZED_IN_CONSTRUCTOR,org.eclipse.compare.rangedifferencer.RangeComparatorLCS,lcs,setLcs(II)V,63,63,0
L,D,UWF_FIELD_NOT_INITIALIZED_IN_CONSTRUCTOR,org.eclipse.compare.rangedifferencer.RangeComparatorLCS,lcs,getDifferences()[Lorg/eclipse/compare/rangedifferencer/RangeDifference;,85,85,0
L,D,UWF_FIELD_NOT_INITIALIZED_IN_CONSTRUCTOR,org.jmeld.vc.svn.DiffCmd,reader,readLine()Ljava/lang/String;,175,175,0
L,D,UWF_FIELD_NOT_INITIALIZED_IN_CONSTRUCTOR,org.jmeld.ui.text.AbstractBufferDocument,content,createDigest()I,473,473,0
H,V,MS_SHOULD_BE_FINAL,org.jmeld.ui.util.FontUtil,defaultTextAreaFont,NO_METHOD,8,8,0
M,V,MS_SHOULD_BE_FINAL,org.jmeld.util.DiffUtil,debug,NO_METHOD,26,26,0
H,V,MS_SHOULD_BE_FINAL,org.jmeld.ui.action.MeldAction,LARGE_ICON_KEY,NO_METHOD,31,31,0
L,V,MS_SHOULD_BE_FINAL,org.jmeld.settings.JMeldSettings,instance,NO_METHOD,-1,-1,0
M,B,NM_VERY_CONFUSING_INTENTIONAL,org.jmeld.ui.BufferDiffPanel,NO_FIELD,doGotoLine(I)V,828,856,0
L,B,NM_CONFUSING,org.apache.commons.jrcs.diff.AddDelta,NO_FIELD,Accept(Lorg/apache/commons/jrcs/diff/RevisionVisitor;)V,118,119,0
M,M,IS2_INCONSISTENT_SYNC,org.apache.jmeld.tools.ant.DirectoryScanner,illegal,NO_METHOD,654,654,0
M,M,IS2_INCONSISTENT_SYNC,org.jdesktop.swingworker.SwingWorker,doProcess,NO_METHOD,402,402,0
M,M,IS2_INCONSISTENT_SYNC,org.jdesktop.swingworker.SwingWorker,doNotifyProgressChange,NO_METHOD,491,491,0
