L,D,NP_PARAMETER_MUST_BE_NONNULL_BUT_MARKED_AS_NULLABLE,com.metamx.common.parsers.RegexParser$1,NO_FIELD,apply(Ljava/lang/String;)Ljava/lang/Object;,59,68,0,-1.0,-1.0,-1.0,-1.0
M,B,THROWS_METHOD_THROWS_CLAUSE_BASIC_EXCEPTION,com.metamx.common.guava.ExecutorExecutingSequence$2,NO_FIELD,call()Lcom/metamx/common/guava/Yielder;,76,76,0,-1.0,-1.0,-1.0,-1.0
M,B,THROWS_METHOD_THROWS_CLAUSE_BASIC_EXCEPTION,com.metamx.common.guava.ExecutorExecutingSequence$2,NO_FIELD,call()Ljava/lang/Object;,72,72,0,-1.0,-1.0,-1.0,-1.0
M,B,THROWS_METHOD_THROWS_CLAUSE_BASIC_EXCEPTION,com.metamx.common.guava.ExecutorExecutingSequence$1,NO_FIELD,call()Ljava/lang/Object;,52,52,0,-1.0,-1.0,-1.0,-1.0
M,D,NP_PARAMETER_MUST_BE_NONNULL_BUT_MARKED_AS_NULLABLE,com.metamx.common.io.smoosh.Smoosh$1,NO_FIELD,apply(Ljava/io/File;)Ljava/lang/String;,48,48,0,-1.0,-1.0,-1.0,-1.0
M,V,EI_EXPOSE_REP2,com.metamx.common.guava.DroppingIterator,delegate,<init>(Ljava/util/Iterator;I)V,34,34,0,0.0,1.0,0.9426875869414488,1.0000000000000002
M,D,NP_PARAMETER_MUST_BE_NONNULL_BUT_MARKED_AS_NULLABLE,com.metamx.common.JodaUtils$1,NO_FIELD,apply(Lorg/joda/time/Interval;)Z,92,92,0,-1.0,-1.0,-1.0,-1.0
M,V,EI_EXPOSE_REP2,com.metamx.common.guava.IteratorWithBaggage,baseIter,<init>(Ljava/util/Iterator;Ljava/io/Closeable;)V,37,37,0,0.0,1.0,0.9426875869414488,1.0000000000000002
M,V,EI_EXPOSE_REP2,com.metamx.common.guava.nary.BinaryTransformIterator,lhsIter,<init>(Ljava/util/Iterator;Ljava/util/Iterator;Lcom/metamx/common/guava/nary/BinaryFn;)V,41,41,0,0.0,1.0,0.9426875869414488,1.0000000000000002
M,V,EI_EXPOSE_REP2,com.metamx.common.guava.nary.BinaryTransformIterator,rhsIter,<init>(Ljava/util/Iterator;Ljava/util/Iterator;Lcom/metamx/common/guava/nary/BinaryFn;)V,42,42,0,0.0,1.0,0.9426875869414488,1.0000000000000002
L,B,SE_NO_SERIALVERSIONID,com.metamx.common.guava.DefaultingHashMap,NO_FIELD,NO_METHOD,32,46,0,-1.0,-1.0,-1.0,-1.0
M,B,OS_OPEN_STREAM,com.metamx.common.Props,NO_FIELD,fromFilename(Ljava/lang/String;)Ljava/util/Properties;,27,27,0,0.0,0.0,0.0,0.0
M,X,OBL_UNSATISFIED_OBLIGATION,com.metamx.common.Props,NO_FIELD,fromFilename(Ljava/lang/String;)Ljava/util/Properties;,27,27,0,0.0,0.0,0.18062796273651335,0.0
M,B,THROWS_METHOD_THROWS_RUNTIMEEXCEPTION,com.metamx.common.guava.ExecutorExecutingSequence,NO_FIELD,accumulate(Ljava/lang/Object;Lcom/metamx/common/guava/Accumulator;)Ljava/lang/Object;,46,63,0,0.0,0.0,0.4362201450933752,0.4953415569913199
M,B,THROWS_METHOD_THROWS_RUNTIMEEXCEPTION,com.metamx.common.guava.ExecutorExecutingSequence,NO_FIELD,toYielder(Ljava/lang/Object;Lcom/metamx/common/guava/YieldingAccumulator;)Lcom/metamx/common/guava/Yielder;,70,87,0,0.0,0.0,0.4121869975911928,0.4512332840071391
L,D,NP_PARAMETER_MUST_BE_NONNULL_BUT_MARKED_AS_NULLABLE,com.metamx.common.collect.CountingMap$1,NO_FIELD,apply(Ljava/util/concurrent/atomic/AtomicLong;)Ljava/lang/Long;,50,50,0,-1.0,-1.0,-1.0,-1.0
M,D,NP_PARAMETER_MUST_BE_NONNULL_BUT_MARKED_AS_NULLABLE,com.metamx.common.guava.Fns$2,NO_FIELD,apply(Ljava/util/Map;)Ljava/lang/Object;,45,45,0,-1.0,-1.0,-1.0,-1.0
M,D,NP_PARAMETER_MUST_BE_NONNULL_BUT_MARKED_AS_NULLABLE,com.metamx.common.guava.Fns$1,NO_FIELD,apply(Ljava/lang/String;)[Ljava/lang/String;,33,33,0,-1.0,-1.0,-1.0,-1.0
L,D,NP_PARAMETER_MUST_BE_NONNULL_BUT_MARKED_AS_NULLABLE,com.metamx.common.parsers.CSVParser$1,NO_FIELD,apply(Ljava/lang/String;)Ljava/lang/Object;,53,61,0,-1.0,-1.0,-1.0,-1.0
M,V,EI_EXPOSE_REP2,com.metamx.common.guava.nary.TrinaryTransformIterator,iterator2,<init>(Ljava/util/Iterator;Ljava/util/Iterator;Ljava/util/Iterator;Lcom/metamx/common/guava/nary/TrinaryFn;)V,49,49,0,0.0,1.0,0.9426875869414488,1.0000000000000002
M,V,EI_EXPOSE_REP2,com.metamx.common.guava.nary.TrinaryTransformIterator,iterator1,<init>(Ljava/util/Iterator;Ljava/util/Iterator;Ljava/util/Iterator;Lcom/metamx/common/guava/nary/TrinaryFn;)V,48,48,0,0.0,1.0,0.9426875869414488,1.0000000000000002
M,V,EI_EXPOSE_REP2,com.metamx.common.guava.nary.TrinaryTransformIterator,iterator3,<init>(Ljava/util/Iterator;Ljava/util/Iterator;Ljava/util/Iterator;Lcom/metamx/common/guava/nary/TrinaryFn;)V,50,50,0,0.0,1.0,0.9426875869414488,1.0000000000000002
M,B,THROWS_METHOD_THROWS_CLAUSE_BASIC_EXCEPTION,com.metamx.common.guava.ExecutorExecutingSequence$3$1,NO_FIELD,call()Lcom/metamx/common/guava/Yielder;,110,110,0,-1.0,-1.0,-1.0,-1.0
M,B,THROWS_METHOD_THROWS_CLAUSE_BASIC_EXCEPTION,com.metamx.common.guava.ExecutorExecutingSequence$3$1,NO_FIELD,call()Ljava/lang/Object;,106,106,0,-1.0,-1.0,-1.0,-1.0
M,B,THROWS_METHOD_THROWS_RUNTIMEEXCEPTION,com.metamx.common.lifecycle.Lifecycle$StartCloseHandler,NO_FIELD,<init>(Ljava/lang/Object;)V,386,395,0,-1.0,-1.0,-1.0,-1.0
M,B,THROWS_METHOD_THROWS_CLAUSE_BASIC_EXCEPTION,com.metamx.common.lifecycle.Lifecycle$StartCloseHandler,NO_FIELD,start()V,401,403,0,-1.0,-1.0,-1.0,-1.0
L,B,SE_NO_SERIALVERSIONID,com.metamx.common.collect.AggregatingMap,NO_FIELD,NO_METHOD,23,35,0,0.0,0.0,0.0,0.0
L,D,NP_PARAMETER_MUST_BE_NONNULL_BUT_MARKED_AS_NULLABLE,com.metamx.common.concurrent.FunctionalThreadFactory$3,NO_FIELD,apply(Ljava/lang/Thread;)Ljava/lang/Thread;,79,80,0,-1.0,-1.0,-1.0,-1.0
M,D,NP_PARAMETER_MUST_BE_NONNULL_BUT_MARKED_AS_NULLABLE,com.metamx.common.Pair$1,NO_FIELD,apply(Lcom/metamx/common/Pair;)Ljava/lang/Object;,87,87,0,-1.0,-1.0,-1.0,-1.0
M,D,NP_PARAMETER_MUST_BE_NONNULL_BUT_MARKED_AS_NULLABLE,com.metamx.common.Pair$2,NO_FIELD,apply(Lcom/metamx/common/Pair;)Ljava/lang/Object;,99,99,0,-1.0,-1.0,-1.0,-1.0
L,D,NP_PARAMETER_MUST_BE_NONNULL_BUT_MARKED_AS_NULLABLE,com.metamx.common.parsers.DelimitedParser$1,NO_FIELD,apply(Ljava/lang/String;)Ljava/lang/Object;,66,74,0,-1.0,-1.0,-1.0,-1.0
M,B,THROWS_METHOD_THROWS_RUNTIMEEXCEPTION,com.metamx.common.guava.MergeSequence$2,NO_FIELD,accumulate(Ljava/util/PriorityQueue;Lcom/metamx/common/guava/Sequence;)Ljava/util/PriorityQueue;,66,90,0,-1.0,-1.0,-1.0,-1.0
L,D,NP_PARAMETER_MUST_BE_NONNULL_BUT_MARKED_AS_NULLABLE,com.metamx.common.guava.MergeSequence$1,NO_FIELD,apply(Lcom/metamx/common/guava/Yielder;)Ljava/lang/Object;,53,53,0,-1.0,-1.0,-1.0,-1.0
M,B,RV_NEGATING_RESULT_OF_COMPARETO,com.metamx.common.guava.Comparators$1,NO_FIELD,compare(Ljava/lang/Object;Ljava/lang/Object;)I,43,43,1,-1.0,-1.0,-1.0,-1.0
M,B,THROWS_METHOD_THROWS_CLAUSE_BASIC_EXCEPTION,com.metamx.common.CompressionUtils$1,NO_FIELD,call()Lcom/metamx/common/FileUtils$FileCopyResult;,138,138,0,-1.0,-1.0,-1.0,-1.0
M,B,THROWS_METHOD_THROWS_CLAUSE_BASIC_EXCEPTION,com.metamx.common.CompressionUtils$1,NO_FIELD,call()Ljava/lang/Object;,134,134,0,-1.0,-1.0,-1.0,-1.0
M,B,THROWS_METHOD_THROWS_RUNTIMEEXCEPTION,com.metamx.common.guava.ResourceClosingSequence,NO_FIELD,toYielder(Ljava/lang/Object;Lcom/metamx/common/guava/YieldingAccumulator;)Lcom/metamx/common/guava/Yielder;,52,59,0,0.0,0.0,0.6519839004750168,0.6456002356765895
M,V,EI_EXPOSE_REP2,com.metamx.common.guava.FunctionalIterator,delegate,<init>(Ljava/util/Iterator;)V,55,55,0,0.0,1.0,0.9426875869414488,1.0000000000000002
M,B,THROWS_METHOD_THROWS_RUNTIMEEXCEPTION,com.metamx.common.guava.MergeSequence,NO_FIELD,makeYielder(Ljava/util/PriorityQueue;Ljava/lang/Object;Lcom/metamx/common/guava/YieldingAccumulator;)Lcom/metamx/common/guava/Yielder;,104,126,0,0.0,0.0,0.3879307708353637,0.2682555774173057
M,B,THROWS_METHOD_THROWS_RUNTIMEEXCEPTION,com.metamx.common.Timing,NO_FIELD,timeBenchmarkWrapException(Ljava/lang/String;Ljava/util/concurrent/Callable;Lcom/metamx/common/logger/Logger;)Ljava/lang/Object;,28,30,0,0.0,0.0,0.6779690361488476,0.6173696823464441
M,B,THROWS_METHOD_THROWS_CLAUSE_BASIC_EXCEPTION,com.metamx.common.Timing,NO_FIELD,timeBenchmark(Ljava/lang/String;Ljava/util/concurrent/Callable;Lcom/metamx/common/logger/Logger;)Ljava/lang/Object;,38,44,0,0.0,0.0,0.3859865386294446,0.2801042171702636
M,B,THROWS_METHOD_THROWS_RUNTIMEEXCEPTION,com.metamx.common.StringUtils,NO_FIELD,fromUtf8([B)Ljava/lang/String;,40,44,0,0.0,0.0,0.6219963176894863,0.4895998126429722
M,B,THROWS_METHOD_THROWS_RUNTIMEEXCEPTION,com.metamx.common.StringUtils,NO_FIELD,toUtf8(Ljava/lang/String;)[B,63,67,0,0.0,0.0,0.6623417493948854,0.5408582871933094
M,B,THROWS_METHOD_THROWS_RUNTIMEEXCEPTION,com.metamx.common.guava.BaseSequence,NO_FIELD,toYielder(Ljava/lang/Object;Lcom/metamx/common/guava/YieldingAccumulator;)Lcom/metamx/common/guava/Yielder;,78,92,1,0.0,1.0,1.0,1.0
M,B,THROWS_METHOD_THROWS_CLAUSE_BASIC_EXCEPTION,com.metamx.common.StreamUtils$1,NO_FIELD,call()Ljava/lang/Long;,170,177,0,-1.0,-1.0,-1.0,-1.0
M,B,THROWS_METHOD_THROWS_CLAUSE_BASIC_EXCEPTION,com.metamx.common.StreamUtils$1,NO_FIELD,call()Ljava/lang/Object;,166,166,0,-1.0,-1.0,-1.0,-1.0
M,D,NP_PARAMETER_MUST_BE_NONNULL_BUT_MARKED_AS_NULLABLE,com.metamx.common.parsers.TimestampParser$9,NO_FIELD,apply(Ljava/lang/Object;)Lorg/joda/time/DateTime;,154,159,0,-1.0,-1.0,-1.0,-1.0
M,D,NP_PARAMETER_MUST_BE_NONNULL_BUT_MARKED_AS_NULLABLE,com.metamx.common.parsers.TimestampParser$7,NO_FIELD,apply(Ljava/lang/Number;)Lorg/joda/time/DateTime;,127,127,0,-1.0,-1.0,-1.0,-1.0
M,D,NP_PARAMETER_MUST_BE_NONNULL_BUT_MARKED_AS_NULLABLE,com.metamx.common.parsers.TimestampParser$8,NO_FIELD,apply(Ljava/lang/Number;)Lorg/joda/time/DateTime;,136,136,0,-1.0,-1.0,-1.0,-1.0
M,D,NP_PARAMETER_MUST_BE_NONNULL_BUT_MARKED_AS_NULLABLE,com.metamx.common.parsers.TimestampParser$6,NO_FIELD,apply(Ljava/lang/Number;)Lorg/joda/time/DateTime;,118,118,0,-1.0,-1.0,-1.0,-1.0
L,D,NP_PARAMETER_MUST_BE_NONNULL_BUT_MARKED_AS_NULLABLE,com.metamx.common.parsers.JSONToLowerParser$1,NO_FIELD,apply(Ljava/lang/String;)Ljava/lang/String;,65,65,0,-1.0,-1.0,-1.0,-1.0
L,I,DM_CONVERT_CASE,com.metamx.common.parsers.JSONToLowerParser$1,NO_FIELD,apply(Ljava/lang/String;)Ljava/lang/String;,65,65,0,-1.0,-1.0,-1.0,-1.0
M,B,THROWS_METHOD_THROWS_CLAUSE_BASIC_EXCEPTION,com.metamx.common.concurrent.ExecutorServices$1,NO_FIELD,start()V,48,48,0,-1.0,-1.0,-1.0,-1.0
M,B,THROWS_METHOD_THROWS_CLAUSE_BASIC_EXCEPTION,com.metamx.common.concurrent.ScheduledExecutors$1,NO_FIELD,call()Ljava/lang/Object;,58,58,0,-1.0,-1.0,-1.0,-1.0
M,B,THROWS_METHOD_THROWS_CLAUSE_BASIC_EXCEPTION,com.metamx.common.concurrent.ScheduledExecutors$3,NO_FIELD,call()Lcom/metamx/common/concurrent/ScheduledExecutors$Signal;,140,141,0,-1.0,-1.0,-1.0,-1.0
M,B,THROWS_METHOD_THROWS_CLAUSE_BASIC_EXCEPTION,com.metamx.common.concurrent.ScheduledExecutors$3,NO_FIELD,call()Ljava/lang/Object;,136,136,0,-1.0,-1.0,-1.0,-1.0
H,B,DMI_RANDOM_USED_ONLY_ONCE,com.metamx.common.RetryUtils,NO_FIELD,awaitNextRetry(Ljava/lang/Throwable;IZ)V,85,85,1,0.0,1.0,1.0,1.0000000000000002
M,B,THROWS_METHOD_THROWS_CLAUSE_BASIC_EXCEPTION,com.metamx.common.RetryUtils,NO_FIELD,retry(Ljava/util/concurrent/Callable;Lcom/google/common/base/Predicate;II)Ljava/lang/Object;,55,69,0,0.0,0.0,0.8566403656295027,0.8577018274878035
M,B,THROWS_METHOD_THROWS_RUNTIMEEXCEPTION,com.metamx.common.RetryUtils,NO_FIELD,retry(Ljava/util/concurrent/Callable;Lcom/google/common/base/Predicate;II)Ljava/lang/Object;,55,69,0,0.0,0.0,0.8566403656295027,0.8577018274878035
M,B,THROWS_METHOD_THROWS_CLAUSE_BASIC_EXCEPTION,com.metamx.common.RetryUtils,NO_FIELD,retry(Ljava/util/concurrent/Callable;Lcom/google/common/base/Predicate;I)Ljava/lang/Object;,78,78,0,0.0,0.0,0.4566103074973966,0.3256580030878409
M,B,THROWS_METHOD_THROWS_CLAUSE_BASIC_EXCEPTION,com.metamx.common.lifecycle.Lifecycle$AnnotationBasedHandler,NO_FIELD,start()V,347,353,0,-1.0,-1.0,-1.0,-1.0
M,B,RV_RETURN_VALUE_IGNORED_BAD_PRACTICE,com.metamx.common.StreamUtils,NO_FIELD,copyToFileAndClose(Ljava/io/InputStream;Ljava/io/File;)J,56,56,0,0.0,1.0,1.0,1.0
M,B,RV_RETURN_VALUE_IGNORED_BAD_PRACTICE,com.metamx.common.StreamUtils,NO_FIELD,copyToFileAndClose(Ljava/io/InputStream;Ljava/io/File;J)J,83,83,0,0.0,1.0,1.0,1.0
M,B,THROWS_METHOD_THROWS_RUNTIMEEXCEPTION,com.metamx.common.StreamUtils,NO_FIELD,retryCopy(Lcom/google/common/io/ByteSource;Lcom/google/common/io/ByteSink;Lcom/google/common/base/Predicate;I)J,164,185,0,0.0,0.0,0.368404601534705,0.25726328792663905
M,B,THROWS_METHOD_THROWS_RUNTIMEEXCEPTION,com.metamx.common.guava.ConcatSequence,NO_FIELD,toYielder(Ljava/lang/Object;Lcom/metamx/common/guava/YieldingAccumulator;)Lcom/metamx/common/guava/Yielder;,58,78,1,0.0,1.0,1.0,1.0
M,B,THROWS_METHOD_THROWS_RUNTIMEEXCEPTION,com.metamx.common.guava.ConcatSequence,NO_FIELD,makeYielder(Lcom/metamx/common/guava/Yielder;Ljava/lang/Object;Lcom/metamx/common/guava/YieldingAccumulator;)Lcom/metamx/common/guava/Yielder;,88,109,1,0.0,0.0,0.4362771393772694,0.34130814391985603
M,B,THROWS_METHOD_THROWS_RUNTIMEEXCEPTION,com.metamx.common.guava.ConcatSequence,NO_FIELD,wrapYielder(Lcom/metamx/common/guava/Yielder;Lcom/metamx/common/guava/Yielder;Lcom/metamx/common/guava/YieldingAccumulator;)Lcom/metamx/common/guava/Yielder;,118,130,0,0.0,0.0,0.4305639763320383,0.3588249061792961
M,B,THROWS_METHOD_THROWS_CLAUSE_BASIC_EXCEPTION,com.metamx.common.lifecycle.Lifecycle,NO_FIELD,addMaybeStartManagedInstance(Ljava/lang/Object;)Ljava/lang/Object;,170,171,0,0.0,0.0,0.2665301119375601,0.02895807915498017
M,B,THROWS_METHOD_THROWS_CLAUSE_BASIC_EXCEPTION,com.metamx.common.lifecycle.Lifecycle,NO_FIELD,addMaybeStartManagedInstance(Ljava/lang/Object;Lcom/metamx/common/lifecycle/Lifecycle$Stage;)Ljava/lang/Object;,185,186,0,0.0,0.0,0.3982974290066211,0.4941943460896926
M,B,THROWS_METHOD_THROWS_CLAUSE_BASIC_EXCEPTION,com.metamx.common.lifecycle.Lifecycle,NO_FIELD,addMaybeStartStartCloseInstance(Ljava/lang/Object;)Ljava/lang/Object;,199,200,0,0.0,0.0,0.2665301119375601,0.02895807915498017
M,B,THROWS_METHOD_THROWS_CLAUSE_BASIC_EXCEPTION,com.metamx.common.lifecycle.Lifecycle,NO_FIELD,addMaybeStartStartCloseInstance(Ljava/lang/Object;Lcom/metamx/common/lifecycle/Lifecycle$Stage;)Ljava/lang/Object;,214,215,0,0.0,0.0,0.3982974290066211,0.4941943460896926
M,B,THROWS_METHOD_THROWS_CLAUSE_BASIC_EXCEPTION,com.metamx.common.lifecycle.Lifecycle,NO_FIELD,addMaybeStartHandler(Lcom/metamx/common/lifecycle/Lifecycle$Handler;)V,227,228,0,0.0,0.0,0.3901779495012914,0.4833250035520482
M,B,THROWS_METHOD_THROWS_CLAUSE_BASIC_EXCEPTION,com.metamx.common.lifecycle.Lifecycle,NO_FIELD,addMaybeStartHandler(Lcom/metamx/common/lifecycle/Lifecycle$Handler;Lcom/metamx/common/lifecycle/Lifecycle$Stage;)V,240,248,0,0.0,0.0,0.28766806545584994,0.22453343730804454
M,B,THROWS_METHOD_THROWS_CLAUSE_BASIC_EXCEPTION,com.metamx.common.lifecycle.Lifecycle,NO_FIELD,start()V,252,263,0,0.0,0.0,0.3434306575347196,0.29296012057772464
M,B,THROWS_METHOD_THROWS_RUNTIMEEXCEPTION,com.metamx.common.lifecycle.Lifecycle,NO_FIELD,stop()V,267,293,0,0.0,0.0,0.3995309970937628,0.3309942112462069
L,I,DM_CONVERT_CASE,com.metamx.common.parsers.ParserUtils,NO_FIELD,findDuplicates(Ljava/lang/Iterable;)Ljava/util/Set;,70,70,0,0.0,0.0,0.8091204569925227,0.8737980627825624
M,D,NP_PARAMETER_MUST_BE_NONNULL_BUT_MARKED_AS_NULLABLE,com.metamx.common.parsers.TimestampParser$3,NO_FIELD,apply(Ljava/lang/String;)Lorg/joda/time/DateTime;,72,73,0,-1.0,-1.0,-1.0,-1.0
M,D,NP_PARAMETER_MUST_BE_NONNULL_BUT_MARKED_AS_NULLABLE,com.metamx.common.parsers.TimestampParser$4,NO_FIELD,apply(Ljava/lang/String;)Lorg/joda/time/DateTime;,84,85,0,-1.0,-1.0,-1.0,-1.0
M,D,NP_PARAMETER_MUST_BE_NONNULL_BUT_MARKED_AS_NULLABLE,com.metamx.common.parsers.TimestampParser$5,NO_FIELD,apply(Ljava/lang/String;)Lorg/joda/time/DateTime;,96,97,0,-1.0,-1.0,-1.0,-1.0
M,V,EI_EXPOSE_REP2,com.metamx.common.Granularity$IntervalIterator,inputInterval,<init>(Lcom/metamx/common/Granularity;Lorg/joda/time/Interval;)V,803,803,0,-1.0,-1.0,-1.0,-1.0
M,V,EI_EXPOSE_REP2,com.metamx.common.Granularity$IntervalIterable,inputInterval,<init>(Lcom/metamx/common/Granularity;Lorg/joda/time/Interval;)V,766,766,0,-1.0,-1.0,-1.0,-1.0
L,I,DM_CONVERT_CASE,com.metamx.common.Granularity,NO_FIELD,getFormatter(Ljava/lang/String;)Lorg/joda/time/format/DateTimeFormatter;,670,670,0,0.0,0.0,0.4845501267639116,0.03921134915635152
L,I,DM_CONVERT_CASE,com.metamx.common.Granularity,NO_FIELD,toPath(Lorg/joda/time/DateTime;Ljava/lang/String;)Ljava/lang/String;,700,700,0,0.0,0.0,0.80747049290938,0.8341678769806078
M,V,EI_EXPOSE_REP2,com.metamx.common.Granularity$ReverseIntervalIterator,inputInterval,<init>(Lcom/metamx/common/Granularity;Lorg/joda/time/Interval;)V,845,845,0,-1.0,-1.0,-1.0,-1.0
M,V,EI_EXPOSE_REP2,com.metamx.common.Granularity$ReverseIntervalIterable,inputInterval,<init>(Lcom/metamx/common/Granularity;Lorg/joda/time/Interval;)V,783,783,0,-1.0,-1.0,-1.0,-1.0
M,V,EI_EXPOSE_REP,com.metamx.common.parsers.CSVParser,fieldNames,getFieldNames()Ljava/util/List;,89,89,0,0.0,1.0,0.934230686593538,1.0000000000000002
M,V,EI_EXPOSE_REP2,com.metamx.common.parsers.JSONParser,objectMapper,<init>(Lcom/fasterxml/jackson/databind/ObjectMapper;Ljava/lang/Iterable;Ljava/lang/Iterable;)V,90,90,0,0.0,1.0,0.9436499780578108,1.0000000000000002
M,V,EI_EXPOSE_REP,com.metamx.common.parsers.JSONParser,fieldNames,getFieldNames()Ljava/util/List;,100,100,0,0.0,1.0,0.934230686593538,1.0000000000000002
L,D,REC_CATCH_EXCEPTION,com.metamx.common.parsers.JSONParser,NO_FIELD,parse(Ljava/lang/String;)Ljava/util/Map;,146,146,0,0.0,1.0,0.9999999999999998,1.0000000000000002
M,B,THROWS_METHOD_THROWS_RUNTIMEEXCEPTION,com.metamx.common.FileUtils,NO_FIELD,retryCopy(Lcom/google/common/io/ByteSource;Ljava/io/File;Lcom/google/common/base/Predicate;I)Lcom/metamx/common/FileUtils$FileCopyResult;,60,69,0,0.0,0.0,0.4907471892930698,0.4732332122629956
L,V,DP_DO_INSIDE_DO_PRIVILEGED,com.metamx.common.ByteBufferUtils,NO_FIELD,<clinit>()V,40,40,1,0.0,1.0,1.0,1.0
M,B,THROWS_METHOD_THROWS_RUNTIMEEXCEPTION,com.metamx.common.ByteBufferUtils,NO_FIELD,free(Ljava/nio/ByteBuffer;)V,67,71,1,0.0,1.0,1.0000000000000002,1.0
M,B,THROWS_METHOD_THROWS_RUNTIMEEXCEPTION,com.metamx.common.ByteBufferUtils,NO_FIELD,unmap(Ljava/nio/MappedByteBuffer;)V,82,87,1,0.0,1.0,1.0,1.0
M,D,NP_PARAMETER_MUST_BE_NONNULL_BUT_MARKED_AS_NULLABLE,com.metamx.common.parsers.TimestampParser$2,NO_FIELD,apply(Ljava/lang/String;)Lorg/joda/time/DateTime;,59,60,0,-1.0,-1.0,-1.0,-1.0
M,D,NP_PARAMETER_MUST_BE_NONNULL_BUT_MARKED_AS_NULLABLE,com.metamx.common.parsers.TimestampParser$1,NO_FIELD,apply(Ljava/lang/String;)Lorg/joda/time/DateTime;,42,50,0,-1.0,-1.0,-1.0,-1.0
M,D,NP_NULL_ON_SOME_PATH_FROM_RETURN_VALUE,com.metamx.common.CompressionUtils,NO_FIELD,zip(Ljava/io/File;Ljava/io/OutputStream;)J,92,92,0,0.0,0.0,0.0,0.0
M,D,DLS_DEAD_LOCAL_STORE,com.metamx.common.CompressionUtils,NO_FIELD,unzip(Lcom/google/common/io/ByteSource;Ljava/io/File;Lcom/google/common/base/Predicate;Z)Lcom/metamx/common/FileUtils$FileCopyResult;,151,151,1,0.0,1.0,1.0,1.0
M,B,THROWS_METHOD_THROWS_RUNTIMEEXCEPTION,com.metamx.common.CompressionUtils,NO_FIELD,unzip(Lcom/google/common/io/ByteSource;Ljava/io/File;Lcom/google/common/base/Predicate;Z)Lcom/metamx/common/FileUtils$FileCopyResult;,130,163,0,0.0,0.0,0.3760513143303151,0.2964870007682137
L,I,DM_CONVERT_CASE,com.metamx.common.parsers.JSONToLowerParser,NO_FIELD,parse(Ljava/lang/String;)Ljava/util/Map;,84,84,0,0.0,0.0,0.5588720462019922,0.106755411198467
M,V,EI_EXPOSE_REP2,com.metamx.common.parsers.JSONToLowerParser,objectMapper,<init>(Lcom/fasterxml/jackson/databind/ObjectMapper;Ljava/lang/Iterable;Ljava/lang/Iterable;)V,53,53,0,0.0,1.0,0.9436499780578108,1.0000000000000002
L,D,REC_CATCH_EXCEPTION,com.metamx.common.parsers.JSONToLowerParser,NO_FIELD,parse(Ljava/lang/String;)Ljava/util/Map;,108,108,0,0.0,1.0,0.9999999999999998,1.0000000000000002
M,V,EI_EXPOSE_REP,com.metamx.common.parsers.DelimitedParser,fieldNames,getFieldNames()Ljava/util/List;,112,112,0,0.0,1.0,0.934230686593538,1.0000000000000002
M,V,EI_EXPOSE_REP,com.metamx.common.parsers.RegexParser,fieldNames,getFieldNames()Ljava/util/List;,123,123,0,0.0,1.0,0.9358182503687044,1.0000000000000002
M,V,EI_EXPOSE_REP2,com.metamx.common.parsers.JSONPathParser,fieldSpecs,<init>(Ljava/util/List;ZLcom/fasterxml/jackson/databind/ObjectMapper;)V,63,63,1,0.0,1.0,1.0,1.0000000000000002
M,P,WMI_WRONG_MAP_ITERATOR,com.metamx.common.parsers.JSONPathParser,NO_FIELD,discoverFields(Ljava/util/Map;Ljava/util/Map;)V,150,150,1,0.0,1.0,1.0,1.0
L,D,REC_CATCH_EXCEPTION,com.metamx.common.parsers.JSONPathParser,NO_FIELD,parse(Ljava/lang/String;)Ljava/util/Map;,126,126,0,0.0,1.0,0.9999999999999998,1.0000000000000002
M,M,VO_VOLATILE_INCREMENT,com.metamx.common.guava.LimitedYieldingAccumulator,count,accumulate(Ljava/lang/Object;Ljava/lang/Object;)Ljava/lang/Object;,58,58,0,0.0,0.0,0.0,0.0
M,B,THROWS_METHOD_THROWS_RUNTIMEEXCEPTION,com.metamx.common.guava.BaseSequence$3,NO_FIELD,next(Ljava/lang/Object;)Lcom/metamx/common/guava/Yielder;,133,146,1,-1.0,-1.0,-1.0,-1.0
L,I,DM_CONVERT_CASE,com.metamx.common.parsers.ToLowerCaseParser,NO_FIELD,parse(Ljava/lang/String;)Ljava/util/Map;,42,42,0,0.0,1.0,0.9735077296538448,1.0
M,V,EI_EXPOSE_REP2,com.metamx.common.parsers.ToLowerCaseParser,baseParser,<init>(Lcom/metamx/common/parsers/Parser;)V,33,33,0,0.0,1.0,0.949296170382352,1.0000000000000002
M,B,THROWS_METHOD_THROWS_RUNTIMEEXCEPTION,com.metamx.common.guava.ExecutorExecutingSequence$3,NO_FIELD,next(Ljava/lang/Object;)Lcom/metamx/common/guava/Yielder;,104,121,0,-1.0,-1.0,-1.0,-1.0
M,D,NP_NULL_ON_SOME_PATH_FROM_RETURN_VALUE,com.metamx.common.io.smoosh.Smoosh,NO_FIELD,smoosh(Ljava/io/File;Ljava/io/File;)Ljava/util/Map;,36,36,0,0.0,0.0,0.0,0.0
M,C,UWF_UNWRITTEN_FIELD,com.metamx.common.parsers.JSONToLowerParser,fieldNames,NO_METHOD,79,79,0,0.0,0.0,0.0,0.0
L,P,SIC_INNER_SHOULD_BE_STATIC_ANON,com.metamx.common.parsers.JSONPathParser,NO_FIELD,parse(Ljava/lang/String;)Ljava/util/Map;,99,99,0,0.0,1.0,0.9999999999999998,1.0
L,P,SIC_INNER_SHOULD_BE_STATIC_ANON,com.metamx.common.config.DurationCoercible,NO_FIELD,accept(Ljava/lang/Class;)Lorg/skife/config/Coercer;,35,35,0,0.0,0.0,0.2518595967106033,0.15727560258029755
L,P,SIC_INNER_SHOULD_BE_STATIC_ANON,com.metamx.common.parsers.JSONToLowerParser,NO_FIELD,<init>(Lcom/fasterxml/jackson/databind/ObjectMapper;Ljava/lang/Iterable;Ljava/lang/Iterable;)V,57,57,0,0.0,0.0,0.2783527998040775,0.08312222796346429
L,P,URF_UNREAD_FIELD,com.metamx.common.parsers.JSONPathParser,fieldSpecs,NO_METHOD,63,63,1,0.0,1.0,1.0,1.0000000000000002
L,P,SIC_INNER_SHOULD_BE_STATIC_ANON,com.metamx.common.concurrent.FunctionalThreadFactory,NO_FIELD,daemonize()Lcom/metamx/common/concurrent/FunctionalThreadFactory;,73,73,0,0.0,0.0,0.17672377229088412,0.2395325980895346
