M,V,EI_EXPOSE_REP,com.helger.as2.cmdprocessor.AbstractCommandProcessor,m_aAttrs,attrs()Lcom/helger/commons/collection/attr/StringMap;,66,66,0
H,D,NP_METHOD_RETURN_RELAXING_ANNOTATION,com.helger.as2.cmd.AbstractCommand,NO_FIELD,getName()Ljava/lang/String;,76,76,0
L,B,SE_NO_SERIALVERSIONID,com.helger.as2.cmd.BaseCommandRegistry,NO_FIELD,NO_METHOD,46,69,0
M,V,EI_EXPOSE_REP,com.helger.as2.util.FileMonitor,m_aListeners,getListeners()Lcom/helger/commons/collection/impl/ICommonsList;,126,126,0
M,V,EI_EXPOSE_REP2,com.helger.as2.util.FileMonitor,m_aListeners,setListeners(Lcom/helger/commons/collection/impl/ICommonsList;)V,118,118,0
L,V,MC_OVERRIDABLE_METHOD_CALL_IN_CONSTRUCTOR,com.helger.as2.util.FileMonitor,NO_FIELD,<init>(Ljava/io/File;I)V,62,62,0
L,V,MC_OVERRIDABLE_METHOD_CALL_IN_CONSTRUCTOR,com.helger.as2.util.FileMonitor,NO_FIELD,<init>(Ljava/io/File;I)V,62,62,0
M,V,EI_EXPOSE_REP2,com.helger.as2.app.cert.ServerCertificateFactory,m_aFileMonitor,setFileMonitor(Lcom/helger/as2/util/FileMonitor;)V,66,66,0
M,V,EI_EXPOSE_REP,com.helger.as2.app.cert.ServerCertificateFactory,m_aFileMonitor,getFileMonitor()Lcom/helger/as2/util/FileMonitor;,89,89,0
M,D,SF_SWITCH_NO_DEFAULT,com.helger.as2.app.cert.ServerCertificateFactory,NO_FIELD,onFileMonitorEvent(Lcom/helger/as2/util/FileMonitor;Ljava/io/File;Lcom/helger/as2/util/EFileMonitorEvent;)V,94,105,0
L,B,SE_NO_SERIALVERSIONID,com.helger.as2.app.cert.ServerCertificateFactory,NO_FIELD,NO_METHOD,50,122,0
M,B,SE_BAD_FIELD,com.helger.as2.app.cert.ServerCertificateFactory,m_aFileMonitor,NO_METHOD,-1,-1,0
L,B,SE_NO_SERIALVERSIONID,com.helger.as2.app.cert.ServerPKCS12CertificateFactory,NO_FIELD,NO_METHOD,44,52,0
M,V,MS_EXPOSE_REP,com.helger.as2.cmd.CommandManager,s_aDefaultManager,getCmdManager()Lcom/helger/as2/cmd/CommandManager;,57,57,0
M,V,EI_EXPOSE_REP2,com.helger.as2.cmd.CommandManager,m_aProcessors,setProcessors(Lcom/helger/commons/collection/impl/ICommonsList;)V,62,62,0
M,V,EI_EXPOSE_REP,com.helger.as2.cmd.CommandManager,m_aProcessors,getProcessors()Lcom/helger/commons/collection/impl/ICommonsList;,69,69,0
L,M,LI_LAZY_INIT_STATIC,com.helger.as2.cmd.CommandManager,s_aDefaultManager,getCmdManager()Lcom/helger/as2/cmd/CommandManager;,55,56,0
L,B,SE_NO_SERIALVERSIONID,com.helger.as2.cmd.partner.DeletePartnershipCommand,NO_FIELD,NO_METHOD,46,82,0
M,V,EI_EXPOSE_REP,com.helger.as2.app.session.AS2ServerXMLSession,m_aCmdManager,getCommandManager()Lcom/helger/as2/cmd/CommandManager;,106,106,0
L,B,SE_NO_SERIALVERSIONID,com.helger.as2.app.session.AS2ServerXMLSession,NO_FIELD,NO_METHOD,80,209,0
M,B,SE_BAD_FIELD,com.helger.as2.app.session.AS2ServerXMLSession,m_aCmdManager,NO_METHOD,-1,-1,0
M,V,EI_EXPOSE_REP,com.helger.as2.cmd.MultiCommand,m_aCmds,getCommands()Lcom/helger/commons/collection/impl/ICommonsList;,76,76,0
L,B,SE_NO_SERIALVERSIONID,com.helger.as2.cmd.MultiCommand,NO_FIELD,NO_METHOD,47,141,0
L,B,SE_NO_SERIALVERSIONID,com.helger.as2.cmd.XMLCommandRegistry,NO_FIELD,NO_METHOD,51,122,0
L,B,SE_NO_SERIALVERSIONID,com.helger.as2.cmd.cert.ImportCertInEncodedStreamCommand,NO_FIELD,NO_METHOD,48,108,0
H,I,DM_DEFAULT_ENCODING,com.helger.as2.cmd.cert.ImportCertInEncodedStreamCommand,NO_FIELD,_importCert(Lcom/helger/as2lib/cert/IAliasedCertificateFactory;Ljava/lang/String;Ljava/lang/String;)Lcom/helger/as2/cmd/CommandResult;,90,90,0
L,I,DM_CONVERT_CASE,com.helger.as2.cmdprocessor.SocketCommandProcessor,NO_FIELD,processCommand()V,191,191,0
L,B,SE_NO_SERIALVERSIONID,com.helger.as2.cmdprocessor.SocketCommandProcessor,NO_FIELD,NO_METHOD,81,252,0
M,B,SE_BAD_FIELD,com.helger.as2.cmdprocessor.SocketCommandProcessor,m_aReader,NO_METHOD,-1,-1,0
M,B,SE_BAD_FIELD,com.helger.as2.cmdprocessor.SocketCommandProcessor,m_aWriter,NO_METHOD,-1,-1,0
L,B,SE_BAD_FIELD,com.helger.as2.cmdprocessor.SocketCommandProcessor,m_aSSLServerSocket,NO_METHOD,-1,-1,0
M,B,SE_BAD_FIELD,com.helger.as2.cmdprocessor.SocketCommandProcessor,m_aParser,NO_METHOD,-1,-1,0
L,D,BC_UNCONFIRMED_CAST_OF_RETURN_VALUE,com.helger.as2.cmdprocessor.SocketCommandProcessor,NO_FIELD,initDynamicComponent(Lcom/helger/as2lib/session/IAS2Session;Lcom/helger/commons/collection/attr/IStringMap;)V,127,127,0
L,D,BC_UNCONFIRMED_CAST_OF_RETURN_VALUE,com.helger.as2.cmdprocessor.SocketCommandProcessor,NO_FIELD,processCommand()V,162,162,0
H,I,DM_DEFAULT_ENCODING,com.helger.as2.cmdprocessor.SocketCommandProcessor,NO_FIELD,processCommand()V,166,166,0
H,I,DM_DEFAULT_ENCODING,com.helger.as2.cmdprocessor.SocketCommandProcessor,NO_FIELD,processCommand()V,165,165,0
L,B,SE_NO_SERIALVERSIONID,com.helger.as2.cmd.partner.ListPartnersCommand,NO_FIELD,NO_METHOD,45,76,0
M,V,EI_EXPOSE_REP,com.helger.as2.cmdprocessor.StreamCommandProcessor,m_aWriter,getWriter()Ljava/io/BufferedWriter;,99,99,0
L,B,SE_NO_SERIALVERSIONID,com.helger.as2.cmdprocessor.StreamCommandProcessor,NO_FIELD,NO_METHOD,76,199,0
M,B,SE_BAD_FIELD,com.helger.as2.cmdprocessor.StreamCommandProcessor,m_aReader,NO_METHOD,-1,-1,0
M,B,SE_BAD_FIELD,com.helger.as2.cmdprocessor.StreamCommandProcessor,m_aWriter,NO_METHOD,-1,-1,0
H,I,DM_DEFAULT_ENCODING,com.helger.as2.cmdprocessor.StreamCommandProcessor,NO_FIELD,<init>()V,84,84,0
H,I,DM_DEFAULT_ENCODING,com.helger.as2.cmdprocessor.StreamCommandProcessor,NO_FIELD,<init>()V,83,83,0
L,B,SE_NO_SERIALVERSIONID,com.helger.as2.cmd.partner.DeletePartnerCommand,NO_FIELD,NO_METHOD,48,86,0
L,B,SE_NO_SERIALVERSIONID,com.helger.as2.cmd.partner.AddPartnerCommand,NO_FIELD,NO_METHOD,50,106,0
L,B,SE_NO_SERIALVERSIONID,com.helger.as2.cmd.partner.StorePartnershipsCommand,NO_FIELD,NO_METHOD,47,86,0
L,B,SE_NO_SERIALVERSIONID,com.helger.as2.cmd.partner.ViewPartnershipCommand,NO_FIELD,NO_METHOD,46,79,0
L,B,SE_NO_SERIALVERSIONID,com.helger.as2.cmd.cert.ViewCertCommand,NO_FIELD,NO_METHOD,47,75,0
L,B,SE_NO_SERIALVERSIONID,com.helger.as2.cmd.partner.AddPartnershipCommand,NO_FIELD,NO_METHOD,50,125,0
L,B,SE_NO_SERIALVERSIONID,com.helger.as2.cmd.cert.ImportCertCommand,NO_FIELD,NO_METHOD,58,169,0
M,B,THROWS_METHOD_THROWS_CLAUSE_BASIC_EXCEPTION,com.helger.as2.cmd.cert.ImportCertCommand,NO_FIELD,importPrivateKey(Lcom/helger/security/keystore/IKeyStoreType;Lcom/helger/as2lib/cert/IAliasedCertificateFactory;Ljava/lang/String;Ljava/lang/String;Ljava/lang/String;)Lcom/helger/as2/cmd/CommandResult;,147,169,0
L,B,SE_NO_SERIALVERSIONID,com.helger.as2.cmd.partner.RefreshPartnershipsCommand,NO_FIELD,NO_METHOD,45,82,0
M,V,EI_EXPOSE_REP,com.helger.as2.app.partner.ServerSelfFillingXMLPartnershipFactory,m_aFileMonitor,getFileMonitor()Lcom/helger/as2/util/FileMonitor;,93,93,0
M,V,EI_EXPOSE_REP2,com.helger.as2.app.partner.ServerSelfFillingXMLPartnershipFactory,m_aFileMonitor,setFileMonitor(Lcom/helger/as2/util/FileMonitor;)V,68,68,0
M,D,SF_SWITCH_NO_DEFAULT,com.helger.as2.app.partner.ServerSelfFillingXMLPartnershipFactory,NO_FIELD,onFileMonitorEvent(Lcom/helger/as2/util/FileMonitor;Ljava/io/File;Lcom/helger/as2/util/EFileMonitorEvent;)V,98,109,0
L,B,SE_NO_SERIALVERSIONID,com.helger.as2.app.partner.ServerSelfFillingXMLPartnershipFactory,NO_FIELD,NO_METHOD,59,128,0
M,B,SE_BAD_FIELD,com.helger.as2.app.partner.ServerSelfFillingXMLPartnershipFactory,m_aFileMonitor,NO_METHOD,-1,-1,0
L,B,SE_NO_SERIALVERSIONID,com.helger.as2.cmd.partner.ListPartnershipsCommand,NO_FIELD,NO_METHOD,45,75,0
L,B,SE_NO_SERIALVERSIONID,com.helger.as2.cmd.cert.ListCertCommand,NO_FIELD,NO_METHOD,43,74,0
L,B,SE_NO_SERIALVERSIONID,com.helger.as2.cmd.partner.ViewPartnerCommand,NO_FIELD,NO_METHOD,46,80,0
L,B,SE_NO_SERIALVERSIONID,com.helger.as2.cmd.cert.DeleteCertCommand,NO_FIELD,NO_METHOD,40,70,0
M,V,EI_EXPOSE_REP2,com.helger.as2.app.partner.ServerXMLPartnershipFactory,m_aFileMonitor,setFileMonitor(Lcom/helger/as2/util/FileMonitor;)V,68,68,0
M,V,EI_EXPOSE_REP,com.helger.as2.app.partner.ServerXMLPartnershipFactory,m_aFileMonitor,getFileMonitor()Lcom/helger/as2/util/FileMonitor;,93,93,0
M,D,SF_SWITCH_NO_DEFAULT,com.helger.as2.app.partner.ServerXMLPartnershipFactory,NO_FIELD,onFileMonitorEvent(Lcom/helger/as2/util/FileMonitor;Ljava/io/File;Lcom/helger/as2/util/EFileMonitorEvent;)V,98,109,0
L,B,SE_NO_SERIALVERSIONID,com.helger.as2.app.partner.ServerXMLPartnershipFactory,NO_FIELD,NO_METHOD,59,128,0
M,B,SE_BAD_FIELD,com.helger.as2.app.partner.ServerXMLPartnershipFactory,m_aFileMonitor,NO_METHOD,-1,-1,0
L,B,SE_NO_SERIALVERSIONID,com.helger.as2.cmd.cert.ClearCertsCommand,NO_FIELD,NO_METHOD,40,65,0
L,B,SE_NO_SERIALVERSIONID,com.helger.as2servlet.AS2ReceiveServlet,NO_FIELD,NO_METHOD,35,44,0
L,B,SE_NO_SERIALVERSIONID,com.helger.as2servlet.util.AS2ServletPartnershipFactory,NO_FIELD,NO_METHOD,28,35,0
L,B,SE_NO_SERIALVERSIONID,com.helger.as2servlet.util.AS2ServletXMLSession,NO_FIELD,NO_METHOD,52,145,0
L,B,SE_NO_SERIALVERSIONID,com.helger.as2servlet.util.AS2ServletMDNReceiverModule,NO_FIELD,NO_METHOD,29,42,0
L,B,SE_NO_SERIALVERSIONID,com.helger.as2servlet.mdn.AS2MDNReceiveServlet,NO_FIELD,NO_METHOD,37,46,0
L,B,SE_NO_SERIALVERSIONID,com.helger.as2servlet.util.AS2ServletReceiverModule,NO_FIELD,NO_METHOD,28,41,0
M,V,EI_EXPOSE_REP2,com.helger.as2lib.partner.mongodb.MongoDBPartnershipFactory,m_aPartnerships,<init>(Lcom/mongodb/client/MongoCollection;Lorg/slf4j/Logger;)V,66,66,0
M,B,SE_BAD_FIELD,com.helger.as2lib.partner.mongodb.MongoDBPartnershipFactory,m_aPartnerships,NO_METHOD,-1,-1,0
M,B,SE_BAD_FIELD,com.helger.as2lib.partner.mongodb.MongoDBPartnershipFactory,m_aLogger,NO_METHOD,-1,-1,0
L,B,SE_NO_SERIALVERSIONID,com.helger.as2lib.crypto.LoggingMICMatchingHandler,NO_FIELD,NO_METHOD,48,62,0
L,B,SE_NO_SERIALVERSIONID,com.helger.as2lib.cert.CertificateFactory,NO_FIELD,NO_METHOD,58,139,0
L,B,SE_NO_SERIALVERSIONID,com.helger.as2lib.processor.receiver.AS2DirectoryPollingModule,NO_FIELD,NO_METHOD,40,46,0
M,V,EI_EXPOSE_REP,com.helger.as2lib.util.http.AS2HttpResponseHandlerSocket,m_aSocket,getSocket()Ljava/net/Socket;,74,74,0
M,V,EI_EXPOSE_REP,com.helger.as2lib.crypto.ECryptoAlgorithmSign,m_aOID,getOID()Lorg/bouncycastle/asn1/ASN1ObjectIdentifier;,139,139,0
M,V,EI_EXPOSE_REP2,com.helger.as2lib.util.dump.HTTPIncomingDumperStreamBased,m_aOS,<init>(Ljava/io/OutputStream;)V,63,63,0
L,B,SE_NO_SERIALVERSIONID,com.helger.as2lib.processor.DefaultMessageProcessor,NO_FIELD,NO_METHOD,54,66,0
L,B,SE_NO_SERIALVERSIONID,com.helger.as2lib.processor.resender.ImmediateResenderModule,NO_FIELD,NO_METHOD,53,96,0
M,V,EI_EXPOSE_REP2,com.helger.as2lib.crypto.MIC,m_aMICBytes,<init>([BLcom/helger/as2lib/crypto/ECryptoAlgorithmSign;)V,69,69,0
M,V,EI_EXPOSE_REP,com.helger.as2lib.crypto.MIC,m_aMICBytes,micBytes()[B,79,79,0
L,B,SE_NO_SERIALVERSIONID,com.helger.as2lib.crypto.MIC,NO_FIELD,NO_METHOD,59,197,1
M,V,EI_EXPOSE_REP2,com.helger.as2lib.util.http.AS2InputStreamProviderSocket,m_aSocket,<init>(Ljava/net/Socket;)V,67,67,0
L,B,SE_NO_SERIALVERSIONID,com.helger.as2lib.processor.receiver.AS2ReceiverModule,NO_FIELD,NO_METHOD,39,48,0
M,V,EI_EXPOSE_REP,com.helger.as2lib.client.AS2ClientResponse,m_aThrowable,getException()Ljava/lang/Throwable;,123,123,0
M,V,EI_EXPOSE_REP2,com.helger.as2lib.client.AS2ClientResponse,m_aMDNVerificationCertificate,setMDNVerificationCertificate(Ljava/security/cert/X509Certificate;)V,211,211,0
M,V,EI_EXPOSE_REP2,com.helger.as2lib.client.AS2ClientResponse,m_aThrowable,setException(Ljava/lang/Throwable;)V,102,102,0
M,V,EI_EXPOSE_REP,com.helger.as2lib.client.AS2ClientResponse,m_aMDNVerificationCertificate,getMDNVerificationCertificate()Ljava/security/cert/X509Certificate;,200,200,0
M,V,EI_EXPOSE_REP2,com.helger.as2lib.client.AS2ClientResponse,m_aMDN,setMDN(Lcom/helger/as2lib/message/IMessageMDN;)V,135,135,0
M,V,EI_EXPOSE_REP,com.helger.as2lib.client.AS2ClientResponse,m_aMDN,getMDN()Lcom/helger/as2lib/message/IMessageMDN;,156,156,0
L,B,SE_NO_SERIALVERSIONID,com.helger.as2lib.client.AS2ClientResponse,NO_FIELD,NO_METHOD,66,280,1
M,V,EI_EXPOSE_REP2,com.helger.as2lib.exception.AS2Exception,m_aSrcMsg,setSourceMsg(Lcom/helger/as2lib/message/IMessage;)Lcom/helger/as2lib/exception/AS2Exception;,88,88,0
M,V,EI_EXPOSE_REP,com.helger.as2lib.exception.AS2Exception,m_aSrcMsg,getSourceMsg()Lcom/helger/as2lib/message/IMessage;,82,82,0
M,V,EI_EXPOSE_REP,com.helger.as2lib.processor.resender.ResendItem,m_aMsg,getMessage()Lcom/helger/as2lib/message/IMessage;,100,100,0
L,B,SE_NO_SERIALVERSIONID,com.helger.as2lib.processor.resender.ResendItem,NO_FIELD,NO_METHOD,66,117,1
L,D,PZLA_PREFER_ZERO_LENGTH_ARRAYS,com.helger.as2lib.util.javamail.DispositionDataContentHandler,NO_FIELD,getTransferData(Ljava/awt/datatransfer/DataFlavor;Ljavax/activation/DataSource;)[B,81,81,0
H,I,DM_DEFAULT_ENCODING,com.helger.as2lib.util.javamail.DispositionDataContentHandler,NO_FIELD,writeTo(Ljava/lang/Object;Ljava/lang/String;Ljava/io/OutputStream;)V,149,149,0
M,B,THROWS_METHOD_THROWS_CLAUSE_BASIC_EXCEPTION,com.helger.as2lib.crypto.ICryptoHelper,NO_FIELD,loadKeyStore(Lcom/helger/security/keystore/IKeyStoreType;Ljava/io/InputStream;[C)Ljava/security/KeyStore;,-1,-1,0
M,B,THROWS_METHOD_THROWS_CLAUSE_BASIC_EXCEPTION,com.helger.as2lib.crypto.ICryptoHelper,NO_FIELD,isEncrypted(Ljavax/mail/internet/MimeBodyPart;)Z,-1,-1,0
M,B,THROWS_METHOD_THROWS_CLAUSE_BASIC_EXCEPTION,com.helger.as2lib.crypto.ICryptoHelper,NO_FIELD,isSigned(Ljavax/mail/internet/MimeBodyPart;)Z,-1,-1,0
M,B,THROWS_METHOD_THROWS_CLAUSE_BASIC_EXCEPTION,com.helger.as2lib.crypto.ICryptoHelper,NO_FIELD,calculateMIC(Ljavax/mail/internet/MimeBodyPart;Lcom/helger/as2lib/crypto/ECryptoAlgorithmSign;Z)Lcom/helger/as2lib/crypto/MIC;,-1,-1,0
M,B,THROWS_METHOD_THROWS_CLAUSE_BASIC_EXCEPTION,com.helger.as2lib.crypto.ICryptoHelper,NO_FIELD,encrypt(Ljavax/mail/internet/MimeBodyPart;Ljava/security/cert/X509Certificate;Lcom/helger/as2lib/crypto/ECryptoAlgorithmCrypt;Lcom/helger/mail/cte/EContentTransferEncoding;)Ljavax/mail/internet/MimeBodyPart;,-1,-1,0
M,B,THROWS_METHOD_THROWS_CLAUSE_BASIC_EXCEPTION,com.helger.as2lib.crypto.ICryptoHelper,NO_FIELD,decrypt(Ljavax/mail/internet/MimeBodyPart;Ljava/security/cert/X509Certificate;Ljava/security/PrivateKey;ZLcom/helger/as2lib/util/AS2ResourceHelper;)Ljavax/mail/internet/MimeBodyPart;,-1,-1,0
M,B,THROWS_METHOD_THROWS_CLAUSE_BASIC_EXCEPTION,com.helger.as2lib.crypto.ICryptoHelper,NO_FIELD,sign(Ljavax/mail/internet/MimeBodyPart;Ljava/security/cert/X509Certificate;Ljava/security/PrivateKey;Lcom/helger/as2lib/crypto/ECryptoAlgorithmSign;ZZLcom/helger/mail/cte/EContentTransferEncoding;)Ljavax/mail/internet/MimeBodyPart;,-1,-1,0
M,B,THROWS_METHOD_THROWS_CLAUSE_BASIC_EXCEPTION,com.helger.as2lib.crypto.ICryptoHelper,NO_FIELD,verify(Ljavax/mail/internet/MimeBodyPart;Ljava/security/cert/X509Certificate;ZZLjava/util/function/Consumer;Lcom/helger/as2lib/util/AS2ResourceHelper;)Ljavax/mail/internet/MimeBodyPart;,-1,-1,0
L,B,SE_NO_SERIALVERSIONID,com.helger.as2lib.disposition.DispositionType,NO_FIELD,NO_METHOD,76,229,1
M,V,EI_EXPOSE_REP2,com.helger.as2lib.client.AS2ClientRequest,m_aDataHandler,setData(Ljavax/activation/DataHandler;)Lcom/helger/as2lib/client/AS2ClientRequest;,251,251,0
M,V,EI_EXPOSE_REP2,com.helger.as2lib.client.AS2ClientRequest,m_aDataByteArray,setData([B)Lcom/helger/as2lib/client/AS2ClientRequest;,205,205,0
M,V,EI_EXPOSE_REP2,com.helger.as2lib.processor.receiver.net.AS2NetException,m_aAddress,<init>(Ljava/net/InetAddress;ILjava/lang/Throwable;)V,53,53,0
M,V,EI_EXPOSE_REP,com.helger.as2lib.processor.receiver.net.AS2NetException,m_aAddress,getAddress()Ljava/net/InetAddress;,60,60,0
M,V,EI_EXPOSE_REP2,com.helger.as2lib.cert.PredefinedCertificateFactory,m_aCtorKeyStore,<init>(Ljava/security/KeyStore;)V,58,58,0
M,V,EI_EXPOSE_REP,com.helger.as2lib.cert.PredefinedCertificateFactory,m_aCtorKeyStore,getKeyStoreFromCtor()Ljava/security/KeyStore;,64,64,0
L,B,SE_NO_SERIALVERSIONID,com.helger.as2lib.cert.PredefinedCertificateFactory,NO_FIELD,NO_METHOD,56,74,0
M,B,SE_BAD_FIELD,com.helger.as2lib.cert.PredefinedCertificateFactory,m_aCtorKeyStore,NO_METHOD,-1,-1,0
M,V,EI_EXPOSE_REP2,com.helger.as2lib.partner.AS2PartnershipNotFoundException,m_aPartnership,<init>(Lcom/helger/as2lib/partner/Partnership;)V,51,51,0
M,V,EI_EXPOSE_REP,com.helger.as2lib.partner.AS2PartnershipNotFoundException,m_aPartnership,getPartnership()Lcom/helger/as2lib/partner/Partnership;,60,60,0
L,B,SE_NO_SERIALVERSIONID,com.helger.as2lib.processor.receiver.AS2MDNReceiverModule,NO_FIELD,NO_METHOD,39,48,0
M,V,EI_EXPOSE_REP,com.helger.as2lib.crypto.ECryptoAlgorithmCrypt,m_aOID,getOID()Lorg/bouncycastle/asn1/ASN1ObjectIdentifier;,84,84,0
M,B,SE_BAD_FIELD,com.helger.as2lib.crypto.ECryptoAlgorithmCrypt,m_aOID,NO_METHOD,-1,-1,0
L,B,SE_NO_SERIALVERSIONID,com.helger.as2lib.processor.resender.InMemoryResenderModule,NO_FIELD,NO_METHOD,63,197,0
M,V,EI_EXPOSE_REP,com.helger.as2lib.processor.AS2NoModuleException,m_aOptions,options()Lcom/helger/commons/collection/impl/ICommonsMap;,82,82,0
M,V,EI_EXPOSE_REP2,com.helger.as2lib.processor.AS2NoModuleException,m_aMsg,<init>(Ljava/lang/String;Lcom/helger/as2lib/message/IMessage;Ljava/util/Map;)V,62,62,0
M,V,EI_EXPOSE_REP,com.helger.as2lib.processor.AS2NoModuleException,m_aMsg,getMsg()Lcom/helger/as2lib/message/IMessage;,75,75,0
M,V,EI_EXPOSE_REP,com.helger.as2lib.AbstractDynamicComponent,m_aSession,getSession()Lcom/helger/as2lib/session/IAS2Session;,98,98,0
M,V,EI_EXPOSE_REP,com.helger.as2lib.AbstractDynamicComponent,m_aAttrs,attrs()Lcom/helger/commons/collection/attr/StringMap;,67,67,0
L,B,SE_NO_SERIALVERSIONID,com.helger.as2lib.partner.Partnership,NO_FIELD,NO_METHOD,67,1025,1
M,V,EI_EXPOSE_REP,com.helger.as2lib.processor.AS2ProcessorException,m_aProcessor,getProcessor()Lcom/helger/as2lib/processor/IMessageProcessor;,91,91,1
M,V,EI_EXPOSE_REP2,com.helger.as2lib.processor.AS2ProcessorException,m_aProcessor,<init>(Lcom/helger/as2lib/processor/IMessageProcessor;Ljava/util/List;)V,84,84,1
L,B,SE_NO_SERIALVERSIONID,com.helger.as2lib.params.MessageParameters,NO_FIELD,NO_METHOD,57,140,0
H,D,DMI_NONSERIALIZABLE_OBJECT_WRITTEN,com.helger.as2lib.message.AbstractBaseMessage,NO_FIELD,writeObject(Ljava/io/ObjectOutputStream;)V,79,79,0
M,V,EI_EXPOSE_REP,com.helger.as2lib.message.AbstractBaseMessage,m_aHeaders,headers()Lcom/helger/commons/http/HttpHeaderMap;,96,96,0
M,V,EI_EXPOSE_REP,com.helger.as2lib.message.AbstractBaseMessage,m_aAttributes,attrs()Lcom/helger/commons/collection/attr/StringMap;,89,89,0
M,V,EI_EXPOSE_REP,com.helger.as2lib.message.AbstractBaseMessage,m_aPartnership,partnership()Lcom/helger/as2lib/partner/Partnership;,109,109,0
M,V,EI_EXPOSE_REP2,com.helger.as2lib.message.AbstractBaseMessage,m_aPartnership,setPartnership(Lcom/helger/as2lib/partner/Partnership;)V,102,102,0
M,V,MS_EXPOSE_REP,com.helger.as2lib.util.AS2IOHelper,FOM,getFileOperationManager()Lcom/helger/commons/io/file/FileOperationManager;,83,83,0
M,V,EI_EXPOSE_REP,com.helger.as2lib.message.AbstractMessageMDN,m_aData,getData()Ljavax/mail/internet/MimeBodyPart;,78,78,0
M,V,EI_EXPOSE_REP,com.helger.as2lib.message.AbstractMessageMDN,m_aMessage,getMessage()Lcom/helger/as2lib/message/IMessage;,66,66,0
M,V,EI_EXPOSE_REP2,com.helger.as2lib.message.AbstractMessageMDN,m_aMessage,setMessage(Lcom/helger/as2lib/message/IMessage;)V,72,72,0
M,V,EI_EXPOSE_REP2,com.helger.as2lib.message.AbstractMessageMDN,m_aData,setData(Ljavax/mail/internet/MimeBodyPart;)V,83,83,0
L,V,MC_OVERRIDABLE_METHOD_CALL_IN_CONSTRUCTOR,com.helger.as2lib.message.AbstractMessageMDN,NO_FIELD,<init>(Lcom/helger/as2lib/message/IMessage;)V,60,60,0
M,X,OBL_UNSATISFIED_OBLIGATION,com.helger.as2lib.util.http.TempSharedFileInputStream,NO_FIELD,storeContentToTempFile(Ljava/io/InputStream;Ljava/lang/String;)Ljava/io/File;,138,138,0
M,B,THROWS_METHOD_THROWS_CLAUSE_THROWABLE,com.helger.as2lib.util.http.TempSharedFileInputStream,NO_FIELD,finalize()V,90,99,0
L,B,SE_NO_SERIALVERSIONID,com.helger.as2lib.partner.PartnershipMap,NO_FIELD,NO_METHOD,56,192,0
M,V,EI_EXPOSE_REP2,com.helger.as2lib.params.CompositeParameters,m_aParameterParsers,setParameterParsers(Lcom/helger/commons/collection/impl/ICommonsMap;)V,138,138,0
L,B,SE_NO_SERIALVERSIONID,com.helger.as2lib.params.CompositeParameters,NO_FIELD,NO_METHOD,51,147,0
L,B,SE_NO_SERIALVERSIONID,com.helger.as2lib.message.AS2Message,NO_FIELD,NO_METHOD,64,137,0
M,V,EI_EXPOSE_REP2,com.helger.as2lib.util.dump.HTTPOutgoingDumperStreamBased,m_aOS,<init>(Ljava/io/OutputStream;)V,74,74,0
L,B,SE_NO_SERIALVERSIONID,com.helger.as2lib.message.AS2MessageMDN,NO_FIELD,NO_METHOD,57,79,0
H,C,NP_NULL_ON_SOME_PATH,com.helger.as2lib.util.AS2Helper,NO_FIELD,parseMDN(Lcom/helger/as2lib/message/IMessage;Ljava/security/cert/X509Certificate;ZLjava/util/function/Consumer;Lcom/helger/as2lib/util/AS2ResourceHelper;)V,444,444,0
M,B,THROWS_METHOD_THROWS_CLAUSE_BASIC_EXCEPTION,com.helger.as2lib.util.AS2Helper,NO_FIELD,createMDNData(Lcom/helger/as2lib/session/IAS2Session;Lcom/helger/as2lib/message/IMessageMDN;ZZLcom/helger/as2lib/crypto/ECryptoAlgorithmSign;Z)V,137,219,0
M,B,THROWS_METHOD_THROWS_CLAUSE_BASIC_EXCEPTION,com.helger.as2lib.util.AS2Helper,NO_FIELD,createMDN(Lcom/helger/as2lib/session/IAS2Session;Lcom/helger/as2lib/message/AS2Message;Lcom/helger/as2lib/disposition/DispositionType;Ljava/lang/String;)Lcom/helger/as2lib/message/IMessageMDN;,245,374,0
M,B,THROWS_METHOD_THROWS_CLAUSE_BASIC_EXCEPTION,com.helger.as2lib.util.AS2Helper,NO_FIELD,parseMDN(Lcom/helger/as2lib/message/IMessage;Ljava/security/cert/X509Certificate;ZLjava/util/function/Consumer;Lcom/helger/as2lib/util/AS2ResourceHelper;)V,383,477,0
L,D,REC_CATCH_EXCEPTION,com.helger.as2lib.processor.receiver.AbstractActiveNetModule,NO_FIELD,handleError(Lcom/helger/as2lib/message/IMessage;Lcom/helger/as2lib/exception/AS2Exception;)V,288,288,0
H,I,DM_DEFAULT_ENCODING,com.helger.as2lib.processor.receiver.AbstractActiveNetModule,NO_FIELD,handleError(Lcom/helger/as2lib/message/IMessage;Lcom/helger/as2lib/exception/AS2Exception;)V,273,273,0
M,X,OBL_UNSATISFIED_OBLIGATION_EXCEPTION_EDGE,com.helger.as2lib.processor.storage.AbstractStorageModule,NO_FIELD,_writeStreamToFile(Ljava/io/InputStream;Ljava/io/File;)V,198,198,0
H,D,RCN_REDUNDANT_NULLCHECK_OF_NONNULL_VALUE,com.helger.as2lib.processor.sender.AS2SenderModule,NO_FIELD,receiveSyncMDN(Lcom/helger/as2lib/message/AS2Message;Lcom/helger/as2lib/util/http/AS2HttpClient;Lcom/helger/as2lib/crypto/MIC;Lcom/helger/as2lib/util/dump/IHTTPIncomingDumper;Lcom/helger/as2lib/util/AS2ResourceHelper;)V,798,798,1
L,B,SE_NO_SERIALVERSIONID,com.helger.as2lib.processor.sender.AS2SenderModule,NO_FIELD,NO_METHOD,112,1055,0
L,B,SE_BAD_FIELD,com.helger.as2lib.processor.sender.AS2SenderModule,m_aIncomingMDNCallback,NO_METHOD,-1,-1,0
L,B,SE_BAD_FIELD,com.helger.as2lib.processor.sender.AS2SenderModule,m_aVerificationCertificateConsumer,NO_METHOD,-1,-1,0
M,B,THROWS_METHOD_THROWS_CLAUSE_BASIC_EXCEPTION,com.helger.as2lib.processor.sender.AS2SenderModule,NO_FIELD,calculateAndStoreMIC(Lcom/helger/as2lib/message/AS2Message;)Lcom/helger/as2lib/crypto/MIC;,346,385,0
M,B,THROWS_METHOD_THROWS_CLAUSE_BASIC_EXCEPTION,com.helger.as2lib.processor.sender.AS2SenderModule,NO_FIELD,secureMimeBodyPart(Ljavax/mail/internet/MimeBodyPart;Lcom/helger/mail/cte/EContentTransferEncoding;Lcom/helger/as2lib/crypto/ECompressionType;ZLjava/util/function/Consumer;Lcom/helger/as2lib/crypto/ECryptoAlgorithmSign;Ljava/security/cert/X509Certificate;Ljava/security/PrivateKey;ZZLcom/helger/as2lib/crypto/ECryptoAlgorithmCrypt;Ljava/security/cert/X509Certificate;)Ljavax/mail/internet/MimeBodyPart;,443,510,1
M,B,THROWS_METHOD_THROWS_CLAUSE_BASIC_EXCEPTION,com.helger.as2lib.processor.sender.AS2SenderModule,NO_FIELD,secure(Lcom/helger/as2lib/message/IMessage;Lcom/helger/mail/cte/EContentTransferEncoding;)Ljavax/mail/internet/MimeBodyPart;,517,607,0
L,B,SE_NO_SERIALVERSIONID,com.helger.as2lib.params.MessageMDNParameters,NO_FIELD,NO_METHOD,60,140,0
M,V,EI_EXPOSE_REP2,com.helger.as2lib.processor.receiver.AbstractActiveNetModule$ConnectionThread,m_aSocket,<init>(Lcom/helger/as2lib/processor/receiver/AbstractActiveNetModule;Ljava/net/Socket;)V,317,317,0
M,V,EI_EXPOSE_REP2,com.helger.as2lib.processor.receiver.AbstractActiveNetModule$ConnectionThread,m_aOwner,<init>(Lcom/helger/as2lib/processor/receiver/AbstractActiveNetModule;Ljava/net/Socket;)V,316,316,0
L,B,SE_NO_SERIALVERSIONID,com.helger.as2lib.partner.xml.XMLPartnershipFactory,NO_FIELD,NO_METHOD,74,333,0
M,V,EI_EXPOSE_REP2,com.helger.as2lib.params.ExceptionParameters,m_aTarget,<init>(Lcom/helger/as2lib/exception/AS2Exception;Z)V,60,60,0
L,B,SE_NO_SERIALVERSIONID,com.helger.as2lib.params.ExceptionParameters,NO_FIELD,NO_METHOD,59,104,0
M,V,EI_EXPOSE_REP,com.helger.as2lib.processor.receiver.AbstractDirectoryPollingModule,m_aTrackedFiles,trackedFiles()Lcom/helger/commons/collection/impl/ICommonsMap;,400,400,1
L,B,SE_NO_SERIALVERSIONID,com.helger.as2lib.partner.SelfFillingPartnershipFactory,NO_FIELD,NO_METHOD,48,115,0
L,B,SE_NO_SERIALVERSIONID,com.helger.as2lib.processor.storage.MessageFileModule,NO_FIELD,NO_METHOD,69,160,0
L,D,REC_CATCH_EXCEPTION,com.helger.as2lib.processor.storage.MessageFileModule,NO_FIELD,handle(Ljava/lang/String;Lcom/helger/as2lib/message/IMessage;Ljava/util/Map;)V,105,105,1
M,V,EI_EXPOSE_REP,com.helger.as2lib.processor.receiver.net.AS2MDNReceiverHandler,m_aReceiverModule,getModule()Lcom/helger/as2lib/processor/receiver/AS2MDNReceiverModule;,126,126,0
M,V,EI_EXPOSE_REP,com.helger.as2lib.message.AbstractMessage,m_aData,getData()Ljavax/mail/internet/MimeBodyPart;,103,103,1
M,V,EI_EXPOSE_REP2,com.helger.as2lib.message.AbstractMessage,m_aMDN,setMDN(Lcom/helger/as2lib/message/IMessageMDN;)V,108,108,1
M,V,EI_EXPOSE_REP2,com.helger.as2lib.message.AbstractMessage,m_aData,setData(Ljavax/mail/internet/MimeBodyPart;)V,72,72,1
M,V,EI_EXPOSE_REP,com.helger.as2lib.message.AbstractMessage,m_aMDN,getMDN()Lcom/helger/as2lib/message/IMessageMDN;,114,114,1
L,B,SE_NO_SERIALVERSIONID,com.helger.as2lib.processor.resender.DirectoryResenderModule,NO_FIELD,NO_METHOD,77,265,0
L,D,REC_CATCH_EXCEPTION,com.helger.as2lib.processor.resender.DirectoryResenderModule,NO_FIELD,isTimeToSend(Ljava/io/File;)Z,162,162,0
M,V,EI_EXPOSE_REP2,com.helger.as2lib.session.AS2Session,m_aHttpProxy,setHttpProxy(Ljava/net/Proxy;)V,203,203,0
M,V,EI_EXPOSE_REP,com.helger.as2lib.session.AS2Session,m_aHttpProxy,getHttpProxy()Ljava/net/Proxy;,198,198,0
L,B,SE_NO_SERIALVERSIONID,com.helger.as2lib.session.AS2Session,NO_FIELD,NO_METHOD,74,238,0
M,B,SE_BAD_FIELD,com.helger.as2lib.session.AS2Session,m_aHttpProxy,NO_METHOD,-1,-1,0
L,B,SE_NO_SERIALVERSIONID,com.helger.as2lib.processor.storage.MDNFileModule,NO_FIELD,NO_METHOD,64,127,0
M,V,EI_EXPOSE_REP,com.helger.as2lib.processor.AsyncMessageProcessor,m_aExceptionCallbacks,exceptionCallbacks()Lcom/helger/commons/callback/CallbackList;,132,132,0
L,B,SE_NO_SERIALVERSIONID,com.helger.as2lib.processor.AsyncMessageProcessor,NO_FIELD,NO_METHOD,78,164,0
M,B,SE_BAD_FIELD,com.helger.as2lib.processor.AsyncMessageProcessor,m_aQueue,NO_METHOD,-1,-1,0
M,B,SE_BAD_FIELD,com.helger.as2lib.processor.AsyncMessageProcessor,m_aExceptionCallbacks,NO_METHOD,-1,-1,0
M,B,SE_BAD_FIELD,com.helger.as2lib.processor.AsyncMessageProcessor,m_aProcessorThread,NO_METHOD,-1,-1,0
L,M,SC_START_IN_CTOR,com.helger.as2lib.processor.AsyncMessageProcessor,NO_FIELD,<init>()V,119,119,0
L,V,MC_OVERRIDABLE_METHOD_CALL_IN_CONSTRUCTOR,com.helger.as2lib.processor.AsyncMessageProcessor,NO_FIELD,<init>()V,86,86,0
L,B,SE_NO_SERIALVERSIONID,com.helger.as2lib.processor.sender.AsynchMDNSenderModule,NO_FIELD,NO_METHOD,76,241,0
L,D,REC_CATCH_EXCEPTION,com.helger.as2lib.crypto.BCCryptoHelper,NO_FIELD,<clinit>()V,157,157,0
M,B,THROWS_METHOD_THROWS_CLAUSE_BASIC_EXCEPTION,com.helger.as2lib.crypto.BCCryptoHelper,NO_FIELD,loadKeyStore(Lcom/helger/security/keystore/IKeyStoreType;Ljava/io/InputStream;[C)Ljava/security/KeyStore;,249,252,0
M,V,EI_EXPOSE_REP,com.helger.as2lib.client.AS2ClientSettings,m_aKeyStoreBytes,getKeyStoreBytes()[B,172,172,0
M,V,EI_EXPOSE_REP2,com.helger.as2lib.client.AS2ClientSettings,m_aKeyStoreBytes,setKeyStore(Lcom/helger/security/keystore/IKeyStoreType;[BLjava/lang/String;)Lcom/helger/as2lib/client/AS2ClientSettings;,237,237,0
M,V,EI_EXPOSE_REP,com.helger.as2lib.client.AS2ClientSettings,m_aCustomHeaders,customHeaders()Lcom/helger/commons/http/HttpHeaderMap;,857,857,0
M,V,EI_EXPOSE_REP,com.helger.as2lib.client.AS2ClientSettings,m_aReceiverCert,getReceiverCertificate()Ljava/security/cert/X509Certificate;,388,388,0
M,V,EI_EXPOSE_REP2,com.helger.as2lib.client.AS2ClientSettings,m_aReceiverCert,setReceiverCertificate(Ljava/security/cert/X509Certificate;)Lcom/helger/as2lib/client/AS2ClientSettings;,403,403,0
L,B,SE_NO_SERIALVERSIONID,com.helger.as2lib.client.AS2ClientSettings,NO_FIELD,NO_METHOD,80,908,1
H,B,SE_BAD_FIELD,com.helger.as2lib.client.AS2ClientSettings,m_aCustomHeaders,NO_METHOD,-1,-1,1
M,B,SE_BAD_FIELD,com.helger.as2lib.client.AS2ClientSettings,m_aHttpOutgoingDumperFactory,NO_METHOD,-1,-1,1
M,B,SE_BAD_FIELD,com.helger.as2lib.client.AS2ClientSettings,m_aHttpIncomingDumper,NO_METHOD,-1,-1,1
M,B,SE_BAD_FIELD,com.helger.as2lib.client.AS2ClientSettings,m_aVerificationCertificateConsumer,NO_METHOD,-1,-1,1
M,V,EI_EXPOSE_REP2,com.helger.as2lib.processor.receiver.AbstractActiveNetModule$MainThread,m_aOwner,<init>(Lcom/helger/as2lib/processor/receiver/AbstractActiveNetModule;Ljava/lang/String;I)V,353,353,0
M,V,EI_EXPOSE_REP,com.helger.as2lib.client.AS2Client,m_aHttpProxy,getHttpProxy()Ljava/net/Proxy;,113,113,0
M,V,EI_EXPOSE_REP2,com.helger.as2lib.client.AS2Client,m_aHttpProxy,setHttpProxy(Ljava/net/Proxy;)Lcom/helger/as2lib/client/AS2Client;,126,126,0
M,D,REC_CATCH_EXCEPTION,com.helger.as2lib.client.AS2Client,NO_FIELD,sendSynchronous(Lcom/helger/as2lib/client/AS2ClientSettings;Lcom/helger/as2lib/client/AS2ClientRequest;)Lcom/helger/as2lib/client/AS2ClientResponse;,483,483,0
M,D,RCN_REDUNDANT_NULLCHECK_OF_NONNULL_VALUE,com.helger.as2lib.cert.AbstractCertificateFactory,NO_FIELD,initEmptyKeyStore()V,249,249,0
M,X,OBL_UNSATISFIED_OBLIGATION,com.helger.as2lib.cert.AbstractCertificateFactory,NO_FIELD,lambda$save$60(Ljava/io/OutputStream;)Ljava/lang/String;,676,676,0
M,X,OBL_UNSATISFIED_OBLIGATION,com.helger.as2lib.cert.AbstractCertificateFactory,NO_FIELD,lambda$load$57(Ljava/io/InputStream;)Ljava/lang/String;,645,645,0
M,X,OBL_UNSATISFIED_OBLIGATION_EXCEPTION_EDGE,com.helger.as2lib.cert.AbstractCertificateFactory,NO_FIELD,load(Ljava/io/InputStream;[C)V,645,645,0
M,X,OBL_UNSATISFIED_OBLIGATION_EXCEPTION_EDGE,com.helger.as2lib.cert.AbstractCertificateFactory,NO_FIELD,save(Ljava/io/OutputStream;[C)V,676,676,0
M,D,NP_LOAD_OF_KNOWN_NULL_VALUE,com.helger.as2lib.params.DateParameters,NO_FIELD,getParameter(Ljava/lang/String;)Ljava/lang/String;,78,78,0
L,B,SE_NO_SERIALVERSIONID,com.helger.as2lib.params.DateParameters,NO_FIELD,NO_METHOD,48,85,0
M,C,TQ_NEVER_VALUE_USED_WHERE_ALWAYS_REQUIRED,com.helger.as2lib.processor.sender.AbstractSenderModule,NO_FIELD,getRetryCount(Lcom/helger/as2lib/partner/Partnership;Ljava/util/Map;)I,116,116,0
L,D,REC_CATCH_EXCEPTION,com.helger.as2lib.processor.receiver.net.AS2ReceiverHandler,NO_FIELD,decrypt(Lcom/helger/as2lib/message/IMessage;Lcom/helger/as2lib/util/AS2ResourceHelper;)V,256,256,1
L,D,REC_CATCH_EXCEPTION,com.helger.as2lib.processor.receiver.net.AS2ReceiverHandler,NO_FIELD,verify(Lcom/helger/as2lib/message/IMessage;Lcom/helger/as2lib/util/AS2ResourceHelper;)V,333,333,1
L,B,SE_NO_SERIALVERSIONID,com.helger.as2lib.params.RandomParameters,NO_FIELD,NO_METHOD,40,73,0
L,B,SE_NO_SERIALVERSIONID,com.helger.as2lib.partner.xml.SelfFillingXMLPartnershipFactory,NO_FIELD,NO_METHOD,50,83,0
L,P,SIC_INNER_SHOULD_BE_STATIC_ANON,com.helger.as2lib.util.http.AS2HttpClient,NO_FIELD,send(Ljava/io/InputStream;Lcom/helger/mail/cte/EContentTransferEncoding;Lcom/helger/as2lib/util/dump/IHTTPOutgoingDumper;Lcom/helger/as2lib/util/AS2ResourceHelper;)J,179,179,0
L,D,UWF_FIELD_NOT_INITIALIZED_IN_CONSTRUCTOR,com.helger.as2lib.client.AS2ClientResponse,m_aExecutionDuration,getAsString()Ljava/lang/String;,268,268,0
L,D,UWF_FIELD_NOT_INITIALIZED_IN_CONSTRUCTOR,com.helger.as2lib.client.AS2ClientResponse,m_aThrowable,getAsString()Ljava/lang/String;,264,264,0
L,B,NM_CONFUSING,com.helger.as2lib.client.AS2ClientSettings,NO_FIELD,getAsyncMDNUrl()Ljava/lang/String;,636,636,0
