L,D,NP_PARAMETER_MUST_BE_NONNULL_BUT_MARKED_AS_NULLABLE,com.metamx.common.guava.LimitedSequenceTest$1,NO_FIELD,apply(Ljava/lang/Integer;)Ljava/lang/Integer;,82,83,0
L,D,NP_PARAMETER_MUST_BE_NONNULL_BUT_MARKED_AS_NULLABLE,com.metamx.common.guava.FilteredSequenceTest$1,NO_FIELD,apply(Ljava/lang/Integer;)Z,38,38,0
L,D,NP_PARAMETER_MUST_BE_NONNULL_BUT_MARKED_AS_NULLABLE,com.metamx.common.guava.FunctionalIteratorTest$2,NO_FIELD,apply(Ljava/lang/String;)Ljava/util/Iterator;,66,66,0
L,D,NP_PARAMETER_MUST_BE_NONNULL_BUT_MARKED_AS_NULLABLE,com.metamx.common.guava.FunctionalIteratorTest$1,NO_FIELD,apply(Ljava/lang/String;)Ljava/lang/Integer;,45,45,0
M,B,THROWS_METHOD_THROWS_CLAUSE_BASIC_EXCEPTION,com.metamx.common.guava.ExecutorExecutingSequence$2,NO_FIELD,call()Lcom/metamx/common/guava/Yielder;,76,76,0
M,B,THROWS_METHOD_THROWS_CLAUSE_BASIC_EXCEPTION,com.metamx.common.guava.ExecutorExecutingSequence$2,NO_FIELD,call()Ljava/lang/Object;,72,72,0
M,B,THROWS_METHOD_THROWS_CLAUSE_BASIC_EXCEPTION,com.metamx.common.guava.ExecutorExecutingSequence$1,NO_FIELD,call()Ljava/lang/Object;,52,52,0
L,B,IT_NO_SUCH_ELEMENT,com.metamx.common.guava.BaseSequenceTest$1$1,NO_FIELD,next()Ljava/lang/Integer;,65,65,0
M,D,NP_PARAMETER_MUST_BE_NONNULL_BUT_MARKED_AS_NULLABLE,com.metamx.common.io.smoosh.Smoosh$1,NO_FIELD,apply(Ljava/io/File;)Ljava/lang/String;,48,48,0
M,V,EI_EXPOSE_REP2,com.metamx.common.guava.DroppingIterator,delegate,<init>(Ljava/util/Iterator;I)V,34,34,0
M,D,NP_PARAMETER_MUST_BE_NONNULL_BUT_MARKED_AS_NULLABLE,com.metamx.common.JodaUtils$1,NO_FIELD,apply(Lorg/joda/time/Interval;)Z,92,92,0
M,B,SE_BAD_FIELD,com.metamx.common.Granularity$9,defaultFormat,NO_METHOD,-1,-1,1
M,B,SE_BAD_FIELD,com.metamx.common.Granularity$9,hiveFormat,NO_METHOD,-1,-1,1
M,B,SE_BAD_FIELD,com.metamx.common.Granularity$9,lowerDefaultFormat,NO_METHOD,-1,-1,1
M,B,SE_BAD_FIELD,com.metamx.common.Granularity$8,defaultFormat,NO_METHOD,-1,-1,1
M,B,SE_BAD_FIELD,com.metamx.common.Granularity$8,hiveFormat,NO_METHOD,-1,-1,1
M,B,SE_BAD_FIELD,com.metamx.common.Granularity$8,lowerDefaultFormat,NO_METHOD,-1,-1,1
M,B,SE_BAD_FIELD,com.metamx.common.Granularity$6,defaultFormat,NO_METHOD,-1,-1,1
M,B,SE_BAD_FIELD,com.metamx.common.Granularity$6,hiveFormat,NO_METHOD,-1,-1,1
M,B,SE_BAD_FIELD,com.metamx.common.Granularity$6,lowerDefaultFormat,NO_METHOD,-1,-1,1
M,B,SE_BAD_FIELD,com.metamx.common.Granularity$1,defaultFormat,NO_METHOD,-1,-1,1
M,B,SE_BAD_FIELD,com.metamx.common.Granularity$1,hiveFormat,NO_METHOD,-1,-1,1
M,B,SE_BAD_FIELD,com.metamx.common.Granularity$1,lowerDefaultFormat,NO_METHOD,-1,-1,1
M,B,SE_BAD_FIELD,com.metamx.common.Granularity$2,defaultFormat,NO_METHOD,-1,-1,1
M,B,SE_BAD_FIELD,com.metamx.common.Granularity$2,hiveFormat,NO_METHOD,-1,-1,1
M,B,SE_BAD_FIELD,com.metamx.common.Granularity$2,lowerDefaultFormat,NO_METHOD,-1,-1,1
M,V,EI_EXPOSE_REP2,com.metamx.common.guava.IteratorWithBaggage,baseIter,<init>(Ljava/util/Iterator;Ljava/io/Closeable;)V,37,37,0
M,V,EI_EXPOSE_REP2,com.metamx.common.guava.nary.BinaryTransformIterator,lhsIter,<init>(Ljava/util/Iterator;Ljava/util/Iterator;Lcom/metamx/common/guava/nary/BinaryFn;)V,41,41,0
M,V,EI_EXPOSE_REP2,com.metamx.common.guava.nary.BinaryTransformIterator,rhsIter,<init>(Ljava/util/Iterator;Ljava/util/Iterator;Lcom/metamx/common/guava/nary/BinaryFn;)V,42,42,0
L,B,SE_NO_SERIALVERSIONID,com.metamx.common.guava.DefaultingHashMap,NO_FIELD,NO_METHOD,32,46,0
L,B,SE_BAD_FIELD,com.metamx.common.guava.DefaultingHashMap,supplier,NO_METHOD,-1,-1,0
M,B,OS_OPEN_STREAM,com.metamx.common.Props,NO_FIELD,fromFilename(Ljava/lang/String;)Ljava/util/Properties;,27,27,0
M,X,OBL_UNSATISFIED_OBLIGATION,com.metamx.common.Props,NO_FIELD,fromFilename(Ljava/lang/String;)Ljava/util/Properties;,27,27,0
M,B,THROWS_METHOD_THROWS_RUNTIMEEXCEPTION,com.metamx.common.guava.ExecutorExecutingSequence,NO_FIELD,accumulate(Ljava/lang/Object;Lcom/metamx/common/guava/Accumulator;)Ljava/lang/Object;,46,63,0
M,B,THROWS_METHOD_THROWS_RUNTIMEEXCEPTION,com.metamx.common.guava.ExecutorExecutingSequence,NO_FIELD,toYielder(Ljava/lang/Object;Lcom/metamx/common/guava/YieldingAccumulator;)Lcom/metamx/common/guava/Yielder;,70,87,0
L,D,NP_PARAMETER_MUST_BE_NONNULL_BUT_MARKED_AS_NULLABLE,com.metamx.common.collect.CountingMap$1,NO_FIELD,apply(Ljava/util/concurrent/atomic/AtomicLong;)Ljava/lang/Long;,50,50,0
M,D,NP_PARAMETER_MUST_BE_NONNULL_BUT_MARKED_AS_NULLABLE,com.metamx.common.guava.Fns$2,NO_FIELD,apply(Ljava/util/Map;)Ljava/lang/Object;,45,45,0
M,D,NP_PARAMETER_MUST_BE_NONNULL_BUT_MARKED_AS_NULLABLE,com.metamx.common.guava.Fns$1,NO_FIELD,apply(Ljava/lang/String;)[Ljava/lang/String;,33,33,0
L,D,DLS_DEAD_LOCAL_STORE_IN_RETURN,com.metamx.common.guava.SequenceTestHelper$3,NO_FIELD,accumulate(Ljava/lang/Integer;Ljava/lang/Integer;)Ljava/lang/Integer;,132,132,0
L,D,DLS_DEAD_LOCAL_STORE_IN_RETURN,com.metamx.common.guava.SequenceTestHelper$4,NO_FIELD,accumulate(Ljava/lang/Integer;Ljava/lang/Integer;)Ljava/lang/Integer;,154,154,0
L,D,NP_PARAMETER_MUST_BE_NONNULL_BUT_MARKED_AS_NULLABLE,com.metamx.common.parsers.CSVParser$1,NO_FIELD,apply(Ljava/lang/String;)Ljava/lang/Object;,53,61,0
M,V,EI_EXPOSE_REP2,com.metamx.common.guava.nary.TrinaryTransformIterator,iterator2,<init>(Ljava/util/Iterator;Ljava/util/Iterator;Ljava/util/Iterator;Lcom/metamx/common/guava/nary/TrinaryFn;)V,49,49,0
M,V,EI_EXPOSE_REP2,com.metamx.common.guava.nary.TrinaryTransformIterator,iterator1,<init>(Ljava/util/Iterator;Ljava/util/Iterator;Ljava/util/Iterator;Lcom/metamx/common/guava/nary/TrinaryFn;)V,48,48,0
M,V,EI_EXPOSE_REP2,com.metamx.common.guava.nary.TrinaryTransformIterator,iterator3,<init>(Ljava/util/Iterator;Ljava/util/Iterator;Ljava/util/Iterator;Lcom/metamx/common/guava/nary/TrinaryFn;)V,50,50,0
M,B,THROWS_METHOD_THROWS_CLAUSE_BASIC_EXCEPTION,com.metamx.common.lifecycle.Lifecycle$Handler,NO_FIELD,start()V,-1,-1,0
L,D,NP_PARAMETER_MUST_BE_NONNULL_BUT_MARKED_AS_NULLABLE,com.metamx.common.guava.FunctionalIterableTest$2,NO_FIELD,apply(Ljava/lang/String;)Ljava/lang/Iterable;,65,65,0
M,B,THROWS_METHOD_THROWS_CLAUSE_BASIC_EXCEPTION,com.metamx.common.guava.ExecutorExecutingSequence$3$1,NO_FIELD,call()Lcom/metamx/common/guava/Yielder;,110,110,0
M,B,THROWS_METHOD_THROWS_CLAUSE_BASIC_EXCEPTION,com.metamx.common.guava.ExecutorExecutingSequence$3$1,NO_FIELD,call()Ljava/lang/Object;,106,106,0
L,D,NP_PARAMETER_MUST_BE_NONNULL_BUT_MARKED_AS_NULLABLE,com.metamx.common.guava.FunctionalIterableTest$1,NO_FIELD,apply(Ljava/lang/String;)Ljava/lang/Integer;,44,44,0
M,B,THROWS_METHOD_THROWS_RUNTIMEEXCEPTION,com.metamx.common.guava.ExecutorExecutingSequenceTest$TestExecutor,NO_FIELD,submit(Ljava/util/concurrent/Callable;)Ljava/util/concurrent/Future;,118,123,0
M,D,NP_PARAMETER_MUST_BE_NONNULL_BUT_MARKED_AS_NULLABLE,com.metamx.common.MapUtils$1,NO_FIELD,apply(Ljava/util/Map;)Ljava/lang/String;,55,55,0
M,B,THROWS_METHOD_THROWS_RUNTIMEEXCEPTION,com.metamx.common.lifecycle.Lifecycle$StartCloseHandler,NO_FIELD,<init>(Ljava/lang/Object;)V,361,370,0
M,B,THROWS_METHOD_THROWS_CLAUSE_BASIC_EXCEPTION,com.metamx.common.lifecycle.Lifecycle$StartCloseHandler,NO_FIELD,start()V,376,378,0
L,B,SE_NO_SERIALVERSIONID,com.metamx.common.collect.AggregatingMap,NO_FIELD,NO_METHOD,23,35,0
L,D,NP_PARAMETER_MUST_BE_NONNULL_BUT_MARKED_AS_NULLABLE,com.metamx.common.concurrent.FunctionalThreadFactory$3,NO_FIELD,apply(Ljava/lang/Thread;)Ljava/lang/Thread;,79,80,0
M,D,NP_PARAMETER_MUST_BE_NONNULL_BUT_MARKED_AS_NULLABLE,com.metamx.common.Pair$1,NO_FIELD,apply(Lcom/metamx/common/Pair;)Ljava/lang/Object;,87,87,0
M,D,NP_PARAMETER_MUST_BE_NONNULL_BUT_MARKED_AS_NULLABLE,com.metamx.common.Pair$2,NO_FIELD,apply(Lcom/metamx/common/Pair;)Ljava/lang/Object;,99,99,0
M,V,EI_EXPOSE_REP2,com.metamx.common.lifecycle.LifecycleTest$ObjectToBeLifecycled,orderOfStarts,<init>(ILjava/util/List;Ljava/util/List;)V,128,128,0
M,V,EI_EXPOSE_REP2,com.metamx.common.lifecycle.LifecycleTest$ObjectToBeLifecycled,orderOfStops,<init>(ILjava/util/List;Ljava/util/List;)V,129,129,0
M,B,SE_BAD_FIELD,com.metamx.common.Granularity$11,defaultFormat,NO_METHOD,-1,-1,1
M,B,SE_BAD_FIELD,com.metamx.common.Granularity$11,hiveFormat,NO_METHOD,-1,-1,1
M,B,SE_BAD_FIELD,com.metamx.common.Granularity$11,lowerDefaultFormat,NO_METHOD,-1,-1,1
M,B,SE_BAD_FIELD,com.metamx.common.Granularity$10,defaultFormat,NO_METHOD,-1,-1,1
M,B,SE_BAD_FIELD,com.metamx.common.Granularity$10,hiveFormat,NO_METHOD,-1,-1,1
M,B,SE_BAD_FIELD,com.metamx.common.Granularity$10,lowerDefaultFormat,NO_METHOD,-1,-1,1
L,D,NP_PARAMETER_MUST_BE_NONNULL_BUT_MARKED_AS_NULLABLE,com.metamx.common.parsers.DelimitedParser$1,NO_FIELD,apply(Ljava/lang/String;)Ljava/lang/Object;,66,74,0
M,B,THROWS_METHOD_THROWS_RUNTIMEEXCEPTION,com.metamx.common.guava.MergeSequence$2,NO_FIELD,accumulate(Ljava/util/PriorityQueue;Lcom/metamx/common/guava/Sequence;)Ljava/util/PriorityQueue;,66,90,0
L,D,NP_PARAMETER_MUST_BE_NONNULL_BUT_MARKED_AS_NULLABLE,com.metamx.common.guava.MergeSequence$1,NO_FIELD,apply(Lcom/metamx/common/guava/Yielder;)Ljava/lang/Object;,53,53,0
M,B,RV_NEGATING_RESULT_OF_COMPARETO,com.metamx.common.guava.Comparators$1,NO_FIELD,compare(Ljava/lang/Object;Ljava/lang/Object;)I,43,43,1
M,B,THROWS_METHOD_THROWS_CLAUSE_BASIC_EXCEPTION,com.metamx.common.CompressionUtils$1,NO_FIELD,call()Lcom/metamx/common/FileUtils$FileCopyResult;,138,138,0
M,B,THROWS_METHOD_THROWS_CLAUSE_BASIC_EXCEPTION,com.metamx.common.CompressionUtils$1,NO_FIELD,call()Ljava/lang/Object;,134,134,0
M,B,THROWS_METHOD_THROWS_RUNTIMEEXCEPTION,com.metamx.common.guava.ResourceClosingSequence,NO_FIELD,toYielder(Ljava/lang/Object;Lcom/metamx/common/guava/YieldingAccumulator;)Lcom/metamx/common/guava/Yielder;,41,48,0
M,B,THROWS_METHOD_THROWS_CLAUSE_BASIC_EXCEPTION,com.metamx.common.RetryUtilsTest$3,NO_FIELD,call()Ljava/lang/String;,71,72,0
M,B,THROWS_METHOD_THROWS_CLAUSE_BASIC_EXCEPTION,com.metamx.common.RetryUtilsTest$3,NO_FIELD,call()Ljava/lang/Object;,67,67,0
M,B,THROWS_METHOD_THROWS_CLAUSE_BASIC_EXCEPTION,com.metamx.common.RetryUtilsTest$2,NO_FIELD,call()Ljava/lang/String;,48,49,0
M,B,THROWS_METHOD_THROWS_CLAUSE_BASIC_EXCEPTION,com.metamx.common.RetryUtilsTest$2,NO_FIELD,call()Ljava/lang/Object;,44,44,0
M,B,THROWS_METHOD_THROWS_CLAUSE_BASIC_EXCEPTION,com.metamx.common.RetryUtilsTest$5,NO_FIELD,call()Ljava/lang/String;,122,125,0
M,B,THROWS_METHOD_THROWS_CLAUSE_BASIC_EXCEPTION,com.metamx.common.RetryUtilsTest$5,NO_FIELD,call()Ljava/lang/Object;,118,118,0
M,V,EI_EXPOSE_REP2,com.metamx.common.guava.FunctionalIterator,delegate,<init>(Ljava/util/Iterator;)V,55,55,0
M,B,THROWS_METHOD_THROWS_CLAUSE_BASIC_EXCEPTION,com.metamx.common.RetryUtilsTest$4,NO_FIELD,call()Ljava/lang/String;,96,99,0
M,B,THROWS_METHOD_THROWS_CLAUSE_BASIC_EXCEPTION,com.metamx.common.RetryUtilsTest$4,NO_FIELD,call()Ljava/lang/Object;,92,92,0
L,D,NP_PARAMETER_MUST_BE_NONNULL_BUT_MARKED_AS_NULLABLE,com.metamx.common.guava.MappedSequenceTest$1,NO_FIELD,apply(Ljava/lang/Integer;)Ljava/lang/Integer;,37,37,0
M,B,THROWS_METHOD_THROWS_RUNTIMEEXCEPTION,com.metamx.common.guava.MergeSequence,NO_FIELD,makeYielder(Ljava/util/PriorityQueue;Ljava/lang/Object;Lcom/metamx/common/guava/YieldingAccumulator;)Lcom/metamx/common/guava/Yielder;,104,126,0
M,B,THROWS_METHOD_THROWS_RUNTIMEEXCEPTION,com.metamx.common.Timing,NO_FIELD,timeBenchmarkWrapException(Ljava/lang/String;Ljava/util/concurrent/Callable;Lcom/metamx/common/logger/Logger;)Ljava/lang/Object;,28,30,0
M,B,THROWS_METHOD_THROWS_CLAUSE_BASIC_EXCEPTION,com.metamx.common.Timing,NO_FIELD,timeBenchmark(Ljava/lang/String;Ljava/util/concurrent/Callable;Lcom/metamx/common/logger/Logger;)Ljava/lang/Object;,38,44,0
M,B,THROWS_METHOD_THROWS_RUNTIMEEXCEPTION,com.metamx.common.StringUtils,NO_FIELD,fromUtf8([B)Ljava/lang/String;,39,43,0
M,B,THROWS_METHOD_THROWS_RUNTIMEEXCEPTION,com.metamx.common.StringUtils,NO_FIELD,toUtf8(Ljava/lang/String;)[B,62,66,0
M,B,THROWS_METHOD_THROWS_RUNTIMEEXCEPTION,com.metamx.common.guava.BaseSequence,NO_FIELD,toYielder(Ljava/lang/Object;Lcom/metamx/common/guava/YieldingAccumulator;)Lcom/metamx/common/guava/Yielder;,78,92,1
M,B,THROWS_METHOD_THROWS_CLAUSE_BASIC_EXCEPTION,com.metamx.common.StreamUtils$1,NO_FIELD,call()Ljava/lang/Long;,170,177,0
M,B,THROWS_METHOD_THROWS_CLAUSE_BASIC_EXCEPTION,com.metamx.common.StreamUtils$1,NO_FIELD,call()Ljava/lang/Object;,166,166,0
M,D,NP_PARAMETER_MUST_BE_NONNULL_BUT_MARKED_AS_NULLABLE,com.metamx.common.parsers.TimestampParser$9,NO_FIELD,apply(Ljava/lang/Object;)Lorg/joda/time/DateTime;,154,159,0
M,D,NP_PARAMETER_MUST_BE_NONNULL_BUT_MARKED_AS_NULLABLE,com.metamx.common.parsers.TimestampParser$7,NO_FIELD,apply(Ljava/lang/Number;)Lorg/joda/time/DateTime;,127,127,0
M,D,NP_PARAMETER_MUST_BE_NONNULL_BUT_MARKED_AS_NULLABLE,com.metamx.common.parsers.TimestampParser$8,NO_FIELD,apply(Ljava/lang/Number;)Lorg/joda/time/DateTime;,136,136,0
M,D,NP_PARAMETER_MUST_BE_NONNULL_BUT_MARKED_AS_NULLABLE,com.metamx.common.parsers.TimestampParser$6,NO_FIELD,apply(Ljava/lang/Number;)Lorg/joda/time/DateTime;,118,118,0
L,D,DLS_DEAD_LOCAL_STORE_IN_RETURN,com.metamx.common.guava.ConcatSequenceTest$2,NO_FIELD,accumulate(Ljava/lang/Integer;Ljava/lang/Integer;)Ljava/lang/Integer;,134,134,0
L,D,DLS_DEAD_LOCAL_STORE_IN_RETURN,com.metamx.common.guava.ConcatSequenceTest$3,NO_FIELD,accumulate(Ljava/lang/Integer;Ljava/lang/Integer;)Ljava/lang/Integer;,150,150,0
L,D,NP_PARAMETER_MUST_BE_NONNULL_BUT_MARKED_AS_NULLABLE,com.metamx.common.parsers.JSONToLowerParser$1,NO_FIELD,apply(Ljava/lang/String;)Ljava/lang/String;,65,65,0
L,I,DM_CONVERT_CASE,com.metamx.common.parsers.JSONToLowerParser$1,NO_FIELD,apply(Ljava/lang/String;)Ljava/lang/String;,65,65,0
M,B,THROWS_METHOD_THROWS_CLAUSE_BASIC_EXCEPTION,com.metamx.common.concurrent.ExecutorServices$1,NO_FIELD,start()V,48,48,0
M,B,THROWS_METHOD_THROWS_CLAUSE_BASIC_EXCEPTION,com.metamx.common.concurrent.ScheduledExecutors$1,NO_FIELD,call()Ljava/lang/Object;,58,58,0
M,B,THROWS_METHOD_THROWS_CLAUSE_BASIC_EXCEPTION,com.metamx.common.concurrent.ScheduledExecutors$3,NO_FIELD,call()Lcom/metamx/common/concurrent/ScheduledExecutors$Signal;,140,141,0
M,B,THROWS_METHOD_THROWS_CLAUSE_BASIC_EXCEPTION,com.metamx.common.concurrent.ScheduledExecutors$3,NO_FIELD,call()Ljava/lang/Object;,136,136,0
L,V,DP_DO_INSIDE_DO_PRIVILEGED,com.metamx.common.ByteBufferUtils,NO_FIELD,<clinit>()V,40,40,1
M,B,THROWS_METHOD_THROWS_RUNTIMEEXCEPTION,com.metamx.common.ByteBufferUtils,NO_FIELD,free(Ljava/nio/ByteBuffer;)V,67,71,1
M,B,THROWS_METHOD_THROWS_RUNTIMEEXCEPTION,com.metamx.common.ByteBufferUtils,NO_FIELD,unmap(Ljava/nio/MappedByteBuffer;)V,82,87,1
H,B,DMI_RANDOM_USED_ONLY_ONCE,com.metamx.common.RetryUtils,NO_FIELD,awaitNextRetry(Ljava/lang/Throwable;I)V,55,55,1
M,B,THROWS_METHOD_THROWS_CLAUSE_BASIC_EXCEPTION,com.metamx.common.RetryUtils,NO_FIELD,retry(Ljava/util/concurrent/Callable;Lcom/google/common/base/Predicate;I)Ljava/lang/Object;,33,47,1
M,B,THROWS_METHOD_THROWS_RUNTIMEEXCEPTION,com.metamx.common.RetryUtils,NO_FIELD,retry(Ljava/util/concurrent/Callable;Lcom/google/common/base/Predicate;I)Ljava/lang/Object;,33,47,1
M,B,THROWS_METHOD_THROWS_CLAUSE_BASIC_EXCEPTION,com.metamx.common.lifecycle.Lifecycle$AnnotationBasedHandler,NO_FIELD,start()V,322,328,0
M,B,RV_RETURN_VALUE_IGNORED_BAD_PRACTICE,com.metamx.common.StreamUtils,NO_FIELD,copyToFileAndClose(Ljava/io/InputStream;Ljava/io/File;)J,56,56,0
M,B,RV_RETURN_VALUE_IGNORED_BAD_PRACTICE,com.metamx.common.StreamUtils,NO_FIELD,copyToFileAndClose(Ljava/io/InputStream;Ljava/io/File;J)J,83,83,0
M,B,THROWS_METHOD_THROWS_RUNTIMEEXCEPTION,com.metamx.common.StreamUtils,NO_FIELD,retryCopy(Lcom/google/common/io/ByteSource;Lcom/google/common/io/ByteSink;Lcom/google/common/base/Predicate;I)J,164,185,0
M,B,THROWS_METHOD_THROWS_RUNTIMEEXCEPTION,com.metamx.common.guava.ConcatSequence,NO_FIELD,toYielder(Ljava/lang/Object;Lcom/metamx/common/guava/YieldingAccumulator;)Lcom/metamx/common/guava/Yielder;,58,78,1
M,B,THROWS_METHOD_THROWS_RUNTIMEEXCEPTION,com.metamx.common.guava.ConcatSequence,NO_FIELD,makeYielder(Lcom/metamx/common/guava/Yielder;Ljava/lang/Object;Lcom/metamx/common/guava/YieldingAccumulator;)Lcom/metamx/common/guava/Yielder;,88,109,1
M,B,THROWS_METHOD_THROWS_RUNTIMEEXCEPTION,com.metamx.common.guava.ConcatSequence,NO_FIELD,wrapYielder(Lcom/metamx/common/guava/Yielder;Lcom/metamx/common/guava/Yielder;Lcom/metamx/common/guava/YieldingAccumulator;)Lcom/metamx/common/guava/Yielder;,118,130,0
M,B,THROWS_METHOD_THROWS_CLAUSE_BASIC_EXCEPTION,com.metamx.common.lifecycle.Lifecycle,NO_FIELD,addMaybeStartManagedInstance(Ljava/lang/Object;)Ljava/lang/Object;,162,163,0
M,B,THROWS_METHOD_THROWS_CLAUSE_BASIC_EXCEPTION,com.metamx.common.lifecycle.Lifecycle,NO_FIELD,addMaybeStartManagedInstance(Ljava/lang/Object;Lcom/metamx/common/lifecycle/Lifecycle$Stage;)Ljava/lang/Object;,176,177,0
M,B,THROWS_METHOD_THROWS_CLAUSE_BASIC_EXCEPTION,com.metamx.common.lifecycle.Lifecycle,NO_FIELD,addMaybeStartStartCloseInstance(Ljava/lang/Object;)Ljava/lang/Object;,189,190,0
M,B,THROWS_METHOD_THROWS_CLAUSE_BASIC_EXCEPTION,com.metamx.common.lifecycle.Lifecycle,NO_FIELD,addMaybeStartStartCloseInstance(Ljava/lang/Object;Lcom/metamx/common/lifecycle/Lifecycle$Stage;)Ljava/lang/Object;,203,204,0
M,B,THROWS_METHOD_THROWS_CLAUSE_BASIC_EXCEPTION,com.metamx.common.lifecycle.Lifecycle,NO_FIELD,addMaybeStartHandler(Lcom/metamx/common/lifecycle/Lifecycle$Handler;)V,215,216,0
M,B,THROWS_METHOD_THROWS_CLAUSE_BASIC_EXCEPTION,com.metamx.common.lifecycle.Lifecycle,NO_FIELD,addMaybeStartHandler(Lcom/metamx/common/lifecycle/Lifecycle$Handler;Lcom/metamx/common/lifecycle/Lifecycle$Stage;)V,227,235,0
M,B,THROWS_METHOD_THROWS_CLAUSE_BASIC_EXCEPTION,com.metamx.common.lifecycle.Lifecycle,NO_FIELD,start()V,239,248,0
M,B,THROWS_METHOD_THROWS_RUNTIMEEXCEPTION,com.metamx.common.lifecycle.Lifecycle,NO_FIELD,stop()V,252,275,0
L,I,DM_CONVERT_CASE,com.metamx.common.parsers.ParserUtils,NO_FIELD,findDuplicates(Ljava/lang/Iterable;)Ljava/util/Set;,70,70,0
M,D,NP_PARAMETER_MUST_BE_NONNULL_BUT_MARKED_AS_NULLABLE,com.metamx.common.parsers.TimestampParser$3,NO_FIELD,apply(Ljava/lang/String;)Lorg/joda/time/DateTime;,72,73,0
M,D,NP_PARAMETER_MUST_BE_NONNULL_BUT_MARKED_AS_NULLABLE,com.metamx.common.parsers.TimestampParser$4,NO_FIELD,apply(Ljava/lang/String;)Lorg/joda/time/DateTime;,84,85,0
M,D,NP_PARAMETER_MUST_BE_NONNULL_BUT_MARKED_AS_NULLABLE,com.metamx.common.parsers.TimestampParser$5,NO_FIELD,apply(Ljava/lang/String;)Lorg/joda/time/DateTime;,96,97,0
M,V,EI_EXPOSE_REP2,com.metamx.common.Granularity$IntervalIterator,inputInterval,<init>(Lcom/metamx/common/Granularity;Lorg/joda/time/Interval;)V,803,803,0
M,V,EI_EXPOSE_REP2,com.metamx.common.Granularity$IntervalIterable,inputInterval,<init>(Lcom/metamx/common/Granularity;Lorg/joda/time/Interval;)V,766,766,0
L,I,DM_CONVERT_CASE,com.metamx.common.Granularity,NO_FIELD,getFormatter(Ljava/lang/String;)Lorg/joda/time/format/DateTimeFormatter;,670,670,0
L,I,DM_CONVERT_CASE,com.metamx.common.Granularity,NO_FIELD,toPath(Lorg/joda/time/DateTime;Ljava/lang/String;)Ljava/lang/String;,700,700,0
M,V,EI_EXPOSE_REP2,com.metamx.common.Granularity$ReverseIntervalIterator,inputInterval,<init>(Lcom/metamx/common/Granularity;Lorg/joda/time/Interval;)V,845,845,0
M,V,EI_EXPOSE_REP2,com.metamx.common.Granularity$ReverseIntervalIterable,inputInterval,<init>(Lcom/metamx/common/Granularity;Lorg/joda/time/Interval;)V,783,783,0
M,V,EI_EXPOSE_REP,com.metamx.common.parsers.CSVParser,fieldNames,getFieldNames()Ljava/util/List;,89,89,0
M,V,EI_EXPOSE_REP2,com.metamx.common.parsers.JSONParser,objectMapper,<init>(Lcom/fasterxml/jackson/databind/ObjectMapper;Ljava/lang/Iterable;Ljava/lang/Iterable;)V,90,90,0
M,V,EI_EXPOSE_REP,com.metamx.common.parsers.JSONParser,fieldNames,getFieldNames()Ljava/util/List;,100,100,0
L,D,REC_CATCH_EXCEPTION,com.metamx.common.parsers.JSONParser,NO_FIELD,parse(Ljava/lang/String;)Ljava/util/Map;,146,146,0
M,B,THROWS_METHOD_THROWS_RUNTIMEEXCEPTION,com.metamx.common.FileUtils,NO_FIELD,retryCopy(Lcom/google/common/io/ByteSource;Ljava/io/File;Lcom/google/common/base/Predicate;I)Lcom/metamx/common/FileUtils$FileCopyResult;,60,69,0
M,B,THROWS_METHOD_THROWS_CLAUSE_BASIC_EXCEPTION,com.metamx.common.lifecycle.LifecycleTest$1,NO_FIELD,start()V,77,92,0
M,B,THROWS_METHOD_THROWS_CLAUSE_BASIC_EXCEPTION,com.metamx.common.guava.MappedSequenceTest,NO_FIELD,testSanity()V,32,53,0
M,B,THROWS_METHOD_THROWS_CLAUSE_BASIC_EXCEPTION,com.metamx.common.guava.FilteredSequenceTest,NO_FIELD,testSanity()V,33,54,0
M,D,NP_PARAMETER_MUST_BE_NONNULL_BUT_MARKED_AS_NULLABLE,com.metamx.common.parsers.TimestampParser$2,NO_FIELD,apply(Ljava/lang/String;)Lorg/joda/time/DateTime;,59,60,0
M,D,NP_PARAMETER_MUST_BE_NONNULL_BUT_MARKED_AS_NULLABLE,com.metamx.common.parsers.TimestampParser$1,NO_FIELD,apply(Ljava/lang/String;)Lorg/joda/time/DateTime;,42,50,0
M,B,THROWS_METHOD_THROWS_CLAUSE_BASIC_EXCEPTION,com.metamx.common.guava.nary.SortedMergeIteratorTest,NO_FIELD,testSanity()V,33,51,0
H,D,DLS_DEAD_LOCAL_STORE,com.metamx.common.parsers.CSVParserTest,NO_FIELD,testValidHeader()V,36,36,0
H,D,DLS_DEAD_LOCAL_STORE,com.metamx.common.parsers.CSVParserTest,NO_FIELD,testInvalidHeader()V,53,53,0
M,D,NP_NULL_ON_SOME_PATH_FROM_RETURN_VALUE,com.metamx.common.CompressionUtils,NO_FIELD,zip(Ljava/io/File;Ljava/io/OutputStream;)J,92,92,0
M,D,DLS_DEAD_LOCAL_STORE,com.metamx.common.CompressionUtils,NO_FIELD,unzip(Lcom/google/common/io/ByteSource;Ljava/io/File;Lcom/google/common/base/Predicate;Z)Lcom/metamx/common/FileUtils$FileCopyResult;,151,151,1
M,B,THROWS_METHOD_THROWS_RUNTIMEEXCEPTION,com.metamx.common.CompressionUtils,NO_FIELD,unzip(Lcom/google/common/io/ByteSource;Ljava/io/File;Lcom/google/common/base/Predicate;Z)Lcom/metamx/common/FileUtils$FileCopyResult;,130,163,0
L,I,DM_CONVERT_CASE,com.metamx.common.parsers.JSONToLowerParser,NO_FIELD,parse(Ljava/lang/String;)Ljava/util/Map;,84,84,0
M,V,EI_EXPOSE_REP2,com.metamx.common.parsers.JSONToLowerParser,objectMapper,<init>(Lcom/fasterxml/jackson/databind/ObjectMapper;Ljava/lang/Iterable;Ljava/lang/Iterable;)V,53,53,0
L,D,REC_CATCH_EXCEPTION,com.metamx.common.parsers.JSONToLowerParser,NO_FIELD,parse(Ljava/lang/String;)Ljava/util/Map;,108,108,0
M,V,EI_EXPOSE_REP,com.metamx.common.parsers.DelimitedParser,fieldNames,getFieldNames()Ljava/util/List;,112,112,0
M,B,THROWS_METHOD_THROWS_CLAUSE_BASIC_EXCEPTION,com.metamx.common.guava.BaseSequenceTest,NO_FIELD,testSanity()V,33,35,0
M,B,THROWS_METHOD_THROWS_CLAUSE_BASIC_EXCEPTION,com.metamx.common.guava.BaseSequenceTest,NO_FIELD,testNothing()V,40,42,0
M,B,THROWS_METHOD_THROWS_CLAUSE_BASIC_EXCEPTION,com.metamx.common.guava.BaseSequenceTest,NO_FIELD,testExceptionThrownInIterator()V,47,85,0
M,B,THROWS_METHOD_THROWS_CLAUSE_BASIC_EXCEPTION,com.metamx.common.guava.LimitedSequenceTest,NO_FIELD,testSanityAccumulate()V,36,42,0
M,B,THROWS_METHOD_THROWS_CLAUSE_BASIC_EXCEPTION,com.metamx.common.guava.LimitedSequenceTest,NO_FIELD,testTwo()V,47,54,0
M,B,THROWS_METHOD_THROWS_CLAUSE_BASIC_EXCEPTION,com.metamx.common.guava.LimitedSequenceTest,NO_FIELD,testOne()V,59,66,0
M,B,THROWS_METHOD_THROWS_CLAUSE_BASIC_EXCEPTION,com.metamx.common.guava.LimitedSequenceTest,NO_FIELD,testNoSideEffects()V,71,95,0
M,B,THROWS_METHOD_THROWS_CLAUSE_BASIC_EXCEPTION,com.metamx.common.lifecycle.LifecycleTest,NO_FIELD,testSanity()V,33,60,0
M,B,THROWS_METHOD_THROWS_CLAUSE_BASIC_EXCEPTION,com.metamx.common.lifecycle.LifecycleTest,NO_FIELD,testAddToLifecycleInStartMethod()V,65,113,0
M,M,VO_VOLATILE_INCREMENT,com.metamx.common.guava.LimitedYieldingAccumulator,count,accumulate(Ljava/lang/Object;Ljava/lang/Object;)Ljava/lang/Object;,58,58,0
M,B,THROWS_METHOD_THROWS_CLAUSE_BASIC_EXCEPTION,com.metamx.common.guava.MergeIteratorTest,NO_FIELD,testSanity()V,33,43,0
M,B,THROWS_METHOD_THROWS_CLAUSE_BASIC_EXCEPTION,com.metamx.common.guava.MergeIteratorTest,NO_FIELD,testScrewsUpOnOutOfOrder()V,48,58,0
M,D,DLS_DEAD_LOCAL_STORE,com.metamx.common.JodaUtilsTest,NO_FIELD,testUmbrellaIntervalsNull()V,57,57,0
M,B,THROWS_METHOD_THROWS_CLAUSE_BASIC_EXCEPTION,com.metamx.common.JodaUtilsTest,NO_FIELD,testUmbrellaIntervalsSimple()V,34,49,0
M,B,THROWS_METHOD_THROWS_CLAUSE_BASIC_EXCEPTION,com.metamx.common.JodaUtilsTest,NO_FIELD,testUmbrellaIntervalsNull()V,54,63,0
M,B,THROWS_METHOD_THROWS_CLAUSE_BASIC_EXCEPTION,com.metamx.common.JodaUtilsTest,NO_FIELD,testCondenseIntervalsSimple()V,68,89,0
M,B,THROWS_METHOD_THROWS_CLAUSE_BASIC_EXCEPTION,com.metamx.common.JodaUtilsTest,NO_FIELD,testCondenseIntervalsMixedUp()V,94,118,0
M,B,THROWS_METHOD_THROWS_CLAUSE_BASIC_EXCEPTION,com.metamx.common.guava.FunctionalIterableTest,NO_FIELD,testTransform()V,35,51,0
M,B,THROWS_METHOD_THROWS_CLAUSE_BASIC_EXCEPTION,com.metamx.common.guava.FunctionalIterableTest,NO_FIELD,testTransformCat()V,56,72,0
M,B,THROWS_METHOD_THROWS_CLAUSE_BASIC_EXCEPTION,com.metamx.common.guava.FunctionalIterableTest,NO_FIELD,testKeep()V,77,96,0
M,B,THROWS_METHOD_THROWS_CLAUSE_BASIC_EXCEPTION,com.metamx.common.guava.FunctionalIterableTest,NO_FIELD,testFilter()V,101,117,0
M,B,THROWS_METHOD_THROWS_CLAUSE_BASIC_EXCEPTION,com.metamx.common.guava.FunctionalIterableTest,NO_FIELD,testDrop()V,122,129,0
H,B,DMI_RANDOM_USED_ONLY_ONCE,com.metamx.common.StreamUtilsTest,NO_FIELD,testRetryExceptionOnFlush()V,45,45,0
M,B,THROWS_METHOD_THROWS_CLAUSE_BASIC_EXCEPTION,com.metamx.common.TestGranularity,NO_FIELD,testGetUnits()V,347,354,0
M,B,THROWS_METHOD_THROWS_CLAUSE_BASIC_EXCEPTION,com.metamx.common.TestGranularity,NO_FIELD,testNumIn()V,359,379,0
M,B,THROWS_METHOD_THROWS_CLAUSE_BASIC_EXCEPTION,com.metamx.common.TestGranularity,NO_FIELD,testTruncate()V,384,392,0
M,B,THROWS_METHOD_THROWS_CLAUSE_BASIC_EXCEPTION,com.metamx.common.TestGranularity,NO_FIELD,testGetIterable()V,397,422,0
M,B,THROWS_METHOD_THROWS_CLAUSE_BASIC_EXCEPTION,com.metamx.common.TestGranularity,NO_FIELD,testGetReverseIterable()V,427,452,0
M,D,DMI_HARDCODED_ABSOLUTE_FILENAME,com.metamx.common.CompressionUtilsTest,NO_FIELD,testGoodGzipNameWithPath()V,474,474,0
M,D,DMI_HARDCODED_ABSOLUTE_FILENAME,com.metamx.common.CompressionUtilsTest,NO_FIELD,testBadNameWithPath()V,492,492,0
M,X,OBL_UNSATISFIED_OBLIGATION_EXCEPTION_EDGE,com.metamx.common.CompressionUtilsTest,NO_FIELD,testGoodGZStream()V,236,236,0
M,B,RV_RETURN_VALUE_IGNORED_BAD_PRACTICE,com.metamx.common.CompressionUtilsTest,NO_FIELD,testGoodZipCompressUncompress()V,134,134,0
M,B,RV_RETURN_VALUE_IGNORED_BAD_PRACTICE,com.metamx.common.CompressionUtilsTest,NO_FIELD,testGoodZipCompressUncompressWithLocalCopy()V,151,151,0
M,B,RV_RETURN_VALUE_IGNORED_BAD_PRACTICE,com.metamx.common.CompressionUtilsTest,NO_FIELD,testGoodGZCompressUncompressToFile()V,182,182,0
M,B,RV_RETURN_VALUE_IGNORED_BAD_PRACTICE,com.metamx.common.CompressionUtilsTest,NO_FIELD,testGoodZipStream()V,198,198,0
M,B,RV_RETURN_VALUE_IGNORED_BAD_PRACTICE,com.metamx.common.CompressionUtilsTest,NO_FIELD,testGunzipBugworkarround()V,375,375,0
M,B,RV_RETURN_VALUE_IGNORED_BAD_PRACTICE,com.metamx.common.CompressionUtilsTest,NO_FIELD,testZipName()V,443,443,0
M,B,RV_RETURN_VALUE_IGNORED_BAD_PRACTICE,com.metamx.common.CompressionUtilsTest,NO_FIELD,testZipName()V,446,446,0
H,I,DM_DEFAULT_ENCODING,com.metamx.common.CompressionUtilsTest,NO_FIELD,<clinit>()V,62,62,0
M,B,THROWS_METHOD_THROWS_CLAUSE_BASIC_EXCEPTION,com.metamx.common.CompressionUtilsTest,NO_FIELD,testGoodGZCompressUncompressToFile()V,174,189,0
M,B,THROWS_METHOD_THROWS_CLAUSE_BASIC_EXCEPTION,com.metamx.common.CompressionUtilsTest,NO_FIELD,testGoodGzipWithException()V,498,537,0
M,B,THROWS_METHOD_THROWS_CLAUSE_BASIC_EXCEPTION,com.metamx.common.CompressionUtilsTest,NO_FIELD,testStreamErrorGzip()V,543,561,0
M,B,THROWS_METHOD_THROWS_CLAUSE_BASIC_EXCEPTION,com.metamx.common.CompressionUtilsTest,NO_FIELD,testStreamErrorGunzip()V,566,595,0
M,B,THROWS_METHOD_THROWS_RUNTIMEEXCEPTION,com.metamx.common.CompressionUtilsTest,NO_FIELD,testStreamErrorGunzip()V,566,595,0
M,B,THROWS_METHOD_THROWS_RUNTIMEEXCEPTION,com.metamx.common.CompressionUtilsTest,NO_FIELD,<clinit>()V,60,83,0
M,B,THROWS_METHOD_THROWS_CLAUSE_BASIC_EXCEPTION,com.metamx.common.parsers.TimestampParserTest,NO_FIELD,testStripQuotes()V,29,31,0
M,B,THROWS_METHOD_THROWS_CLAUSE_BASIC_EXCEPTION,com.metamx.common.parsers.TimestampParserTest,NO_FIELD,testAuto()V,35,39,0
M,B,THROWS_METHOD_THROWS_CLAUSE_BASIC_EXCEPTION,com.metamx.common.parsers.TimestampParserTest,NO_FIELD,testRuby()V,43,46,0
M,B,THROWS_METHOD_THROWS_CLAUSE_BASIC_EXCEPTION,com.metamx.common.parsers.TimestampParserTest,NO_FIELD,testNano()V,50,62,0
M,B,THROWS_METHOD_THROWS_RUNTIMEEXCEPTION,com.metamx.common.guava.BaseSequence$3,NO_FIELD,next(Ljava/lang/Object;)Lcom/metamx/common/guava/Yielder;,133,146,1
M,B,THROWS_METHOD_THROWS_CLAUSE_BASIC_EXCEPTION,com.metamx.common.guava.ResourceClosingSequenceTest,NO_FIELD,testSanity()V,35,53,0
M,B,THROWS_METHOD_THROWS_CLAUSE_BASIC_EXCEPTION,com.metamx.common.guava.FunctionalIteratorTest,NO_FIELD,testTransform()V,36,52,0
M,B,THROWS_METHOD_THROWS_CLAUSE_BASIC_EXCEPTION,com.metamx.common.guava.FunctionalIteratorTest,NO_FIELD,testTransformCat()V,57,73,0
M,B,THROWS_METHOD_THROWS_CLAUSE_BASIC_EXCEPTION,com.metamx.common.guava.FunctionalIteratorTest,NO_FIELD,testKeep()V,78,97,0
M,B,THROWS_METHOD_THROWS_CLAUSE_BASIC_EXCEPTION,com.metamx.common.guava.FunctionalIteratorTest,NO_FIELD,testFilter()V,102,118,0
M,B,THROWS_METHOD_THROWS_CLAUSE_BASIC_EXCEPTION,com.metamx.common.guava.FunctionalIteratorTest,NO_FIELD,testDrop()V,123,130,0
M,B,THROWS_METHOD_THROWS_CLAUSE_BASIC_EXCEPTION,com.metamx.common.guava.MergeSequenceTest,NO_FIELD,testSanity()V,34,46,0
M,B,THROWS_METHOD_THROWS_CLAUSE_BASIC_EXCEPTION,com.metamx.common.guava.MergeSequenceTest,NO_FIELD,testWorksWhenBeginningOutOfOrder()V,51,63,0
M,B,THROWS_METHOD_THROWS_CLAUSE_BASIC_EXCEPTION,com.metamx.common.guava.MergeSequenceTest,NO_FIELD,testMergeEmpties()V,68,81,0
M,B,THROWS_METHOD_THROWS_CLAUSE_BASIC_EXCEPTION,com.metamx.common.guava.MergeSequenceTest,NO_FIELD,testMergeEmpties1()V,86,99,0
M,B,THROWS_METHOD_THROWS_CLAUSE_BASIC_EXCEPTION,com.metamx.common.guava.MergeSequenceTest,NO_FIELD,testMergeEmpties2()V,104,118,0
M,B,THROWS_METHOD_THROWS_CLAUSE_BASIC_EXCEPTION,com.metamx.common.guava.MergeSequenceTest,NO_FIELD,testScrewsUpOnOutOfOrder()V,123,135,0
M,B,THROWS_METHOD_THROWS_CLAUSE_BASIC_EXCEPTION,com.metamx.common.guava.MergeSequenceTest,NO_FIELD,testHierarchicalMerge()V,140,156,0
M,B,THROWS_METHOD_THROWS_CLAUSE_BASIC_EXCEPTION,com.metamx.common.guava.MergeSequenceTest,NO_FIELD,testMergeOne()V,161,170,0
M,B,THROWS_METHOD_THROWS_CLAUSE_BASIC_EXCEPTION,com.metamx.common.guava.ConcatSequenceTest,NO_FIELD,testAccumulationSingle()V,38,43,0
M,B,THROWS_METHOD_THROWS_CLAUSE_BASIC_EXCEPTION,com.metamx.common.guava.ConcatSequenceTest,NO_FIELD,testAccumulationMultiple()V,48,55,0
M,B,THROWS_METHOD_THROWS_CLAUSE_BASIC_EXCEPTION,com.metamx.common.guava.ConcatSequenceTest,NO_FIELD,testAccumulationMultipleAndEmpty()V,60,68,0
M,B,THROWS_METHOD_THROWS_CLAUSE_BASIC_EXCEPTION,com.metamx.common.guava.ConcatSequenceTest,NO_FIELD,testAccumulationMultipleAndEmpty1()V,73,82,0
M,B,THROWS_METHOD_THROWS_CLAUSE_BASIC_EXCEPTION,com.metamx.common.guava.ConcatSequenceTest,NO_FIELD,testAccumulationMultipleAndEmpty2()V,87,96,0
M,B,THROWS_METHOD_THROWS_CLAUSE_BASIC_EXCEPTION,com.metamx.common.guava.ConcatSequenceTest,NO_FIELD,testClosingOfSequenceSequence()V,101,159,0
M,B,THROWS_METHOD_THROWS_CLAUSE_BASIC_EXCEPTION,com.metamx.common.guava.ConcatSequenceTest,NO_FIELD,testClosingOfSequenceSequenceWhenExceptionThrown()V,164,188,0
M,B,THROWS_METHOD_THROWS_CLAUSE_BASIC_EXCEPTION,com.metamx.common.guava.ExecutorExecutingSequenceTest,NO_FIELD,testSanity()V,42,53,0
M,B,THROWS_METHOD_THROWS_CLAUSE_BASIC_EXCEPTION,com.metamx.common.guava.ExecutorExecutingSequenceTest,NO_FIELD,testSanity2()V,58,69,0
H,D,DLS_DEAD_LOCAL_STORE,com.metamx.common.parsers.DelimitedParserTest,NO_FIELD,testValidHeader()V,36,36,0
H,D,DLS_DEAD_LOCAL_STORE,com.metamx.common.parsers.DelimitedParserTest,NO_FIELD,testInvalidHeader()V,53,53,0
L,I,DM_CONVERT_CASE,com.metamx.common.parsers.ToLowerCaseParser,NO_FIELD,parse(Ljava/lang/String;)Ljava/util/Map;,42,42,0
M,V,EI_EXPOSE_REP2,com.metamx.common.parsers.ToLowerCaseParser,baseParser,<init>(Lcom/metamx/common/parsers/Parser;)V,33,33,0
M,B,THROWS_METHOD_THROWS_RUNTIMEEXCEPTION,com.metamx.common.guava.ExecutorExecutingSequence$3,NO_FIELD,next(Ljava/lang/Object;)Lcom/metamx/common/guava/Yielder;,104,121,0
M,D,NP_NULL_ON_SOME_PATH_FROM_RETURN_VALUE,com.metamx.common.io.smoosh.Smoosh,NO_FIELD,smoosh(Ljava/io/File;Ljava/io/File;)Ljava/util/Map;,36,36,0
M,D,NP_NULL_ON_SOME_PATH_FROM_RETURN_VALUE,com.metamx.common.io.smoosh.SmooshedFileMapperTest,NO_FIELD,testBehaviorWhenReportedSizesSmall()V,138,138,1
M,D,NP_NULL_ON_SOME_PATH_FROM_RETURN_VALUE,com.metamx.common.io.smoosh.SmooshedFileMapperTest,NO_FIELD,testBehaviorWhenReportedSizesSmall()V,134,134,1
M,D,NP_NULL_ON_SOME_PATH_FROM_RETURN_VALUE,com.metamx.common.io.smoosh.SmooshedFileMapperTest,NO_FIELD,testBehaviorWhenReportedSizesLargeAndExceptionIgnored()V,109,109,1
M,D,NP_NULL_ON_SOME_PATH_FROM_RETURN_VALUE,com.metamx.common.io.smoosh.SmooshedFileMapperTest,NO_FIELD,testBehaviorWhenReportedSizesLargeAndExceptionIgnored()V,90,90,1
M,D,NP_NULL_ON_SOME_PATH_FROM_RETURN_VALUE,com.metamx.common.io.smoosh.SmooshedFileMapperTest,NO_FIELD,testSanity()V,69,69,1
M,D,NP_NULL_ON_SOME_PATH_FROM_RETURN_VALUE,com.metamx.common.io.smoosh.SmooshedFileMapperTest,NO_FIELD,testSanity()V,50,50,1
M,B,RV_RETURN_VALUE_IGNORED_BAD_PRACTICE,com.metamx.common.io.smoosh.SmooshedFileMapperTest,NO_FIELD,testSanity()V,45,45,1
M,B,RV_RETURN_VALUE_IGNORED_BAD_PRACTICE,com.metamx.common.io.smoosh.SmooshedFileMapperTest,NO_FIELD,testBehaviorWhenReportedSizesLargeAndExceptionIgnored()V,110,110,1
M,B,RV_RETURN_VALUE_IGNORED_BAD_PRACTICE,com.metamx.common.io.smoosh.SmooshedFileMapperTest,NO_FIELD,testBehaviorWhenReportedSizesSmall()V,139,139,1
M,B,THROWS_METHOD_THROWS_CLAUSE_BASIC_EXCEPTION,com.metamx.common.io.smoosh.SmooshedFileMapperTest,NO_FIELD,testSanity()V,37,73,0
M,B,THROWS_METHOD_THROWS_CLAUSE_BASIC_EXCEPTION,com.metamx.common.io.smoosh.SmooshedFileMapperTest,NO_FIELD,testBehaviorWhenReportedSizesLargeAndExceptionIgnored()V,78,113,0
M,B,THROWS_METHOD_THROWS_CLAUSE_BASIC_EXCEPTION,com.metamx.common.io.smoosh.SmooshedFileMapperTest,NO_FIELD,testBehaviorWhenReportedSizesSmall()V,118,142,0
M,B,THROWS_METHOD_THROWS_CLAUSE_BASIC_EXCEPTION,com.metamx.common.guava.ComparatorsTest,NO_FIELD,testInverse()V,33,42,0
M,B,THROWS_METHOD_THROWS_CLAUSE_BASIC_EXCEPTION,com.metamx.common.guava.ComparatorsTest,NO_FIELD,testIntervals()V,47,78,1
M,B,THROWS_METHOD_THROWS_CLAUSE_BASIC_EXCEPTION,com.metamx.common.RetryUtilsTest,NO_FIELD,testImmediateSuccess()V,41,57,0
M,B,THROWS_METHOD_THROWS_CLAUSE_BASIC_EXCEPTION,com.metamx.common.RetryUtilsTest,NO_FIELD,testEventualFailure()V,62,84,0
M,B,THROWS_METHOD_THROWS_CLAUSE_BASIC_EXCEPTION,com.metamx.common.RetryUtilsTest,NO_FIELD,testEventualSuccess()V,89,108,0
M,B,THROWS_METHOD_THROWS_CLAUSE_BASIC_EXCEPTION,com.metamx.common.RetryUtilsTest,NO_FIELD,testExceptionPredicateNotMatching()V,113,138,0
M,C,UWF_UNWRITTEN_FIELD,com.metamx.common.parsers.JSONToLowerParser,fieldNames,NO_METHOD,79,79,0
L,P,SIC_INNER_SHOULD_BE_STATIC_ANON,com.metamx.common.guava.FunctionalIteratorTest,NO_FIELD,testFilter()V,104,104,0
L,P,SIC_INNER_SHOULD_BE_STATIC_ANON,com.metamx.common.StreamUtilsTest,NO_FIELD,testRetryExceptionOnFlush()V,48,48,0
L,P,SIC_INNER_SHOULD_BE_STATIC_ANON,com.metamx.common.guava.ConcatSequenceTest,NO_FIELD,testClosingOfSequenceSequence()V,127,127,0
L,P,SIC_INNER_SHOULD_BE_STATIC_ANON,com.metamx.common.CompressionUtilsTest,NO_FIELD,testGunzipBugworkarround()V,383,383,0
L,P,SIC_INNER_SHOULD_BE_STATIC_ANON,com.metamx.common.guava.FunctionalIterableTest,NO_FIELD,testKeep()V,79,79,0
L,P,SIC_INNER_SHOULD_BE_STATIC_ANON,com.metamx.common.guava.FilteredSequenceTest,NO_FIELD,testSanity()V,33,33,0
L,P,SIC_INNER_SHOULD_BE_STATIC_ANON,com.metamx.common.StreamUtilsTest,NO_FIELD,testRetryExceptionOnFlush()V,48,48,0
L,P,SIC_INNER_SHOULD_BE_STATIC_ANON,com.metamx.common.guava.FunctionalIteratorTest,NO_FIELD,testKeep()V,80,80,0
L,P,SIC_INNER_SHOULD_BE_STATIC_ANON,com.metamx.common.guava.ConcatSequenceTest,NO_FIELD,testClosingOfSequenceSequence()V,143,143,0
L,P,SIC_INNER_SHOULD_BE_STATIC_ANON,com.metamx.common.CompressionUtilsTest,NO_FIELD,testGoodGzipWithException()V,503,503,0
L,P,SIC_INNER_SHOULD_BE_STATIC_ANON,com.metamx.common.guava.FunctionalIterableTest,NO_FIELD,testFilter()V,103,103,0
L,P,SIC_INNER_SHOULD_BE_STATIC_ANON,com.metamx.common.RetryUtilsTest,NO_FIELD,testEventualFailure()V,65,65,0
L,P,SIC_INNER_SHOULD_BE_STATIC_ANON,com.metamx.common.guava.FunctionalIteratorTest,NO_FIELD,testTransformCat()V,59,59,0
L,P,SIC_INNER_SHOULD_BE_STATIC_ANON,com.metamx.common.guava.FunctionalIterableTest,NO_FIELD,testTransform()V,37,37,0
M,P,SIC_INNER_SHOULD_BE_STATIC,com.metamx.common.TestGranularity$TestInterval,NO_FIELD,NO_METHOD,506,562,0
L,P,SIC_INNER_SHOULD_BE_STATIC_ANON,com.metamx.common.guava.FunctionalIteratorTest,NO_FIELD,testTransform()V,38,38,0
L,P,SIC_INNER_SHOULD_BE_STATIC_ANON,com.metamx.common.RetryUtilsTest,NO_FIELD,testImmediateSuccess()V,42,42,0
L,P,SIC_INNER_SHOULD_BE_STATIC_ANON,com.metamx.common.config.DurationCoercible,NO_FIELD,accept(Ljava/lang/Class;)Lorg/skife/config/Coercer;,35,35,0
L,P,SIC_INNER_SHOULD_BE_STATIC_ANON,com.metamx.common.guava.ConcatSequenceTest,NO_FIELD,testClosingOfSequenceSequence()V,102,102,0
L,P,SIC_INNER_SHOULD_BE_STATIC_ANON,com.metamx.common.CompressionUtilsTest,NO_FIELD,testGoodZipCompressUncompressWithLocalCopy()V,152,152,0
L,P,SIC_INNER_SHOULD_BE_STATIC_ANON,com.metamx.common.guava.nary.SortedMergeIteratorTest,NO_FIELD,testSanity()V,36,36,0
L,P,SIC_INNER_SHOULD_BE_STATIC_ANON,com.metamx.common.guava.ResourceClosingSequenceTest,NO_FIELD,testSanity()V,36,36,0
L,P,SIC_INNER_SHOULD_BE_STATIC_ANON,com.metamx.common.guava.FunctionalIterableTest,NO_FIELD,testTransformCat()V,58,58,0
L,P,SIC_INNER_SHOULD_BE_STATIC_ANON,com.metamx.common.RetryUtilsTest,NO_FIELD,testExceptionPredicateNotMatching()V,116,116,0
L,P,SIC_INNER_SHOULD_BE_STATIC_ANON,com.metamx.common.RetryUtilsTest,NO_FIELD,testEventualSuccess()V,90,90,0
L,P,SIC_INNER_SHOULD_BE_STATIC_ANON,com.metamx.common.lifecycle.LifecycleTest,NO_FIELD,testAddToLifecycleInStartMethod()V,71,71,0
L,P,SIC_INNER_SHOULD_BE_STATIC_ANON,com.metamx.common.guava.MappedSequenceTest,NO_FIELD,testSanity()V,32,32,0
L,P,SIC_INNER_SHOULD_BE_STATIC_ANON,com.metamx.common.parsers.JSONToLowerParser,NO_FIELD,<init>(Lcom/fasterxml/jackson/databind/ObjectMapper;Ljava/lang/Iterable;Ljava/lang/Iterable;)V,57,57,0
L,P,SIC_INNER_SHOULD_BE_STATIC_ANON,com.metamx.common.guava.ConcatSequenceTest,NO_FIELD,testClosingOfSequenceSequenceWhenExceptionThrown()V,165,165,0
M,P,SIC_INNER_SHOULD_BE_STATIC,com.metamx.common.TestGranularity$PathDate,NO_FIELD,NO_METHOD,488,500,0
L,P,SIC_INNER_SHOULD_BE_STATIC_ANON,com.metamx.common.CompressionUtilsTest,NO_FIELD,testStreamErrorGzip()V,547,547,0
L,P,SIC_INNER_SHOULD_BE_STATIC_ANON,com.metamx.common.guava.LimitedSequenceTest,NO_FIELD,testNoSideEffects()V,73,73,0
L,P,SIC_INNER_SHOULD_BE_STATIC_ANON,com.metamx.common.guava.ConcatSequenceTest,NO_FIELD,testAll(Ljava/lang/Iterable;)V,193,193,0
L,P,SIC_INNER_SHOULD_BE_STATIC_ANON,com.metamx.common.guava.BaseSequenceTest,NO_FIELD,testExceptionThrownInIterator()V,48,48,0
L,P,SIC_INNER_SHOULD_BE_STATIC_ANON,com.metamx.common.CompressionUtilsTest,NO_FIELD,testStreamErrorGunzip()V,579,579,0
L,P,SIC_INNER_SHOULD_BE_STATIC_ANON,com.metamx.common.concurrent.FunctionalThreadFactory,NO_FIELD,daemonize()Lcom/metamx/common/concurrent/FunctionalThreadFactory;,73,73,0
L,D,URF_UNREAD_PUBLIC_OR_PROTECTED_FIELD,com.metamx.common.StreamUtilsTest,temporaryFolder,NO_METHOD,38,38,0
