L,D,NP_PARAMETER_MUST_BE_NONNULL_BUT_MARKED_AS_NULLABLE,com.metamx.common.parsers.CSVParser$1,NO_FIELD,apply(Ljava/lang/String;)Ljava/lang/Object;,29,32,1
M,B,THROWS_METHOD_THROWS_CLAUSE_BASIC_EXCEPTION,com.metamx.common.lifecycle.Lifecycle$Handler,NO_FIELD,start()V,-1,-1,0
M,V,EI_EXPOSE_REP,com.metamx.common.exception.FormattedException,details,getDetails()Ljava/util/Map;,75,75,0
L,D,NP_PARAMETER_MUST_BE_NONNULL_BUT_MARKED_AS_NULLABLE,com.metamx.common.parsers.DelimitedParser$1,NO_FIELD,apply(Ljava/lang/String;)Ljava/lang/Object;,32,35,1
L,I,DM_CONVERT_CASE,com.metamx.common.parsers.ToLowerCaseParser,NO_FIELD,parse(Ljava/lang/String;)Ljava/util/Map;,27,27,0
M,V,EI_EXPOSE_REP2,com.metamx.common.parsers.ToLowerCaseParser,baseParser,<init>(Lcom/metamx/common/parsers/Parser;)V,18,18,0
M,B,THROWS_METHOD_THROWS_RUNTIMEEXCEPTION,com.metamx.common.lifecycle.Lifecycle$StartCloseHandler,NO_FIELD,<init>(Ljava/lang/Object;)V,118,127,0
M,B,THROWS_METHOD_THROWS_CLAUSE_BASIC_EXCEPTION,com.metamx.common.lifecycle.Lifecycle$StartCloseHandler,NO_FIELD,start()V,133,135,0
M,B,THROWS_METHOD_THROWS_CLAUSE_BASIC_EXCEPTION,com.metamx.common.lifecycle.Lifecycle$AnnotationBasedHandler,NO_FIELD,start()V,84,90,0
M,V,EI_EXPOSE_REP2,com.metamx.common.exception.FormattedException$Builder,details,withDetails(Ljava/util/Map;)Lcom/metamx/common/exception/FormattedException$Builder;,39,39,1
M,B,THROWS_METHOD_THROWS_RUNTIMEEXCEPTION,com.metamx.common.parsers.IteratorParser$1,NO_FIELD,next()Ljava/util/Map;,67,77,1
M,V,EI_EXPOSE_REP,com.metamx.common.parsers.CSVParser,fieldNames,getFieldNames()Ljava/util/List;,54,54,0
M,V,EI_EXPOSE_REP,com.metamx.common.parsers.DelimitedParser,fieldNames,getFieldNames()Ljava/util/List;,83,83,0
M,V,EI_EXPOSE_REP2,com.metamx.common.parsers.IteratorParser,columns,<init>(ZLjava/lang/String;Ljava/util/List;Lcom/metamx/common/parsers/ParserFactory;)V,29,29,0
M,B,THROWS_METHOD_THROWS_CLAUSE_BASIC_EXCEPTION,com.metamx.common.lifecycle.Lifecycle,NO_FIELD,start()V,51,54,1
M,V,EI_EXPOSE_REP,com.metamx.common.parsers.JSONParser,fieldNames,getFieldNames()Ljava/util/List;,45,45,0
L,D,REC_CATCH_EXCEPTION,com.metamx.common.parsers.JSONParser,NO_FIELD,parse(Ljava/lang/String;)Ljava/util/Map;,75,75,0
L,P,SIC_INNER_SHOULD_BE_STATIC_ANON,com.metamx.common.parsers.IteratorParser,NO_FIELD,parse(Lcom/metamx/common/parsers/CloseableIterator;)Lcom/metamx/common/parsers/CloseableIterator;,49,49,0
M,D,URF_UNREAD_PUBLIC_OR_PROTECTED_FIELD,com.metamx.common.parsers.DelimitedParser,delimiter,NO_METHOD,73,73,1
L,P,SIC_INNER_SHOULD_BE_STATIC_ANON,com.metamx.common.parsers.CSVParser,valueFunction,<init>(Ljava/lang/String;)V,24,24,1
