L,D,NP_PARAMETER_MUST_BE_NONNULL_BUT_MARKED_AS_NULLABLE,com.metamx.common.parsers.RegexParser$1,NO_FIELD,apply(Ljava/lang/String;)Ljava/lang/Object;,59,68,0
M,B,THROWS_METHOD_THROWS_CLAUSE_BASIC_EXCEPTION,com.metamx.common.guava.ExecutorExecutingSequence$2,NO_FIELD,call()Lcom/metamx/common/guava/Yielder;,76,76,0
M,B,THROWS_METHOD_THROWS_CLAUSE_BASIC_EXCEPTION,com.metamx.common.guava.ExecutorExecutingSequence$2,NO_FIELD,call()Ljava/lang/Object;,72,72,0
M,V,EI_EXPOSE_REP2,com.metamx.http.client.response.FullResponseHolder,response,<init>(Lorg/jboss/netty/handler/codec/http/HttpResponseStatus;Lorg/jboss/netty/handler/codec/http/HttpResponse;Ljava/lang/StringBuilder;)V,37,37,0
M,V,EI_EXPOSE_REP2,com.metamx.http.client.response.FullResponseHolder,builder,<init>(Lorg/jboss/netty/handler/codec/http/HttpResponseStatus;Lorg/jboss/netty/handler/codec/http/HttpResponse;Ljava/lang/StringBuilder;)V,38,38,0
M,V,EI_EXPOSE_REP,com.metamx.http.client.response.FullResponseHolder,builder,getBuilder()Ljava/lang/StringBuilder;,53,53,0
M,V,EI_EXPOSE_REP,com.metamx.http.client.response.FullResponseHolder,response,getResponse()Lorg/jboss/netty/handler/codec/http/HttpResponse;,48,48,0
M,B,THROWS_METHOD_THROWS_CLAUSE_BASIC_EXCEPTION,com.metamx.common.guava.ExecutorExecutingSequence$1,NO_FIELD,call()Ljava/lang/Object;,52,52,0
L,B,IT_NO_SUCH_ELEMENT,com.metamx.common.guava.BaseSequenceTest$1$1,NO_FIELD,next()Ljava/lang/Integer;,65,65,0
M,V,EI_EXPOSE_REP2,com.metamx.common.guava.DroppingIterator,delegate,<init>(Ljava/util/Iterator;I)V,34,34,0
M,B,THROWS_METHOD_THROWS_CLAUSE_THROWABLE,com.metamx.http.client.pool.ResourcePoolTest$StringIncrementingAnswer,NO_FIELD,answer()Ljava/lang/String;,239,239,0
M,B,THROWS_METHOD_THROWS_CLAUSE_THROWABLE,com.metamx.http.client.pool.ResourcePoolTest$StringIncrementingAnswer,NO_FIELD,answer()Ljava/lang/Object;,227,227,0
M,B,THROWS_METHOD_THROWS_RUNTIMEEXCEPTION,com.metamx.common.lifecycle.LifecycleTest$2,NO_FIELD,run()V,87,105,0
M,D,REC_CATCH_EXCEPTION,com.metamx.http.client.JankyServersTest$3,NO_FIELD,run()V,124,124,0
M,D,REC_CATCH_EXCEPTION,com.metamx.http.client.JankyServersTest$2,NO_FIELD,run()V,99,99,0
M,D,REC_CATCH_EXCEPTION,com.metamx.http.client.JankyServersTest$1,NO_FIELD,run()V,77,77,0
M,V,EI_EXPOSE_REP2,com.metamx.common.guava.IteratorWithBaggage,baseIter,<init>(Ljava/util/Iterator;Ljava/io/Closeable;)V,37,37,0
M,V,EI_EXPOSE_REP,com.metamx.http.client.HttpClientConfig,sslHandshakeTimeout,getSslHandshakeTimeout()Lorg/joda/time/Duration;,173,173,0
M,V,EI_EXPOSE_REP,com.metamx.http.client.HttpClientConfig,readTimeout,getReadTimeout()Lorg/joda/time/Duration;,168,168,0
M,B,THROWS_METHOD_THROWS_CLAUSE_BASIC_EXCEPTION,com.metamx.http.client.HttpClientInit$2,NO_FIELD,start()V,209,209,0
M,B,THROWS_METHOD_THROWS_CLAUSE_BASIC_EXCEPTION,com.metamx.http.client.HttpClientInit$1,NO_FIELD,start()V,75,76,0
L,V,MS_EXPOSE_REP,com.metamx.emitter.core.BatchingStrategy,$VALUES,values()[Lcom/metamx/emitter/core/BatchingStrategy;,19,19,0
M,D,NP_PARAMETER_MUST_BE_NONNULL_BUT_MARKED_AS_NULLABLE,com.metamx.common.guava.Fns$2,NO_FIELD,apply(Ljava/util/Map;)Ljava/lang/Object;,45,45,0
M,D,NP_PARAMETER_MUST_BE_NONNULL_BUT_MARKED_AS_NULLABLE,com.metamx.common.guava.Fns$1,NO_FIELD,apply(Ljava/lang/String;)[Ljava/lang/String;,33,33,0
L,D,DLS_DEAD_LOCAL_STORE_IN_RETURN,com.metamx.common.guava.SequenceTestHelper$3,NO_FIELD,accumulate(Ljava/lang/Integer;Ljava/lang/Integer;)Ljava/lang/Integer;,132,132,0
L,D,DLS_DEAD_LOCAL_STORE_IN_RETURN,com.metamx.common.guava.SequenceTestHelper$4,NO_FIELD,accumulate(Ljava/lang/Integer;Ljava/lang/Integer;)Ljava/lang/Integer;,154,154,0
L,I,DM_CONVERT_CASE,com.metamx.emitter.core.LoggingEmitter$Level,NO_FIELD,toLevel(Ljava/lang/String;)Lcom/metamx/emitter/core/LoggingEmitter$Level;,181,181,0
M,B,THROWS_METHOD_THROWS_CLAUSE_BASIC_EXCEPTION,com.metamx.http.client.NettyHttpClient$2,NO_FIELD,operationComplete(Lorg/jboss/netty/channel/ChannelFuture;)V,338,350,0
L,D,NP_PARAMETER_MUST_BE_NONNULL_BUT_MARKED_AS_NULLABLE,com.metamx.common.guava.FunctionalIterableTest$2,NO_FIELD,apply(Ljava/lang/String;)Ljava/lang/Iterable;,65,65,0
L,D,NP_PARAMETER_MUST_BE_NONNULL_BUT_MARKED_AS_NULLABLE,com.metamx.common.guava.FunctionalIterableTest$1,NO_FIELD,apply(Ljava/lang/String;)Ljava/lang/Integer;,44,44,0
L,B,SE_NO_SERIALVERSIONID,com.metamx.common.collect.AggregatingMap,NO_FIELD,NO_METHOD,23,35,0
L,D,NP_PARAMETER_MUST_BE_NONNULL_BUT_MARKED_AS_NULLABLE,com.metamx.common.parsers.DelimitedParser$1,NO_FIELD,apply(Ljava/lang/String;)Ljava/lang/Object;,65,73,0
M,B,THROWS_METHOD_THROWS_CLAUSE_BASIC_EXCEPTION,com.metamx.emitter.core.HttpPostEmitter$EmittingThread$1,NO_FIELD,call()Ljava/lang/Void;,512,513,0
M,B,THROWS_METHOD_THROWS_CLAUSE_BASIC_EXCEPTION,com.metamx.emitter.core.HttpPostEmitter$EmittingThread$1,NO_FIELD,call()Ljava/lang/Object;,508,508,0
M,B,THROWS_METHOD_THROWS_CLAUSE_BASIC_EXCEPTION,com.metamx.common.CompressionUtils$1,NO_FIELD,call()Lcom/metamx/common/FileUtils$FileCopyResult;,138,138,0
M,B,THROWS_METHOD_THROWS_CLAUSE_BASIC_EXCEPTION,com.metamx.common.CompressionUtils$1,NO_FIELD,call()Ljava/lang/Object;,134,134,0
H,D,REC_CATCH_EXCEPTION,com.metamx.http.client.FriendlyServersTest$1,NO_FIELD,run()V,77,77,0
H,I,DM_DEFAULT_ENCODING,com.metamx.http.client.FriendlyServersTest$1,NO_FIELD,run()V,71,71,0
M,D,NP_DEREFERENCE_OF_READLINE_VALUE,com.metamx.http.client.FriendlyServersTest$2,NO_FIELD,run()V,125,125,0
H,D,REC_CATCH_EXCEPTION,com.metamx.http.client.FriendlyServersTest$2,NO_FIELD,run()V,132,132,0
H,I,DM_DEFAULT_ENCODING,com.metamx.http.client.FriendlyServersTest$2,NO_FIELD,run()V,120,120,0
M,B,THROWS_METHOD_THROWS_CLAUSE_BASIC_EXCEPTION,com.metamx.common.StreamUtils$1,NO_FIELD,call()Ljava/lang/Long;,170,177,0
M,B,THROWS_METHOD_THROWS_CLAUSE_BASIC_EXCEPTION,com.metamx.common.StreamUtils$1,NO_FIELD,call()Ljava/lang/Object;,166,166,0
M,V,EI_EXPOSE_REP,com.metamx.emitter.core.ParametrizedUriExtractor,params,getParams()Ljava/util/Set;,28,28,0
L,D,NP_PARAMETER_MUST_BE_NONNULL_BUT_MARKED_AS_NULLABLE,com.metamx.common.parsers.JSONToLowerParser$1,NO_FIELD,apply(Ljava/lang/String;)Ljava/lang/String;,65,65,0
L,I,DM_CONVERT_CASE,com.metamx.common.parsers.JSONToLowerParser$1,NO_FIELD,apply(Ljava/lang/String;)Ljava/lang/String;,65,65,0
L,B,SE_NO_SERIALVERSIONID,com.metamx.emitter.core.Batch,NO_FIELD,NO_METHOD,50,320,0
M,B,SE_BAD_FIELD,com.metamx.emitter.core.Batch,emitter,NO_METHOD,-1,-1,0
M,B,THROWS_METHOD_THROWS_CLAUSE_BASIC_EXCEPTION,com.metamx.common.concurrent.ExecutorServices$1,NO_FIELD,start()V,48,48,0
M,B,THROWS_METHOD_THROWS_CLAUSE_BASIC_EXCEPTION,com.metamx.http.client.pool.ChannelResourceFactory$1$1,NO_FIELD,operationComplete(Lorg/jboss/netty/channel/ChannelFuture;)V,124,134,0
L,D,NP_PARAMETER_MUST_BE_NONNULL_BUT_MARKED_AS_NULLABLE,com.metamx.common.guava.LimitedSequenceTest$1,NO_FIELD,apply(Ljava/lang/Integer;)Ljava/lang/Integer;,82,83,0
L,D,NP_PARAMETER_MUST_BE_NONNULL_BUT_MARKED_AS_NULLABLE,com.metamx.common.guava.FilteredSequenceTest$1,NO_FIELD,apply(Ljava/lang/Integer;)Z,38,38,0
L,D,BC_UNCONFIRMED_CAST,com.metamx.common.ByteBufferUtils,NO_FIELD,free(Ljava/nio/ByteBuffer;)V,37,37,0
L,D,NP_PARAMETER_MUST_BE_NONNULL_BUT_MARKED_AS_NULLABLE,com.metamx.common.guava.FunctionalIteratorTest$2,NO_FIELD,apply(Ljava/lang/String;)Ljava/util/Iterator;,66,66,0
L,D,NP_PARAMETER_MUST_BE_NONNULL_BUT_MARKED_AS_NULLABLE,com.metamx.common.guava.FunctionalIteratorTest$1,NO_FIELD,apply(Ljava/lang/String;)Ljava/lang/Integer;,45,45,0
L,I,DM_CONVERT_CASE,com.metamx.common.parsers.ToLowerCaseParser,NO_FIELD,parse(Ljava/lang/String;)Ljava/util/Map;,42,42,0
M,V,EI_EXPOSE_REP2,com.metamx.common.parsers.ToLowerCaseParser,baseParser,<init>(Lcom/metamx/common/parsers/Parser;)V,33,33,0
L,D,NP_PARAMETER_MUST_BE_NONNULL_BUT_MARKED_AS_NULLABLE,com.metamx.metrics.CompoundMonitor$1,NO_FIELD,apply(Lcom/metamx/metrics/Monitor;)Ljava/lang/Boolean;,65,65,0
M,D,NP_PARAMETER_MUST_BE_NONNULL_BUT_MARKED_AS_NULLABLE,com.metamx.common.io.smoosh.Smoosh$1,NO_FIELD,apply(Ljava/io/File;)Ljava/lang/String;,48,48,0
M,D,NP_PARAMETER_MUST_BE_NONNULL_BUT_MARKED_AS_NULLABLE,com.metamx.common.JodaUtils$1,NO_FIELD,apply(Lorg/joda/time/Interval;)Z,92,92,0
M,B,THROWS_METHOD_THROWS_CLAUSE_BASIC_EXCEPTION,com.metamx.http.client.netty.HttpClientPipelineFactory,NO_FIELD,getPipeline()Lorg/jboss/netty/channel/ChannelPipeline;,32,37,0
M,V,EI_EXPOSE_REP,com.metamx.http.client.Request,headers,getHeaders()Lcom/google/common/collect/Multimap;,81,81,0
M,V,EI_EXPOSE_REP2,com.metamx.http.client.Request,content,setContent(Ljava/lang/String;Lorg/jboss/netty/buffer/ChannelBuffer;)Lcom/metamx/http/client/Request;,170,170,0
M,V,EI_EXPOSE_REP,com.metamx.http.client.Request,content,getContent()Lorg/jboss/netty/buffer/ChannelBuffer;,91,91,0
M,V,EI_EXPOSE_REP2,com.metamx.common.guava.nary.BinaryTransformIterator,lhsIter,<init>(Ljava/util/Iterator;Ljava/util/Iterator;Lcom/metamx/common/guava/nary/BinaryFn;)V,41,41,0
M,V,EI_EXPOSE_REP2,com.metamx.common.guava.nary.BinaryTransformIterator,rhsIter,<init>(Ljava/util/Iterator;Ljava/util/Iterator;Lcom/metamx/common/guava/nary/BinaryFn;)V,42,42,0
L,B,SE_NO_SERIALVERSIONID,com.metamx.common.guava.DefaultingHashMap,NO_FIELD,NO_METHOD,32,46,0
L,B,SE_BAD_FIELD,com.metamx.common.guava.DefaultingHashMap,supplier,NO_METHOD,-1,-1,0
M,B,THROWS_METHOD_THROWS_CLAUSE_BASIC_EXCEPTION,com.metamx.metrics.MonitorScheduler$1,NO_FIELD,call()Lcom/metamx/common/concurrent/ScheduledExecutors$Signal;,121,125,0
M,B,THROWS_METHOD_THROWS_CLAUSE_BASIC_EXCEPTION,com.metamx.metrics.MonitorScheduler$1,NO_FIELD,call()Ljava/lang/Object;,116,116,0
M,V,EI_EXPOSE_REP2,com.metamx.emitter.service.UnitEvent,dimensions,<init>(Ljava/lang/String;Ljava/lang/Number;Ljava/util/Map;)V,46,46,0
M,V,EI_EXPOSE_REP,com.metamx.emitter.service.UnitEvent,createdTime,getCreatedTime()Lorg/joda/time/DateTime;,64,64,0
M,D,RV_RETURN_VALUE_IGNORED_NO_SIDE_EFFECT,com.metamx.metrics.SigarPidDiscovererTest,NO_FIELD,simpleTest()V,27,27,0
L,D,NP_PARAMETER_MUST_BE_NONNULL_BUT_MARKED_AS_NULLABLE,com.metamx.emitter.service.ServiceMetricEvent$1,NO_FIELD,apply(Ljava/util/Map$Entry;)Z,120,120,0
M,B,OS_OPEN_STREAM,com.metamx.common.Props,NO_FIELD,fromFilename(Ljava/lang/String;)Ljava/util/Properties;,27,27,0
M,X,OBL_UNSATISFIED_OBLIGATION,com.metamx.common.Props,NO_FIELD,fromFilename(Ljava/lang/String;)Ljava/util/Properties;,27,27,0
M,V,EI_EXPOSE_REP,com.metamx.metrics.cgroups.CpuAcct$CpuAcctMetric,usrTimes,usrTimes()[J,116,116,0
M,V,EI_EXPOSE_REP,com.metamx.metrics.cgroups.CpuAcct$CpuAcctMetric,sysTimes,sysTimes()[J,111,111,0
M,V,EI_EXPOSE_REP2,com.metamx.http.client.HttpClientConfig$Builder,readTimeout,withReadTimeout(Lorg/joda/time/Duration;)Lcom/metamx/http/client/HttpClientConfig$Builder;,223,223,0
M,V,EI_EXPOSE_REP2,com.metamx.http.client.HttpClientConfig$Builder,sslHandshakeTimeout,withSslHandshakeTimeout(Lorg/joda/time/Duration;)Lcom/metamx/http/client/HttpClientConfig$Builder;,229,229,0
M,B,THROWS_METHOD_THROWS_RUNTIMEEXCEPTION,com.metamx.common.guava.ExecutorExecutingSequence,NO_FIELD,accumulate(Ljava/lang/Object;Lcom/metamx/common/guava/Accumulator;)Ljava/lang/Object;,46,63,0
M,B,THROWS_METHOD_THROWS_RUNTIMEEXCEPTION,com.metamx.common.guava.ExecutorExecutingSequence,NO_FIELD,toYielder(Ljava/lang/Object;Lcom/metamx/common/guava/YieldingAccumulator;)Lcom/metamx/common/guava/Yielder;,70,87,0
L,D,NP_PARAMETER_MUST_BE_NONNULL_BUT_MARKED_AS_NULLABLE,com.metamx.common.collect.CountingMap$1,NO_FIELD,apply(Ljava/util/concurrent/atomic/AtomicLong;)Ljava/lang/Long;,50,50,0
M,B,VA_FORMAT_STRING_USES_NEWLINE,com.metamx.emitter.core.EmitterTest$1,NO_FIELD,go(Lcom/metamx/http/client/Request;Lcom/metamx/http/client/response/HttpResponseHandler;Lorg/joda/time/Duration;)Lcom/google/common/util/concurrent/ListenableFuture;,209,209,0
M,B,THROWS_METHOD_THROWS_CLAUSE_BASIC_EXCEPTION,com.metamx.emitter.core.EmitterTest$1,NO_FIELD,go(Lcom/metamx/http/client/Request;Lcom/metamx/http/client/response/HttpResponseHandler;Lorg/joda/time/Duration;)Lcom/google/common/util/concurrent/ListenableFuture;,203,221,0
M,V,EI_EXPOSE_REP2,com.metamx.http.client.CredentialedHttpClient,creds,<init>(Lcom/metamx/http/client/auth/Credentials;Lcom/metamx/http/client/HttpClient;)V,40,40,0
H,B,ES_COMPARING_PARAMETER_STRING_WITH_EQ,com.metamx.emitter.service.AlertEventTest$1,NO_FIELD,apply(Ljava/lang/String;)Z,175,175,0
M,B,VA_FORMAT_STRING_USES_NEWLINE,com.metamx.emitter.core.EmitterTest$8,NO_FIELD,go(Lcom/metamx/http/client/Request;Lcom/metamx/http/client/response/HttpResponseHandler;Lorg/joda/time/Duration;)Lcom/google/common/util/concurrent/ListenableFuture;,503,503,0
M,B,THROWS_METHOD_THROWS_CLAUSE_BASIC_EXCEPTION,com.metamx.emitter.core.EmitterTest$8,NO_FIELD,go(Lcom/metamx/http/client/Request;Lcom/metamx/http/client/response/HttpResponseHandler;Lorg/joda/time/Duration;)Lcom/google/common/util/concurrent/ListenableFuture;,497,515,0
M,B,VA_FORMAT_STRING_USES_NEWLINE,com.metamx.emitter.core.EmitterTest$7,NO_FIELD,go(Lcom/metamx/http/client/Request;Lcom/metamx/http/client/response/HttpResponseHandler;Lorg/joda/time/Duration;)Lcom/google/common/util/concurrent/ListenableFuture;,447,447,0
H,I,DM_DEFAULT_ENCODING,com.metamx.emitter.core.EmitterTest$7,NO_FIELD,go(Lcom/metamx/http/client/Request;Lcom/metamx/http/client/response/HttpResponseHandler;Lorg/joda/time/Duration;)Lcom/google/common/util/concurrent/ListenableFuture;,443,443,0
M,B,THROWS_METHOD_THROWS_CLAUSE_BASIC_EXCEPTION,com.metamx.emitter.core.EmitterTest$7,NO_FIELD,go(Lcom/metamx/http/client/Request;Lcom/metamx/http/client/response/HttpResponseHandler;Lorg/joda/time/Duration;)Lcom/google/common/util/concurrent/ListenableFuture;,437,459,0
M,B,THROWS_METHOD_THROWS_CLAUSE_BASIC_EXCEPTION,com.metamx.emitter.core.EmitterTest$6,NO_FIELD,go(Lcom/metamx/http/client/Request;Lcom/metamx/http/client/response/HttpResponseHandler;Lorg/joda/time/Duration;)Lcom/google/common/util/concurrent/ListenableFuture;,406,406,0
M,B,THROWS_METHOD_THROWS_CLAUSE_BASIC_EXCEPTION,com.metamx.emitter.core.EmitterTest$5,NO_FIELD,go(Lcom/metamx/http/client/Request;Lcom/metamx/http/client/response/HttpResponseHandler;Lorg/joda/time/Duration;)Lcom/google/common/util/concurrent/ListenableFuture;,378,387,0
M,B,THROWS_METHOD_THROWS_CLAUSE_BASIC_EXCEPTION,com.metamx.emitter.core.EmitterTest$4,NO_FIELD,go(Lcom/metamx/http/client/Request;Lcom/metamx/http/client/response/HttpResponseHandler;Lorg/joda/time/Duration;)Lcom/google/common/util/concurrent/ListenableFuture;,342,343,0
M,B,THROWS_METHOD_THROWS_CLAUSE_BASIC_EXCEPTION,com.metamx.emitter.core.EmitterTest$3,NO_FIELD,go(Lcom/metamx/http/client/Request;Lcom/metamx/http/client/response/HttpResponseHandler;Lorg/joda/time/Duration;)Lcom/google/common/util/concurrent/ListenableFuture;,316,317,0
M,B,VA_FORMAT_STRING_USES_NEWLINE,com.metamx.emitter.core.EmitterTest$2,NO_FIELD,go(Lcom/metamx/http/client/Request;Lcom/metamx/http/client/response/HttpResponseHandler;Lorg/joda/time/Duration;)Lcom/google/common/util/concurrent/ListenableFuture;,255,255,0
M,B,THROWS_METHOD_THROWS_CLAUSE_BASIC_EXCEPTION,com.metamx.emitter.core.EmitterTest$2,NO_FIELD,go(Lcom/metamx/http/client/Request;Lcom/metamx/http/client/response/HttpResponseHandler;Lorg/joda/time/Duration;)Lcom/google/common/util/concurrent/ListenableFuture;,249,267,0
M,B,THROWS_METHOD_THROWS_CLAUSE_BASIC_EXCEPTION,com.metamx.common.guava.MergeIteratorTest,NO_FIELD,testSanity()V,33,43,0
M,B,THROWS_METHOD_THROWS_CLAUSE_BASIC_EXCEPTION,com.metamx.common.guava.MergeIteratorTest,NO_FIELD,testScrewsUpOnOutOfOrder()V,48,58,0
M,B,THROWS_METHOD_THROWS_CLAUSE_BASIC_EXCEPTION,com.metamx.http.client.GoHandlers$2,NO_FIELD,go(Lcom/metamx/http/client/Request;Lcom/metamx/http/client/response/HttpResponseHandler;Lorg/joda/time/Duration;)Lcom/google/common/util/concurrent/ListenableFuture;,59,59,0
L,D,NP_PARAMETER_MUST_BE_NONNULL_BUT_MARKED_AS_NULLABLE,com.metamx.common.parsers.CSVParser$1,NO_FIELD,apply(Ljava/lang/String;)Ljava/lang/Object;,52,60,0
M,V,EI_EXPOSE_REP2,com.metamx.common.guava.nary.TrinaryTransformIterator,iterator2,<init>(Ljava/util/Iterator;Ljava/util/Iterator;Ljava/util/Iterator;Lcom/metamx/common/guava/nary/TrinaryFn;)V,49,49,0
M,V,EI_EXPOSE_REP2,com.metamx.common.guava.nary.TrinaryTransformIterator,iterator1,<init>(Ljava/util/Iterator;Ljava/util/Iterator;Ljava/util/Iterator;Lcom/metamx/common/guava/nary/TrinaryFn;)V,48,48,0
M,V,EI_EXPOSE_REP2,com.metamx.common.guava.nary.TrinaryTransformIterator,iterator3,<init>(Ljava/util/Iterator;Ljava/util/Iterator;Ljava/util/Iterator;Lcom/metamx/common/guava/nary/TrinaryFn;)V,50,50,0
M,B,THROWS_METHOD_THROWS_CLAUSE_BASIC_EXCEPTION,com.metamx.common.lifecycle.Lifecycle$Handler,NO_FIELD,start()V,-1,-1,0
M,B,THROWS_METHOD_THROWS_CLAUSE_BASIC_EXCEPTION,com.metamx.http.client.GoHandler,NO_FIELD,go(Lcom/metamx/http/client/Request;Lcom/metamx/http/client/response/HttpResponseHandler;Lorg/joda/time/Duration;)Lcom/google/common/util/concurrent/ListenableFuture;,-1,-1,0
M,B,THROWS_METHOD_THROWS_CLAUSE_BASIC_EXCEPTION,com.metamx.http.client.GoHandler,NO_FIELD,run(Lcom/metamx/http/client/Request;Lcom/metamx/http/client/response/HttpResponseHandler;)Lcom/google/common/util/concurrent/ListenableFuture;,51,51,0
M,B,THROWS_METHOD_THROWS_CLAUSE_BASIC_EXCEPTION,com.metamx.http.client.GoHandler,NO_FIELD,run(Lcom/metamx/http/client/Request;Lcom/metamx/http/client/response/HttpResponseHandler;Lorg/joda/time/Duration;)Lcom/google/common/util/concurrent/ListenableFuture;,61,68,0
M,B,THROWS_METHOD_THROWS_RUNTIMEEXCEPTION,com.metamx.http.client.GoHandler,NO_FIELD,run(Lcom/metamx/http/client/Request;Lcom/metamx/http/client/response/HttpResponseHandler;Lorg/joda/time/Duration;)Lcom/google/common/util/concurrent/ListenableFuture;,61,68,0
M,B,THROWS_METHOD_THROWS_RUNTIMEEXCEPTION,com.metamx.common.guava.ExecutorExecutingSequenceTest$TestExecutor,NO_FIELD,submit(Ljava/util/concurrent/Callable;)Ljava/util/concurrent/Future;,118,123,0
M,V,EI_EXPOSE_REP,com.metamx.emitter.core.BaseHttpEmittingConfig,batchingStrategy,getBatchingStrategy()Lcom/metamx/emitter/core/BatchingStrategy;,85,85,0
L,D,NP_PARAMETER_MUST_BE_NONNULL_BUT_MARKED_AS_NULLABLE,com.metamx.common.concurrent.FunctionalThreadFactory$3,NO_FIELD,apply(Ljava/lang/Thread;)Ljava/lang/Thread;,79,80,0
M,D,NP_PARAMETER_MUST_BE_NONNULL_BUT_MARKED_AS_NULLABLE,com.metamx.common.Pair$1,NO_FIELD,apply(Lcom/metamx/common/Pair;)Ljava/lang/Object;,87,87,0
M,D,NP_PARAMETER_MUST_BE_NONNULL_BUT_MARKED_AS_NULLABLE,com.metamx.common.Pair$2,NO_FIELD,apply(Lcom/metamx/common/Pair;)Ljava/lang/Object;,99,99,0
M,V,EI_EXPOSE_REP2,com.metamx.common.lifecycle.LifecycleTest$ObjectToBeLifecycled,orderOfStarts,<init>(ILjava/util/List;Ljava/util/List;)V,267,267,0
M,V,EI_EXPOSE_REP2,com.metamx.common.lifecycle.LifecycleTest$ObjectToBeLifecycled,orderOfStops,<init>(ILjava/util/List;Ljava/util/List;)V,268,268,0
M,B,THROWS_METHOD_THROWS_CLAUSE_BASIC_EXCEPTION,com.metamx.http.client.pool.ChannelResourceFactory$1,NO_FIELD,operationComplete(Lorg/jboss/netty/channel/ChannelFuture;)V,117,145,0
M,V,EI_EXPOSE_REP2,com.metamx.emitter.core.HttpEmitterConfig$Builder,batchingStrategy,setBatchingStrategy(Lcom/metamx/emitter/core/BatchingStrategy;)Lcom/metamx/emitter/core/HttpEmitterConfig$Builder;,96,96,0
M,B,THROWS_METHOD_THROWS_RUNTIMEEXCEPTION,com.metamx.common.guava.MergeSequence$2,NO_FIELD,accumulate(Ljava/util/PriorityQueue;Lcom/metamx/common/guava/Sequence;)Ljava/util/PriorityQueue;,66,90,0
L,D,NP_PARAMETER_MUST_BE_NONNULL_BUT_MARKED_AS_NULLABLE,com.metamx.common.guava.MergeSequence$1,NO_FIELD,apply(Lcom/metamx/common/guava/Yielder;)Ljava/lang/Object;,53,53,0
M,V,EI_EXPOSE_REP2,com.metamx.http.client.response.StatusResponseHolder,builder,<init>(Lorg/jboss/netty/handler/codec/http/HttpResponseStatus;Ljava/lang/StringBuilder;)V,34,34,0
M,V,EI_EXPOSE_REP,com.metamx.http.client.response.StatusResponseHolder,builder,getBuilder()Ljava/lang/StringBuilder;,44,44,0
M,B,THROWS_METHOD_THROWS_CLAUSE_BASIC_EXCEPTION,com.metamx.common.RetryUtilsTest$3,NO_FIELD,call()Ljava/lang/String;,71,72,0
M,B,THROWS_METHOD_THROWS_CLAUSE_BASIC_EXCEPTION,com.metamx.common.RetryUtilsTest$3,NO_FIELD,call()Ljava/lang/Object;,67,67,0
M,B,THROWS_METHOD_THROWS_CLAUSE_BASIC_EXCEPTION,com.metamx.common.RetryUtilsTest$2,NO_FIELD,call()Ljava/lang/String;,48,49,0
M,B,THROWS_METHOD_THROWS_CLAUSE_BASIC_EXCEPTION,com.metamx.common.RetryUtilsTest$2,NO_FIELD,call()Ljava/lang/Object;,44,44,0
M,B,THROWS_METHOD_THROWS_CLAUSE_BASIC_EXCEPTION,com.metamx.common.RetryUtilsTest$5,NO_FIELD,call()Ljava/lang/String;,122,125,0
M,B,THROWS_METHOD_THROWS_CLAUSE_BASIC_EXCEPTION,com.metamx.common.RetryUtilsTest$5,NO_FIELD,call()Ljava/lang/Object;,118,118,0
M,V,EI_EXPOSE_REP2,com.metamx.metrics.CompoundMonitor,monitors,<init>(Ljava/util/List;)V,32,32,0
M,B,THROWS_METHOD_THROWS_CLAUSE_BASIC_EXCEPTION,com.metamx.common.RetryUtilsTest$4,NO_FIELD,call()Ljava/lang/String;,96,99,0
M,B,THROWS_METHOD_THROWS_CLAUSE_BASIC_EXCEPTION,com.metamx.common.RetryUtilsTest$4,NO_FIELD,call()Ljava/lang/Object;,92,92,0
L,D,NP_PARAMETER_MUST_BE_NONNULL_BUT_MARKED_AS_NULLABLE,com.metamx.common.guava.MappedSequenceTest$1,NO_FIELD,apply(Ljava/lang/Integer;)Ljava/lang/Integer;,37,37,0
M,B,THROWS_METHOD_THROWS_RUNTIMEEXCEPTION,com.metamx.common.StringUtils,NO_FIELD,fromUtf8([B)Ljava/lang/String;,39,43,0
M,B,THROWS_METHOD_THROWS_RUNTIMEEXCEPTION,com.metamx.common.StringUtils,NO_FIELD,toUtf8(Ljava/lang/String;)[B,62,66,0
M,V,EI_EXPOSE_REP,com.metamx.emitter.service.ServiceMetricEvent,createdTime,getCreatedTime()Lorg/joda/time/DateTime;,64,64,0
M,D,NP_PARAMETER_MUST_BE_NONNULL_BUT_MARKED_AS_NULLABLE,com.metamx.common.parsers.TimestampParser$9,NO_FIELD,apply(Ljava/lang/Object;)Lorg/joda/time/DateTime;,153,158,0
M,D,NP_PARAMETER_MUST_BE_NONNULL_BUT_MARKED_AS_NULLABLE,com.metamx.common.parsers.TimestampParser$7,NO_FIELD,apply(Ljava/lang/Number;)Lorg/joda/time/DateTime;,126,126,0
M,D,NP_PARAMETER_MUST_BE_NONNULL_BUT_MARKED_AS_NULLABLE,com.metamx.common.parsers.TimestampParser$8,NO_FIELD,apply(Ljava/lang/Number;)Lorg/joda/time/DateTime;,135,135,0
M,D,NP_PARAMETER_MUST_BE_NONNULL_BUT_MARKED_AS_NULLABLE,com.metamx.common.parsers.TimestampParser$6,NO_FIELD,apply(Ljava/lang/Number;)Lorg/joda/time/DateTime;,117,117,0
L,D,DLS_DEAD_LOCAL_STORE_IN_RETURN,com.metamx.common.guava.ConcatSequenceTest$2,NO_FIELD,accumulate(Ljava/lang/Integer;Ljava/lang/Integer;)Ljava/lang/Integer;,137,137,0
L,D,DLS_DEAD_LOCAL_STORE_IN_RETURN,com.metamx.common.guava.ConcatSequenceTest$3,NO_FIELD,accumulate(Ljava/lang/Integer;Ljava/lang/Integer;)Ljava/lang/Integer;,153,153,0
M,B,THROWS_METHOD_THROWS_CLAUSE_BASIC_EXCEPTION,com.metamx.common.concurrent.ScheduledExecutors$1,NO_FIELD,call()Ljava/lang/Object;,58,58,0
M,B,THROWS_METHOD_THROWS_CLAUSE_BASIC_EXCEPTION,com.metamx.common.concurrent.ScheduledExecutors$3,NO_FIELD,call()Lcom/metamx/common/concurrent/ScheduledExecutors$Signal;,140,141,0
M,B,THROWS_METHOD_THROWS_CLAUSE_BASIC_EXCEPTION,com.metamx.common.concurrent.ScheduledExecutors$3,NO_FIELD,call()Ljava/lang/Object;,136,136,0
M,V,EI_EXPOSE_REP2,com.metamx.emitter.service.AlertEvent,dataMap,<init>(Lorg/joda/time/DateTime;Lcom/google/common/collect/ImmutableMap;Lcom/metamx/emitter/service/AlertEvent$Severity;Ljava/lang/String;Ljava/util/Map;)V,50,50,0
M,V,EI_EXPOSE_REP2,com.metamx.emitter.service.AlertEvent,createdTime,<init>(Lorg/joda/time/DateTime;Lcom/google/common/collect/ImmutableMap;Lcom/metamx/emitter/service/AlertEvent$Severity;Ljava/lang/String;Ljava/util/Map;)V,46,46,0
M,V,EI_EXPOSE_REP,com.metamx.emitter.service.AlertEvent,createdTime,getCreatedTime()Lorg/joda/time/DateTime;,97,97,0
M,B,THROWS_METHOD_THROWS_RUNTIMEEXCEPTION,com.metamx.common.lifecycle.Lifecycle$StartCloseHandler,NO_FIELD,<init>(Ljava/lang/Object;)V,386,395,0
M,B,THROWS_METHOD_THROWS_CLAUSE_BASIC_EXCEPTION,com.metamx.common.lifecycle.Lifecycle$StartCloseHandler,NO_FIELD,start()V,401,403,0
M,M,JLM_JSR166_UTILCONCURRENT_MONITORENTER,com.metamx.http.client.response.SequenceInputStreamResponseHandler,done,done(Lcom/metamx/http/client/response/ClientResponse;)Lcom/metamx/http/client/response/ClientResponse;,125,125,0
M,M,JLM_JSR166_UTILCONCURRENT_MONITORENTER,com.metamx.http.client.response.SequenceInputStreamResponseHandler,done,exceptionCaught(Lcom/metamx/http/client/response/ClientResponse;Ljava/lang/Throwable;)V,154,154,0
M,B,THROWS_METHOD_THROWS_RUNTIMEEXCEPTION,com.metamx.http.client.response.SequenceInputStreamResponseHandler,NO_FIELD,handleResponse(Lorg/jboss/netty/handler/codec/http/HttpResponse;)Lcom/metamx/http/client/response/ClientResponse;,58,66,0
M,B,THROWS_METHOD_THROWS_RUNTIMEEXCEPTION,com.metamx.http.client.response.SequenceInputStreamResponseHandler,NO_FIELD,handleChunk(Lcom/metamx/http/client/response/ClientResponse;Lorg/jboss/netty/handler/codec/http/HttpChunk;)Lcom/metamx/http/client/response/ClientResponse;,102,119,0
M,B,THROWS_METHOD_THROWS_RUNTIMEEXCEPTION,com.metamx.http.client.response.SequenceInputStreamResponseHandler,NO_FIELD,done(Lcom/metamx/http/client/response/ClientResponse;)Lcom/metamx/http/client/response/ClientResponse;,125,147,0
M,B,THROWS_METHOD_THROWS_RUNTIMEEXCEPTION,com.metamx.http.client.pool.ResourcePool$ImmediateCreationResourceHolder,NO_FIELD,get()Ljava/lang/Object;,155,199,0
M,B,THROWS_METHOD_THROWS_RUNTIMEEXCEPTION,com.metamx.common.guava.ResourceClosingSequence,NO_FIELD,toYielder(Ljava/lang/Object;Lcom/metamx/common/guava/YieldingAccumulator;)Lcom/metamx/common/guava/Yielder;,52,59,0
M,V,EI_EXPOSE_REP2,com.metamx.http.client.io.AppendableByteArrayInputStream,throwable,exceptionCaught(Ljava/lang/Throwable;)V,66,66,0
L,M,NO_NOTIFY_NOT_NOTIFYALL,com.metamx.http.client.io.AppendableByteArrayInputStream,NO_FIELD,add([B)V,50,50,0
L,M,NO_NOTIFY_NOT_NOTIFYALL,com.metamx.http.client.io.AppendableByteArrayInputStream,NO_FIELD,done()V,58,58,0
L,M,NO_NOTIFY_NOT_NOTIFYALL,com.metamx.http.client.io.AppendableByteArrayInputStream,NO_FIELD,exceptionCaught(Ljava/lang/Throwable;)V,67,67,0
M,B,THROWS_METHOD_THROWS_CLAUSE_BASIC_EXCEPTION,com.metamx.common.lifecycle.Lifecycle$AnnotationBasedHandler,NO_FIELD,start()V,347,353,0
M,B,THROWS_METHOD_THROWS_RUNTIMEEXCEPTION,com.metamx.common.guava.BaseSequence,NO_FIELD,toYielder(Ljava/lang/Object;Lcom/metamx/common/guava/YieldingAccumulator;)Lcom/metamx/common/guava/Yielder;,79,93,0
M,B,THROWS_METHOD_THROWS_CLAUSE_BASIC_EXCEPTION,com.metamx.common.lifecycle.Lifecycle,NO_FIELD,addMaybeStartManagedInstance(Ljava/lang/Object;)Ljava/lang/Object;,170,171,0
M,B,THROWS_METHOD_THROWS_CLAUSE_BASIC_EXCEPTION,com.metamx.common.lifecycle.Lifecycle,NO_FIELD,addMaybeStartManagedInstance(Ljava/lang/Object;Lcom/metamx/common/lifecycle/Lifecycle$Stage;)Ljava/lang/Object;,185,186,0
M,B,THROWS_METHOD_THROWS_CLAUSE_BASIC_EXCEPTION,com.metamx.common.lifecycle.Lifecycle,NO_FIELD,addMaybeStartStartCloseInstance(Ljava/lang/Object;)Ljava/lang/Object;,199,200,0
M,B,THROWS_METHOD_THROWS_CLAUSE_BASIC_EXCEPTION,com.metamx.common.lifecycle.Lifecycle,NO_FIELD,addMaybeStartStartCloseInstance(Ljava/lang/Object;Lcom/metamx/common/lifecycle/Lifecycle$Stage;)Ljava/lang/Object;,214,215,0
M,B,THROWS_METHOD_THROWS_CLAUSE_BASIC_EXCEPTION,com.metamx.common.lifecycle.Lifecycle,NO_FIELD,addMaybeStartHandler(Lcom/metamx/common/lifecycle/Lifecycle$Handler;)V,227,228,0
M,B,THROWS_METHOD_THROWS_CLAUSE_BASIC_EXCEPTION,com.metamx.common.lifecycle.Lifecycle,NO_FIELD,addMaybeStartHandler(Lcom/metamx/common/lifecycle/Lifecycle$Handler;Lcom/metamx/common/lifecycle/Lifecycle$Stage;)V,240,248,0
M,B,THROWS_METHOD_THROWS_CLAUSE_BASIC_EXCEPTION,com.metamx.common.lifecycle.Lifecycle,NO_FIELD,start()V,252,263,0
M,B,THROWS_METHOD_THROWS_RUNTIMEEXCEPTION,com.metamx.common.lifecycle.Lifecycle,NO_FIELD,stop()V,267,293,0
L,I,DM_CONVERT_CASE,com.metamx.emitter.core.Emitters,NO_FIELD,makeHttpMap(Ljava/util/Properties;)Ljava/util/Map;,93,93,0
M,B,THROWS_METHOD_THROWS_CLAUSE_BASIC_EXCEPTION,com.metamx.common.RetryUtils,NO_FIELD,retry(Ljava/util/concurrent/Callable;Lcom/google/common/base/Predicate;II)Ljava/lang/Object;,55,69,0
M,B,THROWS_METHOD_THROWS_RUNTIMEEXCEPTION,com.metamx.common.RetryUtils,NO_FIELD,retry(Ljava/util/concurrent/Callable;Lcom/google/common/base/Predicate;II)Ljava/lang/Object;,55,69,0
M,B,THROWS_METHOD_THROWS_CLAUSE_BASIC_EXCEPTION,com.metamx.common.RetryUtils,NO_FIELD,retry(Ljava/util/concurrent/Callable;Lcom/google/common/base/Predicate;I)Ljava/lang/Object;,78,78,0
M,B,THROWS_METHOD_THROWS_RUNTIMEEXCEPTION,com.metamx.common.guava.ConcatSequence,NO_FIELD,toYielder(Ljava/lang/Object;Lcom/metamx/common/guava/YieldingAccumulator;)Lcom/metamx/common/guava/Yielder;,58,78,0
M,B,THROWS_METHOD_THROWS_RUNTIMEEXCEPTION,com.metamx.common.guava.ConcatSequence,NO_FIELD,makeYielder(Lcom/metamx/common/guava/Yielder;Ljava/lang/Object;Lcom/metamx/common/guava/YieldingAccumulator;)Lcom/metamx/common/guava/Yielder;,88,109,0
M,B,THROWS_METHOD_THROWS_RUNTIMEEXCEPTION,com.metamx.common.guava.ConcatSequence,NO_FIELD,wrapYielder(Lcom/metamx/common/guava/Yielder;Lcom/metamx/common/guava/Yielder;Lcom/metamx/common/guava/YieldingAccumulator;)Lcom/metamx/common/guava/Yielder;,118,130,0
M,B,THROWS_METHOD_THROWS_RUNTIMEEXCEPTION,com.metamx.metrics.cgroups.CpuAcct,NO_FIELD,snapshot()Lcom/metamx/metrics/cgroups/CpuAcct$CpuAcctMetric;,75,88,0
M,V,EI_EXPOSE_REP2,com.metamx.emitter.core.HttpPostEmitter,jsonMapper,<init>(Lcom/metamx/emitter/core/HttpEmitterConfig;Lcom/metamx/http/client/HttpClient;Lcom/fasterxml/jackson/databind/ObjectMapper;)V,140,140,0
M,B,THROWS_METHOD_THROWS_RUNTIMEEXCEPTION,com.metamx.emitter.core.HttpPostEmitter,NO_FIELD,awaitStarted()V,169,181,0
M,B,THROWS_METHOD_THROWS_RUNTIMEEXCEPTION,com.metamx.emitter.core.HttpPostEmitter,NO_FIELD,eventToBytes(Lcom/metamx/emitter/core/Event;)[B,232,235,0
M,B,THROWS_METHOD_THROWS_CLAUSE_BASIC_EXCEPTION,com.metamx.emitter.core.HttpPostEmitter,NO_FIELD,waitForEmission(I)V,677,678,0
M,B,THROWS_METHOD_THROWS_CLAUSE_BASIC_EXCEPTION,com.metamx.http.client.pool.ResourcePool$1,NO_FIELD,load(Ljava/lang/Object;)Lcom/metamx/http/client/pool/ResourcePool$ImmediateCreationResourceHolder;,52,52,0
M,B,THROWS_METHOD_THROWS_CLAUSE_BASIC_EXCEPTION,com.metamx.http.client.pool.ResourcePool$1,NO_FIELD,load(Ljava/lang/Object;)Ljava/lang/Object;,48,48,0
M,B,THROWS_METHOD_THROWS_RUNTIMEEXCEPTION,com.metamx.http.client.pool.ResourcePool,NO_FIELD,take(Ljava/lang/Object;)Lcom/metamx/http/client/pool/ResourceContainer;,64,78,0
L,I,DM_CONVERT_CASE,com.metamx.common.parsers.ParserUtils,NO_FIELD,findDuplicates(Ljava/lang/Iterable;)Ljava/util/Set;,70,70,0
M,D,NP_PARAMETER_MUST_BE_NONNULL_BUT_MARKED_AS_NULLABLE,com.metamx.common.parsers.TimestampParser$3,NO_FIELD,apply(Ljava/lang/String;)Lorg/joda/time/DateTime;,71,72,0
M,D,NP_PARAMETER_MUST_BE_NONNULL_BUT_MARKED_AS_NULLABLE,com.metamx.common.parsers.TimestampParser$4,NO_FIELD,apply(Ljava/lang/String;)Lorg/joda/time/DateTime;,83,84,0
M,D,NP_PARAMETER_MUST_BE_NONNULL_BUT_MARKED_AS_NULLABLE,com.metamx.common.parsers.TimestampParser$5,NO_FIELD,apply(Ljava/lang/String;)Lorg/joda/time/DateTime;,95,96,0
M,V,EI_EXPOSE_REP2,com.metamx.common.Granularity$IntervalIterator,inputInterval,<init>(Lcom/metamx/common/Granularity;Lorg/joda/time/Interval;)V,800,800,0
M,V,EI_EXPOSE_REP2,com.metamx.common.Granularity$IntervalIterable,inputInterval,<init>(Lcom/metamx/common/Granularity;Lorg/joda/time/Interval;)V,763,763,0
L,I,DM_CONVERT_CASE,com.metamx.common.Granularity,NO_FIELD,getFormatter(Ljava/lang/String;)Lorg/joda/time/format/DateTimeFormatter;,667,667,0
L,I,DM_CONVERT_CASE,com.metamx.common.Granularity,NO_FIELD,toPath(Lorg/joda/time/DateTime;Ljava/lang/String;)Ljava/lang/String;,697,697,0
M,V,EI_EXPOSE_REP2,com.metamx.common.Granularity$ReverseIntervalIterator,inputInterval,<init>(Lcom/metamx/common/Granularity;Lorg/joda/time/Interval;)V,842,842,0
M,V,EI_EXPOSE_REP2,com.metamx.common.Granularity$ReverseIntervalIterable,inputInterval,<init>(Lcom/metamx/common/Granularity;Lorg/joda/time/Interval;)V,780,780,0
M,B,THROWS_METHOD_THROWS_RUNTIMEEXCEPTION,com.metamx.http.client.MockHttpClient,NO_FIELD,go(Lcom/metamx/http/client/Request;Lcom/metamx/http/client/response/HttpResponseHandler;Lorg/joda/time/Duration;)Lcom/google/common/util/concurrent/ListenableFuture;,86,89,0
L,I,DM_CONVERT_CASE,com.metamx.metrics.JvmMonitor$GcGenerationSpace,NO_FIELD,<init>(Lcom/metamx/metrics/JvmMonitor;Ljava/util/Map;JJ)V,287,287,0
M,B,RV_RETURN_VALUE_IGNORED_BAD_PRACTICE,com.metamx.common.StreamUtils,NO_FIELD,copyToFileAndClose(Ljava/io/InputStream;Ljava/io/File;)J,56,56,0
M,B,RV_RETURN_VALUE_IGNORED_BAD_PRACTICE,com.metamx.common.StreamUtils,NO_FIELD,copyToFileAndClose(Ljava/io/InputStream;Ljava/io/File;J)J,83,83,0
M,B,THROWS_METHOD_THROWS_RUNTIMEEXCEPTION,com.metamx.common.StreamUtils,NO_FIELD,retryCopy(Lcom/google/common/io/ByteSource;Lcom/google/common/io/ByteSink;Lcom/google/common/base/Predicate;I)J,164,185,0
M,V,EI_EXPOSE_REP2,com.metamx.metrics.HttpPostEmitterMonitor,httpPostEmitter,<init>(Ljava/lang/String;Lcom/metamx/emitter/core/HttpPostEmitter;Lcom/google/common/collect/ImmutableMap;)V,40,40,0
L,V,MC_OVERRIDABLE_METHOD_CALL_IN_CONSTRUCTOR,com.metamx.metrics.HttpPostEmitterMonitor,NO_FIELD,<init>(Ljava/lang/String;Lcom/metamx/emitter/core/HttpPostEmitter;Lcom/google/common/collect/ImmutableMap;)V,42,42,0
M,B,THROWS_METHOD_THROWS_RUNTIMEEXCEPTION,com.metamx.common.FileUtils,NO_FIELD,retryCopy(Lcom/google/common/io/ByteSource;Ljava/io/File;Lcom/google/common/base/Predicate;I)Lcom/metamx/common/FileUtils$FileCopyResult;,64,73,0
H,I,DM_DEFAULT_ENCODING,com.metamx.emitter.core.EmitterTest,NO_FIELD,testBatchSplitting()V,480,480,0
M,B,THROWS_METHOD_THROWS_CLAUSE_BASIC_EXCEPTION,com.metamx.emitter.core.EmitterTest,NO_FIELD,setUp()V,77,78,0
M,B,THROWS_METHOD_THROWS_CLAUSE_BASIC_EXCEPTION,com.metamx.emitter.core.EmitterTest,NO_FIELD,tearDown()V,83,86,0
M,B,THROWS_METHOD_THROWS_CLAUSE_BASIC_EXCEPTION,com.metamx.emitter.core.EmitterTest,NO_FIELD,testSanity()V,191,232,0
M,B,THROWS_METHOD_THROWS_CLAUSE_BASIC_EXCEPTION,com.metamx.emitter.core.EmitterTest,NO_FIELD,testSanityWithGeneralizedCreation()V,237,278,0
M,B,THROWS_METHOD_THROWS_CLAUSE_BASIC_EXCEPTION,com.metamx.emitter.core.EmitterTest,NO_FIELD,testSizeBasedEmission()V,283,299,0
M,B,THROWS_METHOD_THROWS_CLAUSE_BASIC_EXCEPTION,com.metamx.emitter.core.EmitterTest,NO_FIELD,testTimeBasedEmission()V,304,361,0
M,B,THROWS_METHOD_THROWS_CLAUSE_BASIC_EXCEPTION,com.metamx.emitter.core.EmitterTest,NO_FIELD,testFailedEmission()V,366,420,0
M,B,THROWS_METHOD_THROWS_CLAUSE_BASIC_EXCEPTION,com.metamx.emitter.core.EmitterTest,NO_FIELD,testBasicAuthenticationAndNewlineSeparating()V,425,471,0
M,B,THROWS_METHOD_THROWS_CLAUSE_BASIC_EXCEPTION,com.metamx.emitter.core.EmitterTest,NO_FIELD,testBatchSplitting()V,476,531,0
M,B,THROWS_METHOD_THROWS_CLAUSE_BASIC_EXCEPTION,com.metamx.emitter.core.EmitterTest,NO_FIELD,testGzipContentEncoding()V,536,586,0
M,B,THROWS_METHOD_THROWS_CLAUSE_BASIC_EXCEPTION,com.metamx.emitter.core.EmitterTest,NO_FIELD,waitForEmission(Lcom/metamx/emitter/core/HttpPostEmitter;I)V,601,602,0
M,D,NP_NULL_ON_SOME_PATH_FROM_RETURN_VALUE,com.metamx.common.CompressionUtils,NO_FIELD,zip(Ljava/io/File;Ljava/io/OutputStream;)J,92,92,0
M,B,THROWS_METHOD_THROWS_RUNTIMEEXCEPTION,com.metamx.common.CompressionUtils,NO_FIELD,unzip(Lcom/google/common/io/ByteSource;Ljava/io/File;Lcom/google/common/base/Predicate;Z)Lcom/metamx/common/FileUtils$FileCopyResult;,130,163,0
M,C,RV_RETURN_VALUE_IGNORED,com.metamx.http.client.pool.ResourcePoolTest$MyThread,NO_FIELD,waitForValueToBeGotten(JLjava/util/concurrent/TimeUnit;)V,279,279,0
M,B,THROWS_METHOD_THROWS_RUNTIMEEXCEPTION,com.metamx.emitter.core.HttpPostEmitterStressTest$3,NO_FIELD,run()V,102,118,0
M,V,EI_EXPOSE_REP,com.metamx.common.parsers.CSVParser,fieldNames,getFieldNames()Ljava/util/List;,88,88,0
M,V,EI_EXPOSE_REP2,com.metamx.common.parsers.JSONParser,objectMapper,<init>(Lcom/fasterxml/jackson/databind/ObjectMapper;Ljava/lang/Iterable;Ljava/lang/Iterable;)V,90,90,0
M,V,EI_EXPOSE_REP,com.metamx.common.parsers.JSONParser,fieldNames,getFieldNames()Ljava/util/List;,100,100,0
L,D,REC_CATCH_EXCEPTION,com.metamx.common.parsers.JSONParser,NO_FIELD,parse(Ljava/lang/String;)Ljava/util/Map;,146,146,0
M,P,WMI_WRONG_MAP_ITERATOR,com.metamx.metrics.KeyedDiff,NO_FIELD,subtract(Ljava/util/Map;Ljava/util/Map;)Ljava/util/Map;,47,47,0
M,B,THROWS_METHOD_THROWS_CLAUSE_BASIC_EXCEPTION,com.metamx.common.lifecycle.LifecycleTest$4,NO_FIELD,start()V,216,231,0
M,B,THROWS_METHOD_THROWS_CLAUSE_BASIC_EXCEPTION,com.metamx.common.lifecycle.LifecycleTest$1,NO_FIELD,start()V,58,63,0
M,B,THROWS_METHOD_THROWS_CLAUSE_BASIC_EXCEPTION,com.metamx.common.lifecycle.LifecycleTest$3,NO_FIELD,start()V,134,139,0
M,V,EI_EXPOSE_REP2,com.metamx.emitter.core.ParametrizedUriEmitter,jsonMapper,<init>(Lcom/metamx/emitter/core/ParametrizedUriEmitterConfig;Lcom/metamx/http/client/HttpClient;Lcom/fasterxml/jackson/databind/ObjectMapper;Lcom/metamx/emitter/core/UriExtractor;)V,72,72,0
M,B,THROWS_METHOD_THROWS_RUNTIMEEXCEPTION,com.metamx.emitter.core.ParametrizedUriEmitter,NO_FIELD,start()V,82,97,0
M,B,THROWS_METHOD_THROWS_RUNTIMEEXCEPTION,com.metamx.emitter.core.ParametrizedUriEmitter,NO_FIELD,flush()V,152,177,0
M,B,THROWS_METHOD_THROWS_RUNTIMEEXCEPTION,com.metamx.emitter.core.ParametrizedUriEmitter,NO_FIELD,lambda$emit$0(Ljava/net/URI;)Lcom/metamx/emitter/core/HttpPostEmitter;,109,118,0
M,B,THROWS_METHOD_THROWS_RUNTIMEEXCEPTION,com.metamx.metrics.cgroups.ProcCgroupDiscoverer,NO_FIELD,getProc()Ljava/io/File;,66,92,0
M,B,THROWS_METHOD_THROWS_RUNTIMEEXCEPTION,com.metamx.metrics.cgroups.ProcCgroupDiscoverer,NO_FIELD,getPidCgroupEntry(Ljava/io/File;I)Lcom/metamx/metrics/cgroups/ProcCgroupDiscoverer$ProcPidCgroupEntry;,100,111,0
M,B,THROWS_METHOD_THROWS_RUNTIMEEXCEPTION,com.metamx.metrics.cgroups.ProcCgroupDiscoverer,NO_FIELD,getCgroupEntry(Ljava/io/File;Ljava/lang/String;)Lcom/metamx/metrics/cgroups/ProcCgroupDiscoverer$ProcCgroupsEntry;,118,132,0
M,B,THROWS_METHOD_THROWS_RUNTIMEEXCEPTION,com.metamx.metrics.cgroups.ProcCgroupDiscoverer,NO_FIELD,getMountEntry(Ljava/io/File;Ljava/lang/String;)Lcom/metamx/metrics/cgroups/ProcCgroupDiscoverer$ProcMountsEntry;,139,151,0
M,B,THROWS_METHOD_THROWS_CLAUSE_BASIC_EXCEPTION,com.metamx.emitter.service.ServiceMetricEventTest,NO_FIELD,testStupidTest()V,33,262,0
M,B,THROWS_METHOD_THROWS_CLAUSE_BASIC_EXCEPTION,com.metamx.emitter.service.ServiceMetricEventTest,NO_FIELD,testInfinite()V,267,268,0
M,B,THROWS_METHOD_THROWS_CLAUSE_BASIC_EXCEPTION,com.metamx.emitter.service.ServiceMetricEventTest,NO_FIELD,testInfinite2()V,273,274,0
M,B,THROWS_METHOD_THROWS_CLAUSE_BASIC_EXCEPTION,com.metamx.emitter.service.ServiceMetricEventTest,NO_FIELD,testNaN()V,280,281,0
M,B,THROWS_METHOD_THROWS_CLAUSE_BASIC_EXCEPTION,com.metamx.emitter.service.ServiceMetricEventTest,NO_FIELD,testNaN2()V,286,287,0
M,B,THROWS_METHOD_THROWS_CLAUSE_BASIC_EXCEPTION,com.metamx.common.guava.MappedSequenceTest,NO_FIELD,testSanity()V,32,53,0
M,B,THROWS_METHOD_THROWS_RUNTIMEEXCEPTION,com.metamx.metrics.SigarUtil,NO_FIELD,<clinit>()V,34,59,0
L,I,DM_CONVERT_CASE,com.metamx.metrics.JvmMonitor$GcGeneration,NO_FIELD,<init>(Lcom/metamx/metrics/JvmMonitor;Ljava/util/Map;JLjava/lang/String;)V,170,170,0
M,D,NP_PARAMETER_MUST_BE_NONNULL_BUT_MARKED_AS_NULLABLE,com.metamx.common.parsers.TimestampParser$2,NO_FIELD,apply(Ljava/lang/String;)Lorg/joda/time/DateTime;,58,59,0
M,D,NP_PARAMETER_MUST_BE_NONNULL_BUT_MARKED_AS_NULLABLE,com.metamx.common.parsers.TimestampParser$1,NO_FIELD,apply(Ljava/lang/String;)Lorg/joda/time/DateTime;,41,49,0
M,B,THROWS_METHOD_THROWS_RUNTIMEEXCEPTION,com.metamx.http.client.pool.ChannelResourceFactory,NO_FIELD,generate(Ljava/lang/String;)Lorg/jboss/netty/channel/ChannelFuture;,72,154,0
H,B,DMI_RANDOM_USED_ONLY_ONCE,com.metamx.metrics.cgroups.CpuAcctTest,NO_FIELD,testDiff()V,380,380,0
H,D,DLS_DEAD_LOCAL_STORE,com.metamx.common.parsers.CSVParserTest,NO_FIELD,testValidHeader()V,36,36,0
H,D,DLS_DEAD_LOCAL_STORE,com.metamx.common.parsers.CSVParserTest,NO_FIELD,testInvalidHeader()V,53,53,0
M,B,JUA_DONT_ASSERT_INSTANCEOF_IN_TESTS,com.metamx.emitter.core.CustomEmitterFactoryTest,NO_FIELD,testCustomEmitter()V,79,79,0
M,V,EI_EXPOSE_REP,com.metamx.common.parsers.DelimitedParser,fieldNames,getFieldNames()Ljava/util/List;,111,111,0
M,B,SE_BAD_FIELD,com.metamx.common.Granularity$10,defaultFormat,NO_METHOD,-1,-1,0
M,B,SE_BAD_FIELD,com.metamx.common.Granularity$10,hiveFormat,NO_METHOD,-1,-1,0
M,B,SE_BAD_FIELD,com.metamx.common.Granularity$10,lowerDefaultFormat,NO_METHOD,-1,-1,0
M,B,SE_BAD_FIELD,com.metamx.common.Granularity$11,defaultFormat,NO_METHOD,-1,-1,0
M,B,SE_BAD_FIELD,com.metamx.common.Granularity$11,hiveFormat,NO_METHOD,-1,-1,0
M,B,SE_BAD_FIELD,com.metamx.common.Granularity$11,lowerDefaultFormat,NO_METHOD,-1,-1,0
M,B,THROWS_METHOD_THROWS_CLAUSE_BASIC_EXCEPTION,com.metamx.common.guava.BaseSequenceTest,NO_FIELD,testSanity()V,33,35,0
M,B,THROWS_METHOD_THROWS_CLAUSE_BASIC_EXCEPTION,com.metamx.common.guava.BaseSequenceTest,NO_FIELD,testNothing()V,40,42,0
M,B,THROWS_METHOD_THROWS_CLAUSE_BASIC_EXCEPTION,com.metamx.common.guava.BaseSequenceTest,NO_FIELD,testExceptionThrownInIterator()V,47,85,0
M,B,THROWS_METHOD_THROWS_CLAUSE_BASIC_EXCEPTION,com.metamx.emitter.core.ParametrizedUriEmitterTest$2,NO_FIELD,go(Lcom/metamx/http/client/Request;Lcom/metamx/http/client/response/HttpResponseHandler;Lorg/joda/time/Duration;)Lcom/google/common/util/concurrent/ListenableFuture;,130,131,0
M,B,VA_FORMAT_STRING_USES_NEWLINE,com.metamx.emitter.core.ParametrizedUriEmitterTest$3,NO_FIELD,go(Lcom/metamx/http/client/Request;Lcom/metamx/http/client/response/HttpResponseHandler;Lorg/joda/time/Duration;)Lcom/google/common/util/concurrent/ListenableFuture;,168,168,0
M,B,THROWS_METHOD_THROWS_CLAUSE_BASIC_EXCEPTION,com.metamx.emitter.core.ParametrizedUriEmitterTest$3,NO_FIELD,go(Lcom/metamx/http/client/Request;Lcom/metamx/http/client/response/HttpResponseHandler;Lorg/joda/time/Duration;)Lcom/google/common/util/concurrent/ListenableFuture;,166,176,0
L,C,RV_ABSOLUTE_VALUE_OF_RANDOM_INT,com.metamx.http.client.response.SequenceInputStreamResponseHandlerTest,NO_FIELD,setUp()V,50,50,0
H,C,RV_ABSOLUTE_VALUE_OF_RANDOM_INT,com.metamx.http.client.response.SequenceInputStreamResponseHandlerTest,NO_FIELD,testExceptionalChunkedStream()V,85,85,0
L,C,RV_ABSOLUTE_VALUE_OF_RANDOM_INT,com.metamx.http.client.response.SequenceInputStreamResponseHandlerTest,NO_FIELD,simpleMultiStreamTest()V,159,159,0
L,C,RV_ABSOLUTE_VALUE_OF_RANDOM_INT,com.metamx.http.client.response.SequenceInputStreamResponseHandlerTest,NO_FIELD,simpleSingleStreamTest()V,213,213,0
M,B,VA_FORMAT_STRING_USES_NEWLINE,com.metamx.emitter.core.ParametrizedUriEmitterTest$1,NO_FIELD,go(Lcom/metamx/http/client/Request;Lcom/metamx/http/client/response/HttpResponseHandler;Lorg/joda/time/Duration;)Lcom/google/common/util/concurrent/ListenableFuture;,89,89,0
M,B,THROWS_METHOD_THROWS_CLAUSE_BASIC_EXCEPTION,com.metamx.emitter.core.ParametrizedUriEmitterTest$1,NO_FIELD,go(Lcom/metamx/http/client/Request;Lcom/metamx/http/client/response/HttpResponseHandler;Lorg/joda/time/Duration;)Lcom/google/common/util/concurrent/ListenableFuture;,87,97,0
M,V,EI_EXPOSE_REP,com.metamx.common.parsers.RegexParser,fieldNames,getFieldNames()Ljava/util/List;,123,123,0
M,V,EI_EXPOSE_REP2,com.metamx.emitter.core.LoggingEmitter,jsonMapper,<init>(Lcom/metamx/common/logger/Logger;Lcom/metamx/emitter/core/LoggingEmitter$Level;Lcom/fasterxml/jackson/databind/ObjectMapper;)V,50,50,0
M,M,JLM_JSR166_UTILCONCURRENT_MONITORENTER,com.metamx.emitter.core.LoggingEmitter,started,emit(Lcom/metamx/emitter/core/Event;)V,89,89,0
L,D,REC_CATCH_EXCEPTION,com.metamx.common.parsers.JSONPathParser,NO_FIELD,parse(Ljava/lang/String;)Ljava/util/Map;,124,124,0
M,D,SF_SWITCH_NO_DEFAULT,com.metamx.metrics.JvmMonitorTest$GcTrackingEmitter,NO_FIELD,emit(Lcom/metamx/emitter/core/Event;)V,84,95,0
L,D,BC_UNCONFIRMED_CAST,com.metamx.metrics.JvmMonitorTest$GcTrackingEmitter,NO_FIELD,emit(Lcom/metamx/emitter/core/Event;)V,78,78,0
M,B,THROWS_METHOD_THROWS_CLAUSE_BASIC_EXCEPTION,com.metamx.http.client.GoHandlers$1,NO_FIELD,go(Lcom/metamx/http/client/Request;Lcom/metamx/http/client/response/HttpResponseHandler;Lorg/joda/time/Duration;)Lcom/google/common/util/concurrent/ListenableFuture;,42,42,0
M,B,THROWS_METHOD_THROWS_RUNTIMEEXCEPTION,com.metamx.http.client.HttpClientInit,NO_FIELD,createClient(Lcom/metamx/http/client/HttpClientConfig;Lcom/metamx/common/lifecycle/Lifecycle;)Lcom/metamx/http/client/HttpClient;,60,103,0
M,B,THROWS_METHOD_THROWS_RUNTIMEEXCEPTION,com.metamx.http.client.HttpClientInit,NO_FIELD,sslContextWithTrustedKeyStore(Ljava/lang/String;Ljava/lang/String;)Ljavax/net/ssl/SSLContext;,132,167,0
M,B,THROWS_METHOD_THROWS_RUNTIMEEXCEPTION,com.metamx.http.client.HttpClientInit,NO_FIELD,createBootstrap(Lcom/metamx/common/lifecycle/Lifecycle;Lorg/jboss/netty/util/Timer;II)Lorg/jboss/netty/bootstrap/ClientBootstrap;,172,223,0
M,D,DLS_DEAD_LOCAL_STORE,com.metamx.common.JodaUtilsTest,NO_FIELD,testUmbrellaIntervalsNull()V,57,57,0
M,B,THROWS_METHOD_THROWS_CLAUSE_BASIC_EXCEPTION,com.metamx.common.JodaUtilsTest,NO_FIELD,testUmbrellaIntervalsSimple()V,34,49,0
M,B,THROWS_METHOD_THROWS_CLAUSE_BASIC_EXCEPTION,com.metamx.common.JodaUtilsTest,NO_FIELD,testUmbrellaIntervalsNull()V,54,63,0
M,B,THROWS_METHOD_THROWS_CLAUSE_BASIC_EXCEPTION,com.metamx.common.JodaUtilsTest,NO_FIELD,testCondenseIntervalsSimple()V,68,89,0
M,B,THROWS_METHOD_THROWS_CLAUSE_BASIC_EXCEPTION,com.metamx.common.JodaUtilsTest,NO_FIELD,testCondenseIntervalsMixedUp()V,94,118,0
M,B,THROWS_METHOD_THROWS_CLAUSE_THROWABLE,com.metamx.emitter.EmittingLogger$EmittingAlertBuilder,NO_FIELD,finalize()V,114,118,0
M,B,VA_FORMAT_STRING_USES_NEWLINE,com.metamx.emitter.core.EmitterTest$9,NO_FIELD,go(Lcom/metamx/http/client/Request;Lcom/metamx/http/client/response/HttpResponseHandler;Lorg/joda/time/Duration;)Lcom/google/common/util/concurrent/ListenableFuture;,563,563,0
M,B,THROWS_METHOD_THROWS_CLAUSE_BASIC_EXCEPTION,com.metamx.emitter.core.EmitterTest$9,NO_FIELD,go(Lcom/metamx/http/client/Request;Lcom/metamx/http/client/response/HttpResponseHandler;Lorg/joda/time/Duration;)Lcom/google/common/util/concurrent/ListenableFuture;,549,575,0
H,B,DMI_RANDOM_USED_ONLY_ONCE,com.metamx.common.StreamUtilsTest,NO_FIELD,testRetryExceptionOnFlush()V,45,45,0
M,B,THROWS_METHOD_THROWS_CLAUSE_BASIC_EXCEPTION,com.metamx.common.TestGranularity,NO_FIELD,testGetUnits()V,347,354,0
M,B,THROWS_METHOD_THROWS_CLAUSE_BASIC_EXCEPTION,com.metamx.common.TestGranularity,NO_FIELD,testNumIn()V,359,379,0
M,B,THROWS_METHOD_THROWS_CLAUSE_BASIC_EXCEPTION,com.metamx.common.TestGranularity,NO_FIELD,testTruncate()V,384,392,0
M,B,THROWS_METHOD_THROWS_CLAUSE_BASIC_EXCEPTION,com.metamx.common.TestGranularity,NO_FIELD,testGetIterable()V,397,422,0
M,B,THROWS_METHOD_THROWS_CLAUSE_BASIC_EXCEPTION,com.metamx.common.TestGranularity,NO_FIELD,testGetReverseIterable()V,427,452,0
M,M,JLM_JSR166_UTILCONCURRENT_MONITORENTER,com.metamx.http.client.response.SequenceInputStreamResponseHandler$1,done,hasMoreElements()Z,75,75,0
M,B,THROWS_METHOD_THROWS_RUNTIMEEXCEPTION,com.metamx.http.client.response.SequenceInputStreamResponseHandler$1,NO_FIELD,nextElement()Ljava/io/InputStream;,84,89,0
M,B,VA_FORMAT_STRING_USES_NEWLINE,com.metamx.metrics.CpuAcctDeltaMonitorTest,NO_FIELD,testSimpleMonitor()V,93,93,0
M,B,THROWS_METHOD_THROWS_CLAUSE_BASIC_EXCEPTION,com.metamx.metrics.CpuAcctDeltaMonitorTest,NO_FIELD,testMonitorWontCrash()V,71,84,0
M,B,THROWS_METHOD_THROWS_CLAUSE_BASIC_EXCEPTION,com.metamx.metrics.CpuAcctDeltaMonitorTest,NO_FIELD,testSimpleMonitor()V,89,109,0
M,B,THROWS_METHOD_THROWS_RUNTIMEEXCEPTION,com.metamx.metrics.CpuAcctDeltaMonitorTest,NO_FIELD,lambda$testMonitorWontCrash$0()J,75,75,0
M,D,DMI_HARDCODED_ABSOLUTE_FILENAME,com.metamx.common.CompressionUtilsTest,NO_FIELD,testGoodGzipNameWithPath()V,474,474,0
M,D,DMI_HARDCODED_ABSOLUTE_FILENAME,com.metamx.common.CompressionUtilsTest,NO_FIELD,testBadNameWithPath()V,492,492,0
M,X,OBL_UNSATISFIED_OBLIGATION_EXCEPTION_EDGE,com.metamx.common.CompressionUtilsTest,NO_FIELD,testGoodGZStream()V,236,236,0
M,B,RV_RETURN_VALUE_IGNORED_BAD_PRACTICE,com.metamx.common.CompressionUtilsTest,NO_FIELD,testGoodZipCompressUncompress()V,134,134,0
M,B,RV_RETURN_VALUE_IGNORED_BAD_PRACTICE,com.metamx.common.CompressionUtilsTest,NO_FIELD,testGoodZipCompressUncompressWithLocalCopy()V,151,151,0
M,B,RV_RETURN_VALUE_IGNORED_BAD_PRACTICE,com.metamx.common.CompressionUtilsTest,NO_FIELD,testGoodGZCompressUncompressToFile()V,182,182,0
M,B,RV_RETURN_VALUE_IGNORED_BAD_PRACTICE,com.metamx.common.CompressionUtilsTest,NO_FIELD,testGoodZipStream()V,198,198,0
M,B,RV_RETURN_VALUE_IGNORED_BAD_PRACTICE,com.metamx.common.CompressionUtilsTest,NO_FIELD,testGunzipBugworkarround()V,375,375,0
M,B,RV_RETURN_VALUE_IGNORED_BAD_PRACTICE,com.metamx.common.CompressionUtilsTest,NO_FIELD,testZipName()V,443,443,0
M,B,RV_RETURN_VALUE_IGNORED_BAD_PRACTICE,com.metamx.common.CompressionUtilsTest,NO_FIELD,testZipName()V,446,446,0
H,I,DM_DEFAULT_ENCODING,com.metamx.common.CompressionUtilsTest,NO_FIELD,<clinit>()V,62,62,0
M,B,THROWS_METHOD_THROWS_CLAUSE_BASIC_EXCEPTION,com.metamx.common.CompressionUtilsTest,NO_FIELD,testGoodGZCompressUncompressToFile()V,174,189,0
M,B,THROWS_METHOD_THROWS_CLAUSE_BASIC_EXCEPTION,com.metamx.common.CompressionUtilsTest,NO_FIELD,testGoodGzipWithException()V,498,537,0
M,B,THROWS_METHOD_THROWS_CLAUSE_BASIC_EXCEPTION,com.metamx.common.CompressionUtilsTest,NO_FIELD,testStreamErrorGzip()V,543,561,0
M,B,THROWS_METHOD_THROWS_CLAUSE_BASIC_EXCEPTION,com.metamx.common.CompressionUtilsTest,NO_FIELD,testStreamErrorGunzip()V,566,595,0
M,B,THROWS_METHOD_THROWS_RUNTIMEEXCEPTION,com.metamx.common.CompressionUtilsTest,NO_FIELD,testStreamErrorGunzip()V,566,595,0
M,B,THROWS_METHOD_THROWS_RUNTIMEEXCEPTION,com.metamx.common.CompressionUtilsTest,NO_FIELD,<clinit>()V,60,83,0
M,B,THROWS_METHOD_THROWS_CLAUSE_BASIC_EXCEPTION,com.metamx.common.parsers.TimestampParserTest,NO_FIELD,testStripQuotes()V,29,31,0
M,B,THROWS_METHOD_THROWS_CLAUSE_BASIC_EXCEPTION,com.metamx.common.parsers.TimestampParserTest,NO_FIELD,testAuto()V,35,39,0
M,B,THROWS_METHOD_THROWS_CLAUSE_BASIC_EXCEPTION,com.metamx.common.parsers.TimestampParserTest,NO_FIELD,testRuby()V,43,46,0
M,B,THROWS_METHOD_THROWS_CLAUSE_BASIC_EXCEPTION,com.metamx.common.parsers.TimestampParserTest,NO_FIELD,testNano()V,50,62,0
M,B,THROWS_METHOD_THROWS_RUNTIMEEXCEPTION,com.metamx.common.guava.BaseSequence$3,NO_FIELD,next(Ljava/lang/Object;)Lcom/metamx/common/guava/Yielder;,134,147,0
M,B,THROWS_METHOD_THROWS_CLAUSE_BASIC_EXCEPTION,com.metamx.common.guava.ResourceClosingSequenceTest,NO_FIELD,testSanity()V,35,53,0
M,B,SE_BAD_FIELD,com.metamx.common.Granularity$2,defaultFormat,NO_METHOD,-1,-1,0
M,B,SE_BAD_FIELD,com.metamx.common.Granularity$2,hiveFormat,NO_METHOD,-1,-1,0
M,B,SE_BAD_FIELD,com.metamx.common.Granularity$2,lowerDefaultFormat,NO_METHOD,-1,-1,0
M,B,SE_BAD_FIELD,com.metamx.common.Granularity$1,defaultFormat,NO_METHOD,-1,-1,0
M,B,SE_BAD_FIELD,com.metamx.common.Granularity$1,hiveFormat,NO_METHOD,-1,-1,0
M,B,SE_BAD_FIELD,com.metamx.common.Granularity$1,lowerDefaultFormat,NO_METHOD,-1,-1,0
M,B,SE_BAD_FIELD,com.metamx.common.Granularity$6,defaultFormat,NO_METHOD,-1,-1,0
M,B,SE_BAD_FIELD,com.metamx.common.Granularity$6,hiveFormat,NO_METHOD,-1,-1,0
M,B,SE_BAD_FIELD,com.metamx.common.Granularity$6,lowerDefaultFormat,NO_METHOD,-1,-1,0
M,B,SE_BAD_FIELD,com.metamx.common.Granularity$8,defaultFormat,NO_METHOD,-1,-1,0
M,B,SE_BAD_FIELD,com.metamx.common.Granularity$8,hiveFormat,NO_METHOD,-1,-1,0
M,B,SE_BAD_FIELD,com.metamx.common.Granularity$8,lowerDefaultFormat,NO_METHOD,-1,-1,0
M,B,THROWS_METHOD_THROWS_CLAUSE_BASIC_EXCEPTION,com.metamx.common.guava.ExecutorExecutingSequenceTest,NO_FIELD,testSanity()V,42,53,0
M,B,THROWS_METHOD_THROWS_CLAUSE_BASIC_EXCEPTION,com.metamx.common.guava.ExecutorExecutingSequenceTest,NO_FIELD,testSanity2()V,58,69,0
H,D,DLS_DEAD_LOCAL_STORE,com.metamx.common.parsers.DelimitedParserTest,NO_FIELD,testValidHeader()V,36,36,0
H,D,DLS_DEAD_LOCAL_STORE,com.metamx.common.parsers.DelimitedParserTest,NO_FIELD,testInvalidHeader()V,53,53,0
M,D,NP_NULL_ON_SOME_PATH_FROM_RETURN_VALUE,com.metamx.common.io.smoosh.Smoosh,NO_FIELD,smoosh(Ljava/io/File;Ljava/io/File;)Ljava/util/Map;,36,36,0
M,B,THROWS_METHOD_THROWS_CLAUSE_BASIC_EXCEPTION,com.metamx.common.RetryUtilsTest,NO_FIELD,testImmediateSuccess()V,41,57,0
M,B,THROWS_METHOD_THROWS_CLAUSE_BASIC_EXCEPTION,com.metamx.common.RetryUtilsTest,NO_FIELD,testEventualFailure()V,62,84,0
M,B,THROWS_METHOD_THROWS_CLAUSE_BASIC_EXCEPTION,com.metamx.common.RetryUtilsTest,NO_FIELD,testEventualSuccess()V,89,108,0
M,B,THROWS_METHOD_THROWS_CLAUSE_BASIC_EXCEPTION,com.metamx.common.RetryUtilsTest,NO_FIELD,testExceptionPredicateNotMatching()V,113,138,0
M,B,THROWS_METHOD_THROWS_CLAUSE_BASIC_EXCEPTION,com.metamx.http.client.pool.ResourcePoolTest,NO_FIELD,setUp()V,39,49,0
M,B,THROWS_METHOD_THROWS_CLAUSE_BASIC_EXCEPTION,com.metamx.http.client.pool.ResourcePoolTest,NO_FIELD,testSanity()V,54,56,0
M,B,THROWS_METHOD_THROWS_CLAUSE_BASIC_EXCEPTION,com.metamx.http.client.pool.ResourcePoolTest,NO_FIELD,testFailedResource()V,81,95,0
M,B,THROWS_METHOD_THROWS_CLAUSE_BASIC_EXCEPTION,com.metamx.http.client.pool.ResourcePoolTest,NO_FIELD,testFaultyFailedResourceReplacement()V,100,137,0
M,B,THROWS_METHOD_THROWS_CLAUSE_BASIC_EXCEPTION,com.metamx.http.client.pool.ResourcePoolTest,NO_FIELD,testTakeMoreThanAllowed()V,142,178,0
M,B,THROWS_METHOD_THROWS_CLAUSE_BASIC_EXCEPTION,com.metamx.http.client.GoHandler$1,NO_FIELD,go(Lcom/metamx/http/client/Request;Lcom/metamx/http/client/response/HttpResponseHandler;Lorg/joda/time/Duration;)Lcom/google/common/util/concurrent/ListenableFuture;,87,91,0
M,B,THROWS_METHOD_THROWS_CLAUSE_BASIC_EXCEPTION,com.metamx.common.guava.FilteredSequenceTest,NO_FIELD,testSanity()V,33,54,0
M,B,THROWS_METHOD_THROWS_CLAUSE_BASIC_EXCEPTION,com.metamx.emitter.service.AlertEventTest,NO_FIELD,testStupid()V,35,53,0
M,B,THROWS_METHOD_THROWS_CLAUSE_BASIC_EXCEPTION,com.metamx.emitter.service.AlertEventTest,NO_FIELD,testAnomaly()V,58,77,0
M,B,THROWS_METHOD_THROWS_CLAUSE_BASIC_EXCEPTION,com.metamx.emitter.service.AlertEventTest,NO_FIELD,testComponentFailure()V,82,101,0
M,B,THROWS_METHOD_THROWS_CLAUSE_BASIC_EXCEPTION,com.metamx.emitter.service.AlertEventTest,NO_FIELD,testServiceFailure()V,106,125,0
M,B,THROWS_METHOD_THROWS_CLAUSE_BASIC_EXCEPTION,com.metamx.emitter.service.AlertEventTest,NO_FIELD,testDefaulting()V,130,166,0
L,B,RV_RETURN_VALUE_IGNORED_BAD_PRACTICE,com.metamx.http.client.JankyServersTest,NO_FIELD,setUp()V,63,63,0
M,B,JUA_DONT_ASSERT_INSTANCEOF_IN_TESTS,com.metamx.http.client.JankyServersTest,NO_FIELD,testHttpSilentServerWithGlobalTimeout()V,163,163,0
M,B,JUA_DONT_ASSERT_INSTANCEOF_IN_TESTS,com.metamx.http.client.JankyServersTest,NO_FIELD,testHttpSilentServerWithRequestTimeout()V,192,192,0
M,B,JUA_DONT_ASSERT_INSTANCEOF_IN_TESTS,com.metamx.http.client.JankyServersTest,NO_FIELD,testHttpsSilentServer()V,224,224,0
M,B,JUA_DONT_ASSERT_INSTANCEOF_IN_TESTS,com.metamx.http.client.JankyServersTest,NO_FIELD,testHttpEchoServer()V,316,316,0
M,B,THROWS_METHOD_THROWS_CLAUSE_BASIC_EXCEPTION,com.metamx.http.client.JankyServersTest,NO_FIELD,setUp()V,57,131,0
M,B,THROWS_METHOD_THROWS_CLAUSE_BASIC_EXCEPTION,com.metamx.http.client.JankyServersTest,NO_FIELD,tearDown()V,136,140,0
M,B,THROWS_METHOD_THROWS_CLAUSE_THROWABLE,com.metamx.http.client.JankyServersTest,NO_FIELD,testHttpSilentServerWithGlobalTimeout()V,145,168,0
M,B,THROWS_METHOD_THROWS_CLAUSE_THROWABLE,com.metamx.http.client.JankyServersTest,NO_FIELD,testHttpSilentServerWithRequestTimeout()V,173,197,0
M,B,THROWS_METHOD_THROWS_CLAUSE_THROWABLE,com.metamx.http.client.JankyServersTest,NO_FIELD,testHttpsSilentServer()V,202,229,0
M,B,THROWS_METHOD_THROWS_CLAUSE_THROWABLE,com.metamx.http.client.JankyServersTest,NO_FIELD,testHttpConnectionClosingServer()V,234,257,0
M,B,THROWS_METHOD_THROWS_CLAUSE_THROWABLE,com.metamx.http.client.JankyServersTest,NO_FIELD,testHttpsConnectionClosingServer()V,262,287,0
M,B,THROWS_METHOD_THROWS_CLAUSE_THROWABLE,com.metamx.http.client.JankyServersTest,NO_FIELD,testHttpEchoServer()V,298,322,0
M,B,THROWS_METHOD_THROWS_CLAUSE_THROWABLE,com.metamx.http.client.JankyServersTest,NO_FIELD,testHttpsEchoServer()V,327,351,0
M,B,THROWS_METHOD_THROWS_CLAUSE_BASIC_EXCEPTION,com.metamx.common.guava.nary.SortedMergeIteratorTest,NO_FIELD,testSanity()V,33,51,0
M,B,THROWS_METHOD_THROWS_RUNTIMEEXCEPTION,com.metamx.common.Timing,NO_FIELD,timeBenchmarkWrapException(Ljava/lang/String;Ljava/util/concurrent/Callable;Lcom/metamx/common/logger/Logger;)Ljava/lang/Object;,28,30,0
M,B,THROWS_METHOD_THROWS_CLAUSE_BASIC_EXCEPTION,com.metamx.common.Timing,NO_FIELD,timeBenchmark(Ljava/lang/String;Ljava/util/concurrent/Callable;Lcom/metamx/common/logger/Logger;)Ljava/lang/Object;,38,44,0
M,B,THROWS_METHOD_THROWS_RUNTIMEEXCEPTION,com.metamx.common.guava.MergeSequence,NO_FIELD,makeYielder(Ljava/util/PriorityQueue;Ljava/lang/Object;Lcom/metamx/common/guava/YieldingAccumulator;)Lcom/metamx/common/guava/Yielder;,104,126,0
M,V,EI_EXPOSE_REP2,com.metamx.common.guava.FunctionalIterator,delegate,<init>(Ljava/util/Iterator;)V,55,55,0
M,D,DLS_DEAD_LOCAL_STORE,com.metamx.metrics.JvmMonitorTest,NO_FIELD,testGcCounts()V,44,44,0
L,I,DM_CONVERT_CASE,com.metamx.common.parsers.JSONToLowerParser,NO_FIELD,parse(Ljava/lang/String;)Ljava/util/Map;,84,84,0
M,V,EI_EXPOSE_REP2,com.metamx.common.parsers.JSONToLowerParser,objectMapper,<init>(Lcom/fasterxml/jackson/databind/ObjectMapper;Ljava/lang/Iterable;Ljava/lang/Iterable;)V,53,53,0
L,D,REC_CATCH_EXCEPTION,com.metamx.common.parsers.JSONToLowerParser,NO_FIELD,parse(Ljava/lang/String;)Ljava/util/Map;,108,108,0
M,B,THROWS_METHOD_THROWS_CLAUSE_BASIC_EXCEPTION,com.metamx.common.ByteBufferUtilsTest,NO_FIELD,testUnmapDoesntCrashJVM()V,41,51,0
M,B,THROWS_METHOD_THROWS_CLAUSE_BASIC_EXCEPTION,com.metamx.common.ByteBufferUtilsTest,NO_FIELD,testFreeDoesntCrashJVM()V,56,62,0
M,B,THROWS_METHOD_THROWS_CLAUSE_THROWABLE,com.metamx.http.client.pool.ResourcePool$2,NO_FIELD,finalize()V,102,113,0
M,B,RR_NOT_CHECKED,com.metamx.http.client.io.AppendableByteArrayInputStreamTest$1,NO_FIELD,call()[B,165,165,0
M,B,THROWS_METHOD_THROWS_CLAUSE_BASIC_EXCEPTION,com.metamx.http.client.io.AppendableByteArrayInputStreamTest$1,NO_FIELD,call()[B,164,166,0
M,B,THROWS_METHOD_THROWS_CLAUSE_BASIC_EXCEPTION,com.metamx.http.client.io.AppendableByteArrayInputStreamTest$1,NO_FIELD,call()Ljava/lang/Object;,160,160,0
M,B,THROWS_METHOD_THROWS_CLAUSE_BASIC_EXCEPTION,com.metamx.emitter.core.HttpPostEmitterStressTest$2,NO_FIELD,go(Lcom/metamx/http/client/Request;Lcom/metamx/http/client/response/HttpResponseHandler;Lorg/joda/time/Duration;)Lcom/google/common/util/concurrent/ListenableFuture;,87,91,0
L,D,PZLA_PREFER_ZERO_LENGTH_ARRAYS,com.metamx.http.client.io.AppendableByteArrayInputStreamTest$2,NO_FIELD,call()[B,236,236,0
M,B,THROWS_METHOD_THROWS_CLAUSE_BASIC_EXCEPTION,com.metamx.http.client.io.AppendableByteArrayInputStreamTest$2,NO_FIELD,call()[B,228,236,0
M,B,THROWS_METHOD_THROWS_CLAUSE_BASIC_EXCEPTION,com.metamx.http.client.io.AppendableByteArrayInputStreamTest$2,NO_FIELD,call()Ljava/lang/Object;,223,223,0
M,B,THROWS_METHOD_THROWS_CLAUSE_BASIC_EXCEPTION,com.metamx.common.guava.LimitedSequenceTest,NO_FIELD,testSanityAccumulate()V,36,42,0
M,B,THROWS_METHOD_THROWS_CLAUSE_BASIC_EXCEPTION,com.metamx.common.guava.LimitedSequenceTest,NO_FIELD,testTwo()V,47,54,0
M,B,THROWS_METHOD_THROWS_CLAUSE_BASIC_EXCEPTION,com.metamx.common.guava.LimitedSequenceTest,NO_FIELD,testOne()V,59,66,0
M,B,THROWS_METHOD_THROWS_CLAUSE_BASIC_EXCEPTION,com.metamx.common.guava.LimitedSequenceTest,NO_FIELD,testNoSideEffects()V,71,95,0
M,B,THROWS_METHOD_THROWS_CLAUSE_BASIC_EXCEPTION,com.metamx.common.lifecycle.LifecycleTest,NO_FIELD,testConcurrentStartStopOnce()V,45,119,0
M,B,THROWS_METHOD_THROWS_CLAUSE_BASIC_EXCEPTION,com.metamx.common.lifecycle.LifecycleTest,NO_FIELD,testStartStopOnce()V,124,167,0
M,B,THROWS_METHOD_THROWS_CLAUSE_BASIC_EXCEPTION,com.metamx.common.lifecycle.LifecycleTest,NO_FIELD,testSanity()V,172,199,0
M,B,THROWS_METHOD_THROWS_CLAUSE_BASIC_EXCEPTION,com.metamx.common.lifecycle.LifecycleTest,NO_FIELD,testAddToLifecycleInStartMethod()V,204,252,0
M,M,VO_VOLATILE_INCREMENT,com.metamx.common.guava.LimitedYieldingAccumulator,count,accumulate(Ljava/lang/Object;Ljava/lang/Object;)Ljava/lang/Object;,61,61,0
M,B,THROWS_METHOD_THROWS_CLAUSE_BASIC_EXCEPTION,com.metamx.common.guava.ExecutorExecutingSequence$3$1,NO_FIELD,call()Lcom/metamx/common/guava/Yielder;,110,110,0
M,B,THROWS_METHOD_THROWS_CLAUSE_BASIC_EXCEPTION,com.metamx.common.guava.ExecutorExecutingSequence$3$1,NO_FIELD,call()Ljava/lang/Object;,106,106,0
M,B,THROWS_METHOD_THROWS_CLAUSE_BASIC_EXCEPTION,com.metamx.emitter.core.HttpPostEmitter$EmittingThread,NO_FIELD,send([BI)V,540,590,0
M,B,THROWS_METHOD_THROWS_CLAUSE_BASIC_EXCEPTION,com.metamx.emitter.core.HttpPostEmitter$EmittingThread,NO_FIELD,access$1600(Lcom/metamx/emitter/core/HttpPostEmitter$EmittingThread;[BI)V,337,337,0
M,B,THROWS_METHOD_THROWS_CLAUSE_BASIC_EXCEPTION,com.metamx.http.client.NettyHttpClient$1,NO_FIELD,messageReceived(Lorg/jboss/netty/channel/ChannelHandlerContext;Lorg/jboss/netty/channel/MessageEvent;)V,197,251,0
M,B,THROWS_METHOD_THROWS_CLAUSE_BASIC_EXCEPTION,com.metamx.http.client.NettyHttpClient$1,NO_FIELD,exceptionCaught(Lorg/jboss/netty/channel/ChannelHandlerContext;Lorg/jboss/netty/channel/ExceptionEvent;)V,275,301,0
M,B,THROWS_METHOD_THROWS_CLAUSE_BASIC_EXCEPTION,com.metamx.http.client.NettyHttpClient$1,NO_FIELD,channelDisconnected(Lorg/jboss/netty/channel/ChannelHandlerContext;Lorg/jboss/netty/channel/ChannelStateEvent;)V,306,320,0
M,B,THROWS_METHOD_THROWS_CLAUSE_BASIC_EXCEPTION,com.metamx.common.guava.FunctionalIterableTest,NO_FIELD,testTransform()V,35,51,0
M,B,THROWS_METHOD_THROWS_CLAUSE_BASIC_EXCEPTION,com.metamx.common.guava.FunctionalIterableTest,NO_FIELD,testTransformCat()V,56,72,0
M,B,THROWS_METHOD_THROWS_CLAUSE_BASIC_EXCEPTION,com.metamx.common.guava.FunctionalIterableTest,NO_FIELD,testKeep()V,77,96,0
M,B,THROWS_METHOD_THROWS_CLAUSE_BASIC_EXCEPTION,com.metamx.common.guava.FunctionalIterableTest,NO_FIELD,testFilter()V,101,117,0
M,B,THROWS_METHOD_THROWS_CLAUSE_BASIC_EXCEPTION,com.metamx.common.guava.FunctionalIterableTest,NO_FIELD,testDrop()V,122,129,0
M,C,NP_NULL_PARAM_DEREF_ALL_TARGETS_DANGEROUS,com.metamx.metrics.cgroups.ProcCgroupDiscovererTest,NO_FIELD,testNullCgroup()V,98,98,0
M,D,DMI_HARDCODED_ABSOLUTE_FILENAME,com.metamx.metrics.cgroups.ProcCgroupDiscovererTest,NO_FIELD,testParse()V,80,80,0
M,B,THROWS_METHOD_THROWS_CLAUSE_BASIC_EXCEPTION,com.metamx.metrics.cgroups.ProcCgroupDiscovererTest,NO_FIELD,setUp()V,48,59,0
M,B,THROWS_METHOD_THROWS_CLAUSE_BASIC_EXCEPTION,com.metamx.metrics.cgroups.ProcCgroupDiscovererTest,NO_FIELD,testSimpleProc()V,64,71,0
M,B,THROWS_METHOD_THROWS_CLAUSE_BASIC_EXCEPTION,com.metamx.metrics.cgroups.ProcCgroupDiscovererTest,NO_FIELD,testParse()V,76,92,0
M,B,OS_OPEN_STREAM,com.metamx.http.client.io.AppendableByteArrayInputStreamTest,NO_FIELD,testIndividualRead([[B[B)V,63,63,0
M,B,OS_OPEN_STREAM,com.metamx.http.client.io.AppendableByteArrayInputStreamTest,NO_FIELD,testFullRead([[B[B)V,79,79,0
M,B,OS_OPEN_STREAM,com.metamx.http.client.io.AppendableByteArrayInputStreamTest,NO_FIELD,testReadsAndWritesInterspersed()V,92,92,0
M,B,OS_OPEN_STREAM,com.metamx.http.client.io.AppendableByteArrayInputStreamTest,NO_FIELD,testReadLessThanWritten()V,111,111,0
M,B,OS_OPEN_STREAM,com.metamx.http.client.io.AppendableByteArrayInputStreamTest,NO_FIELD,testReadLessThanWrittenMultiple()V,130,130,0
M,B,OS_OPEN_STREAM,com.metamx.http.client.io.AppendableByteArrayInputStreamTest,NO_FIELD,testAddEmptyByteArray()V,199,199,0
M,B,RV_RETURN_VALUE_IGNORED_BAD_PRACTICE,com.metamx.http.client.io.AppendableByteArrayInputStreamTest,NO_FIELD,testExceptionUnblocks()V,221,221,0
M,B,THROWS_METHOD_THROWS_CLAUSE_BASIC_EXCEPTION,com.metamx.http.client.io.AppendableByteArrayInputStreamTest,NO_FIELD,testSingleByteArray()V,40,43,0
M,B,THROWS_METHOD_THROWS_CLAUSE_BASIC_EXCEPTION,com.metamx.http.client.io.AppendableByteArrayInputStreamTest,NO_FIELD,testMultiByteArray()V,48,53,0
M,B,THROWS_METHOD_THROWS_CLAUSE_BASIC_EXCEPTION,com.metamx.http.client.io.AppendableByteArrayInputStreamTest,NO_FIELD,testAll([[B[B)V,57,59,0
M,B,THROWS_METHOD_THROWS_CLAUSE_BASIC_EXCEPTION,com.metamx.http.client.io.AppendableByteArrayInputStreamTest,NO_FIELD,testReadsAndWritesInterspersed()V,92,106,0
M,B,THROWS_METHOD_THROWS_CLAUSE_BASIC_EXCEPTION,com.metamx.http.client.io.AppendableByteArrayInputStreamTest,NO_FIELD,testReadLessThanWritten()V,111,125,0
M,B,THROWS_METHOD_THROWS_CLAUSE_BASIC_EXCEPTION,com.metamx.http.client.io.AppendableByteArrayInputStreamTest,NO_FIELD,testReadLessThanWrittenMultiple()V,130,147,0
M,B,THROWS_METHOD_THROWS_CLAUSE_BASIC_EXCEPTION,com.metamx.http.client.io.AppendableByteArrayInputStreamTest,NO_FIELD,testBlockingRead()V,152,194,0
M,B,THROWS_METHOD_THROWS_CLAUSE_BASIC_EXCEPTION,com.metamx.http.client.io.AppendableByteArrayInputStreamTest,NO_FIELD,testAddEmptyByteArray()V,199,210,0
M,D,DLS_DEAD_LOCAL_STORE,com.metamx.common.parsers.JSONPathParserTest,NO_FIELD,testRejectDuplicates()V,198,198,0
M,D,DLS_DEAD_LOCAL_STORE,com.metamx.common.parsers.JSONPathParserTest,NO_FIELD,testParseFail()V,210,210,0
M,B,THROWS_METHOD_THROWS_CLAUSE_BASIC_EXCEPTION,com.metamx.common.guava.FunctionalIteratorTest,NO_FIELD,testTransform()V,36,52,0
M,B,THROWS_METHOD_THROWS_CLAUSE_BASIC_EXCEPTION,com.metamx.common.guava.FunctionalIteratorTest,NO_FIELD,testTransformCat()V,57,73,0
M,B,THROWS_METHOD_THROWS_CLAUSE_BASIC_EXCEPTION,com.metamx.common.guava.FunctionalIteratorTest,NO_FIELD,testKeep()V,78,97,0
M,B,THROWS_METHOD_THROWS_CLAUSE_BASIC_EXCEPTION,com.metamx.common.guava.FunctionalIteratorTest,NO_FIELD,testFilter()V,102,118,0
M,B,THROWS_METHOD_THROWS_CLAUSE_BASIC_EXCEPTION,com.metamx.common.guava.FunctionalIteratorTest,NO_FIELD,testDrop()V,123,130,0
M,B,THROWS_METHOD_THROWS_CLAUSE_BASIC_EXCEPTION,com.metamx.common.guava.MergeSequenceTest,NO_FIELD,testSanity()V,34,46,0
M,B,THROWS_METHOD_THROWS_CLAUSE_BASIC_EXCEPTION,com.metamx.common.guava.MergeSequenceTest,NO_FIELD,testWorksWhenBeginningOutOfOrder()V,51,63,0
M,B,THROWS_METHOD_THROWS_CLAUSE_BASIC_EXCEPTION,com.metamx.common.guava.MergeSequenceTest,NO_FIELD,testMergeEmpties()V,68,81,0
M,B,THROWS_METHOD_THROWS_CLAUSE_BASIC_EXCEPTION,com.metamx.common.guava.MergeSequenceTest,NO_FIELD,testMergeEmpties1()V,86,99,0
M,B,THROWS_METHOD_THROWS_CLAUSE_BASIC_EXCEPTION,com.metamx.common.guava.MergeSequenceTest,NO_FIELD,testMergeEmpties2()V,104,118,0
M,B,THROWS_METHOD_THROWS_CLAUSE_BASIC_EXCEPTION,com.metamx.common.guava.MergeSequenceTest,NO_FIELD,testScrewsUpOnOutOfOrder()V,123,135,0
M,B,THROWS_METHOD_THROWS_CLAUSE_BASIC_EXCEPTION,com.metamx.common.guava.MergeSequenceTest,NO_FIELD,testHierarchicalMerge()V,140,156,0
M,B,THROWS_METHOD_THROWS_CLAUSE_BASIC_EXCEPTION,com.metamx.common.guava.MergeSequenceTest,NO_FIELD,testMergeOne()V,161,170,0
M,B,THROWS_METHOD_THROWS_CLAUSE_BASIC_EXCEPTION,com.metamx.common.guava.ConcatSequenceTest,NO_FIELD,testAccumulationSingle()V,41,46,0
M,B,THROWS_METHOD_THROWS_CLAUSE_BASIC_EXCEPTION,com.metamx.common.guava.ConcatSequenceTest,NO_FIELD,testAccumulationMultiple()V,51,58,0
M,B,THROWS_METHOD_THROWS_CLAUSE_BASIC_EXCEPTION,com.metamx.common.guava.ConcatSequenceTest,NO_FIELD,testAccumulationMultipleAndEmpty()V,63,71,0
M,B,THROWS_METHOD_THROWS_CLAUSE_BASIC_EXCEPTION,com.metamx.common.guava.ConcatSequenceTest,NO_FIELD,testAccumulationMultipleAndEmpty1()V,76,85,0
M,B,THROWS_METHOD_THROWS_CLAUSE_BASIC_EXCEPTION,com.metamx.common.guava.ConcatSequenceTest,NO_FIELD,testAccumulationMultipleAndEmpty2()V,90,99,0
M,B,THROWS_METHOD_THROWS_CLAUSE_BASIC_EXCEPTION,com.metamx.common.guava.ConcatSequenceTest,NO_FIELD,testClosingOfSequenceSequence()V,104,162,0
M,B,THROWS_METHOD_THROWS_CLAUSE_BASIC_EXCEPTION,com.metamx.common.guava.ConcatSequenceTest,NO_FIELD,testClosingOfSequenceSequenceWhenExceptionThrown()V,167,191,0
M,B,THROWS_METHOD_THROWS_CLAUSE_BASIC_EXCEPTION,com.metamx.common.guava.ConcatSequenceTest,NO_FIELD,testEnsureNextSequenceIsCalledLazilyInToYielder()V,196,276,0
M,B,VA_FORMAT_STRING_USES_NEWLINE,com.metamx.emitter.core.ParametrizedUriEmitterTest,NO_FIELD,testEmitterWithMultipleFeeds()V,142,142,0
M,B,VA_FORMAT_STRING_USES_NEWLINE,com.metamx.emitter.core.ParametrizedUriEmitterTest,NO_FIELD,testEmitterWithMultipleFeeds()V,143,143,0
M,B,THROWS_METHOD_THROWS_CLAUSE_BASIC_EXCEPTION,com.metamx.emitter.core.ParametrizedUriEmitterTest,NO_FIELD,setUp()V,39,40,0
M,B,THROWS_METHOD_THROWS_CLAUSE_BASIC_EXCEPTION,com.metamx.emitter.core.ParametrizedUriEmitterTest,NO_FIELD,tearDown()V,45,48,0
M,B,THROWS_METHOD_THROWS_CLAUSE_BASIC_EXCEPTION,com.metamx.emitter.core.ParametrizedUriEmitterTest,NO_FIELD,parametrizedEmmiter(Ljava/lang/String;)Lcom/metamx/emitter/core/Emitter;,52,59,0
M,B,THROWS_METHOD_THROWS_CLAUSE_BASIC_EXCEPTION,com.metamx.emitter.core.ParametrizedUriEmitterTest,NO_FIELD,testParametrizedEmitterCreated()V,65,66,0
M,B,THROWS_METHOD_THROWS_CLAUSE_BASIC_EXCEPTION,com.metamx.emitter.core.ParametrizedUriEmitterTest,NO_FIELD,testEmitterWithFeedUriExtractor()V,71,107,0
M,B,THROWS_METHOD_THROWS_CLAUSE_BASIC_EXCEPTION,com.metamx.emitter.core.ParametrizedUriEmitterTest,NO_FIELD,testEmitterWithMultipleFeeds()V,112,145,0
M,B,THROWS_METHOD_THROWS_CLAUSE_BASIC_EXCEPTION,com.metamx.emitter.core.ParametrizedUriEmitterTest,NO_FIELD,testEmitterWithParametrizedUriExtractor()V,150,186,0
M,B,THROWS_METHOD_THROWS_CLAUSE_BASIC_EXCEPTION,com.metamx.emitter.core.ParametrizedUriEmitterTest,NO_FIELD,failEmitMalformedEvent()V,191,207,0
M,B,THROWS_METHOD_THROWS_RUNTIMEEXCEPTION,com.metamx.common.guava.ExecutorExecutingSequence$3,NO_FIELD,next(Ljava/lang/Object;)Lcom/metamx/common/guava/Yielder;,104,121,0
M,B,THROWS_METHOD_THROWS_CLAUSE_BASIC_EXCEPTION,com.metamx.metrics.JvmPidDiscovererTest,NO_FIELD,getPid()V,27,28,0
M,B,THROWS_METHOD_THROWS_CLAUSE_BASIC_EXCEPTION,com.metamx.common.guava.ComparatorsTest,NO_FIELD,testInverse()V,33,42,0
M,B,THROWS_METHOD_THROWS_CLAUSE_BASIC_EXCEPTION,com.metamx.common.guava.ComparatorsTest,NO_FIELD,testIntervalsByStartThenEnd()V,61,92,0
M,B,THROWS_METHOD_THROWS_CLAUSE_BASIC_EXCEPTION,com.metamx.common.guava.ComparatorsTest,NO_FIELD,testIntervalsByEndThenStart()V,97,128,0
M,B,THROWS_METHOD_THROWS_CLAUSE_BASIC_EXCEPTION,com.metamx.common.io.smoosh.SmooshedFileMapperTest,NO_FIELD,testSanity()V,44,73,0
M,B,THROWS_METHOD_THROWS_CLAUSE_BASIC_EXCEPTION,com.metamx.common.io.smoosh.SmooshedFileMapperTest,NO_FIELD,testBehaviorWhenReportedSizesLargeAndExceptionIgnored()V,78,113,0
M,B,THROWS_METHOD_THROWS_CLAUSE_BASIC_EXCEPTION,com.metamx.common.io.smoosh.SmooshedFileMapperTest,NO_FIELD,testBehaviorWhenReportedSizesSmall()V,118,134,0
L,B,RV_RETURN_VALUE_IGNORED_BAD_PRACTICE,com.metamx.http.client.FriendlyServersTest,NO_FIELD,testFriendlyHttpServer()V,62,62,0
L,B,RV_RETURN_VALUE_IGNORED_BAD_PRACTICE,com.metamx.http.client.FriendlyServersTest,NO_FIELD,testCompressionCodecConfig()V,111,111,0
M,B,JUA_DONT_ASSERT_INSTANCEOF_IN_TESTS,com.metamx.http.client.FriendlyServersTest,NO_FIELD,testFriendlySelfSignedHttpsServer()V,224,224,0
M,B,JUA_DONT_ASSERT_INSTANCEOF_IN_TESTS,com.metamx.http.client.FriendlyServersTest,NO_FIELD,testFriendlySelfSignedHttpsServer()V,246,246,0
M,B,THROWS_METHOD_THROWS_CLAUSE_BASIC_EXCEPTION,com.metamx.http.client.FriendlyServersTest,NO_FIELD,testFriendlyHttpServer()V,60,103,0
M,B,THROWS_METHOD_THROWS_CLAUSE_BASIC_EXCEPTION,com.metamx.http.client.FriendlyServersTest,NO_FIELD,testCompressionCodecConfig()V,108,161,0
M,B,THROWS_METHOD_THROWS_CLAUSE_BASIC_EXCEPTION,com.metamx.http.client.FriendlyServersTest,NO_FIELD,testFriendlySelfSignedHttpsServer()V,166,256,0
M,B,THROWS_METHOD_THROWS_CLAUSE_THROWABLE,com.metamx.http.client.FriendlyServersTest,NO_FIELD,testHttpBin()V,262,291,0
M,C,UWF_UNWRITTEN_FIELD,com.metamx.common.parsers.JSONToLowerParser,fieldNames,NO_METHOD,79,79,0
L,P,SIC_INNER_SHOULD_BE_STATIC_ANON,com.metamx.common.guava.FunctionalIteratorTest,NO_FIELD,testFilter()V,104,104,0
L,P,SIC_INNER_SHOULD_BE_STATIC_ANON,com.metamx.common.parsers.JSONPathParser,NO_FIELD,parse(Ljava/lang/String;)Ljava/util/Map;,97,97,0
L,P,SIC_INNER_SHOULD_BE_STATIC_ANON,com.metamx.common.guava.ConcatSequenceTest,NO_FIELD,testClosingOfSequenceSequence()V,130,130,0
L,P,SIC_INNER_SHOULD_BE_STATIC_ANON,com.metamx.common.CompressionUtilsTest,NO_FIELD,testGunzipBugworkarround()V,383,383,0
M,D,URF_UNREAD_PUBLIC_OR_PROTECTED_FIELD,com.metamx.metrics.cgroups.CpuAcctTest,expectedException,NO_METHOD,37,37,0
L,P,SIC_INNER_SHOULD_BE_STATIC_ANON,com.metamx.common.lifecycle.LifecycleTest,NO_FIELD,testAddToLifecycleInStartMethod()V,210,210,0
L,P,SIC_INNER_SHOULD_BE_STATIC_ANON,com.metamx.common.guava.FilteredSequenceTest,NO_FIELD,testSanity()V,33,33,0
L,P,SIC_INNER_SHOULD_BE_STATIC_ANON,com.metamx.common.guava.FunctionalIteratorTest,NO_FIELD,testKeep()V,80,80,0
L,P,SIC_INNER_SHOULD_BE_STATIC_ANON,com.metamx.common.guava.ConcatSequenceTest,NO_FIELD,testClosingOfSequenceSequence()V,146,146,0
L,P,SIC_INNER_SHOULD_BE_STATIC_ANON,com.metamx.common.CompressionUtilsTest,NO_FIELD,testGoodGzipWithException()V,503,503,0
M,P,URF_UNREAD_FIELD,com.metamx.metrics.CpuAcctDeltaMonitorTest,discoverer,NO_METHOD,51,51,0
L,P,SIC_INNER_SHOULD_BE_STATIC_ANON,com.metamx.common.guava.FunctionalIteratorTest,NO_FIELD,testTransformCat()V,59,59,0
L,P,SIC_INNER_SHOULD_BE_STATIC_NEEDS_THIS,com.metamx.metrics.JvmMonitor$GcGeneration,NO_FIELD,NO_METHOD,166,206,0
L,P,SIC_INNER_SHOULD_BE_STATIC_ANON,com.metamx.common.guava.ComparatorsTest,NO_FIELD,testInverseOverflow()V,47,47,0
L,P,SIC_INNER_SHOULD_BE_STATIC_ANON,com.metamx.common.lifecycle.LifecycleTest,NO_FIELD,testConcurrentStartStopOnce()V,79,79,0
L,P,SIC_INNER_SHOULD_BE_STATIC_ANON,com.metamx.emitter.core.EmitterTest,NO_FIELD,testSanityWithGeneralizedCreation()V,243,243,0
L,P,SIC_INNER_SHOULD_BE_STATIC_ANON,com.metamx.common.guava.FunctionalIteratorTest,NO_FIELD,testTransform()V,38,38,0
L,P,SIC_INNER_SHOULD_BE_STATIC_ANON,com.metamx.common.config.DurationCoercible,NO_FIELD,accept(Ljava/lang/Class;)Lorg/skife/config/Coercer;,35,35,0
L,P,SIC_INNER_SHOULD_BE_STATIC_ANON,com.metamx.common.guava.ConcatSequenceTest,NO_FIELD,testClosingOfSequenceSequence()V,105,105,0
L,P,SIC_INNER_SHOULD_BE_STATIC_ANON,com.metamx.common.CompressionUtilsTest,NO_FIELD,testGoodZipCompressUncompressWithLocalCopy()V,152,152,0
L,P,SIC_INNER_SHOULD_BE_STATIC_NEEDS_THIS,com.metamx.metrics.JvmMonitor$GcCounters,NO_FIELD,NO_METHOD,138,159,0
L,P,SIC_INNER_SHOULD_BE_STATIC_ANON,com.metamx.emitter.core.EmitterTest,NO_FIELD,testSanity()V,197,197,0
L,P,SIC_INNER_SHOULD_BE_STATIC_ANON,com.metamx.common.lifecycle.LifecycleTest,NO_FIELD,testStartStopOnce()V,127,127,0
L,P,SIC_INNER_SHOULD_BE_STATIC_ANON,com.metamx.http.client.NettyHttpClient,NO_FIELD,go(Lcom/metamx/http/client/Request;Lcom/metamx/http/client/response/HttpResponseHandler;Lorg/joda/time/Duration;)Lcom/google/common/util/concurrent/ListenableFuture;,332,332,0
L,P,SIC_INNER_SHOULD_BE_STATIC_ANON,com.metamx.emitter.service.AlertEventTest,NO_FIELD,contents(Lcom/metamx/emitter/service/AlertEvent;)Ljava/util/Map;,170,170,0
L,P,SIC_INNER_SHOULD_BE_STATIC_ANON,com.metamx.common.RetryUtilsTest,NO_FIELD,testExceptionPredicateNotMatching()V,116,116,0
L,P,SIC_INNER_SHOULD_BE_STATIC_ANON,com.metamx.http.client.io.AppendableByteArrayInputStream,NO_FIELD,skip(J)J,111,111,0
L,P,SIC_INNER_SHOULD_BE_STATIC_ANON,com.metamx.common.guava.ConcatSequenceTest,NO_FIELD,testEnsureNextSequenceIsCalledLazilyInToYielder()V,255,255,0
L,P,SIC_INNER_SHOULD_BE_STATIC_ANON,com.metamx.emitter.core.EmitterTest,NO_FIELD,testTimeBasedEmission()V,335,335,0
L,P,SIC_INNER_SHOULD_BE_STATIC_ANON,com.metamx.common.RetryUtilsTest,NO_FIELD,testEventualSuccess()V,90,90,0
L,P,SIC_INNER_SHOULD_BE_STATIC_ANON,com.metamx.common.guava.ConcatSequenceTest,NO_FIELD,testAll(Ljava/lang/Iterable;)V,281,281,0
L,P,SIC_INNER_SHOULD_BE_STATIC_ANON,com.metamx.common.lifecycle.LifecycleTest,NO_FIELD,testConcurrentStartStopOnce()V,51,51,0
L,P,SIC_INNER_SHOULD_BE_STATIC_ANON,com.metamx.emitter.core.EmitterTest,NO_FIELD,testTimeBasedEmission()V,309,309,0
L,P,SIC_INNER_SHOULD_BE_STATIC_ANON,com.metamx.common.guava.MappedSequenceTest,NO_FIELD,testSanity()V,32,32,0
L,P,SIC_INNER_SHOULD_BE_STATIC_ANON,com.metamx.common.parsers.JSONToLowerParser,NO_FIELD,<init>(Lcom/fasterxml/jackson/databind/ObjectMapper;Ljava/lang/Iterable;Ljava/lang/Iterable;)V,57,57,0
L,P,SIC_INNER_SHOULD_BE_STATIC_ANON,com.metamx.common.guava.ConcatSequenceTest,NO_FIELD,testClosingOfSequenceSequenceWhenExceptionThrown()V,168,168,0
M,P,SIC_INNER_SHOULD_BE_STATIC,com.metamx.common.TestGranularity$PathDate,NO_FIELD,NO_METHOD,488,500,0
L,P,SIC_INNER_SHOULD_BE_STATIC_ANON,com.metamx.http.client.io.AppendableByteArrayInputStreamTest,NO_FIELD,testBlockingRead()V,158,158,0
L,P,SIC_INNER_SHOULD_BE_STATIC_ANON,com.metamx.common.CompressionUtilsTest,NO_FIELD,testStreamErrorGzip()V,547,547,0
L,P,SIC_INNER_SHOULD_BE_STATIC_ANON,com.metamx.emitter.core.EmitterTest,NO_FIELD,testFailedEmission()V,399,399,0
L,P,SIC_INNER_SHOULD_BE_STATIC_ANON,com.metamx.http.client.NettyHttpClient,NO_FIELD,go(Lcom/metamx/http/client/Request;Lcom/metamx/http/client/response/HttpResponseHandler;Lorg/joda/time/Duration;)Lcom/google/common/util/concurrent/ListenableFuture;,188,188,0
L,P,SIC_INNER_SHOULD_BE_STATIC_ANON,com.metamx.http.client.io.AppendableByteArrayInputStreamTest,NO_FIELD,testExceptionUnblocks()V,221,221,0
L,P,SIC_INNER_SHOULD_BE_STATIC_ANON,com.metamx.common.guava.ConcatSequenceTest,NO_FIELD,testEnsureNextSequenceIsCalledLazilyInToYielder()V,200,200,0
L,P,SIC_INNER_SHOULD_BE_STATIC_ANON,com.metamx.common.guava.BaseSequenceTest,NO_FIELD,testExceptionThrownInIterator()V,48,48,0
L,P,SIC_INNER_SHOULD_BE_STATIC_ANON,com.metamx.common.CompressionUtilsTest,NO_FIELD,testStreamErrorGunzip()V,579,579,0
L,P,SIC_INNER_SHOULD_BE_STATIC_ANON,com.metamx.emitter.service.ServiceMetricEvent,NO_FIELD,toMap()Ljava/util/Map;,111,111,0
L,P,URF_UNREAD_FIELD,com.metamx.metrics.cgroups.ProcCgroupDiscoverer$ProcPidCgroupEntry,entrypoint,NO_METHOD,231,231,0
L,P,SIC_INNER_SHOULD_BE_STATIC_ANON,com.metamx.emitter.core.HttpPostEmitterStressTest,NO_FIELD,eventCountBased()V,80,80,0
L,P,SIC_INNER_SHOULD_BE_STATIC_ANON,com.metamx.emitter.core.EmitterTest,NO_FIELD,testFailedEmission()V,371,371,0
L,P,SIC_INNER_SHOULD_BE_STATIC_ANON,com.metamx.common.StreamUtilsTest,NO_FIELD,testRetryExceptionOnFlush()V,48,48,0
L,P,SIC_INNER_SHOULD_BE_STATIC_ANON,com.metamx.http.client.FriendlyServersTest,NO_FIELD,testCompressionCodecConfig()V,111,111,0
L,P,SIC_INNER_SHOULD_BE_STATIC_ANON,com.metamx.emitter.core.HttpPostEmitterStressTest,NO_FIELD,eventCountBased()V,98,98,0
L,P,SIC_INNER_SHOULD_BE_STATIC_ANON,com.metamx.common.guava.FunctionalIterableTest,NO_FIELD,testKeep()V,79,79,0
M,D,URF_UNREAD_PUBLIC_OR_PROTECTED_FIELD,com.metamx.metrics.CpuAcctDeltaMonitorTest,expectedException,NO_METHOD,38,38,0
L,P,SIC_INNER_SHOULD_BE_STATIC_ANON,com.metamx.emitter.core.EmitterTest,NO_FIELD,testBatchSplitting()V,491,491,0
L,P,SIC_INNER_SHOULD_BE_STATIC_ANON,com.metamx.http.client.response.SequenceInputStreamResponseHandler,NO_FIELD,exceptionCaught(Lcom/metamx/http/client/response/ClientResponse;Ljava/lang/Throwable;)V,158,158,0
L,P,SIC_INNER_SHOULD_BE_STATIC_ANON,com.metamx.common.StreamUtilsTest,NO_FIELD,testRetryExceptionOnFlush()V,48,48,0
L,P,URF_UNREAD_FIELD,com.metamx.metrics.cgroups.ProcCgroupDiscoverer$ProcCgroupsEntry,num_cgroups,NO_METHOD,209,209,0
L,P,SIC_INNER_SHOULD_BE_STATIC_ANON,com.metamx.http.client.FriendlyServersTest,NO_FIELD,testFriendlyHttpServer()V,62,62,0
L,P,SIC_INNER_SHOULD_BE_STATIC_ANON,com.metamx.common.guava.FunctionalIterableTest,NO_FIELD,testFilter()V,103,103,0
L,P,SIC_INNER_SHOULD_BE_STATIC_ANON,com.metamx.metrics.CompoundMonitor,NO_FIELD,monitor(Lcom/metamx/emitter/service/ServiceEmitter;)Z,59,59,0
L,P,SIC_INNER_SHOULD_BE_STATIC_ANON,com.metamx.emitter.core.EmitterTest,NO_FIELD,testBasicAuthenticationAndNewlineSeparating()V,431,431,0
L,P,SIC_INNER_SHOULD_BE_STATIC_ANON,com.metamx.common.RetryUtilsTest,NO_FIELD,testEventualFailure()V,65,65,0
L,P,SIC_INNER_SHOULD_BE_STATIC_ANON,com.metamx.common.guava.FunctionalIterableTest,NO_FIELD,testTransform()V,37,37,0
L,P,SIC_INNER_SHOULD_BE_STATIC_ANON,com.metamx.http.client.Request,NO_FIELD,<init>(Lorg/jboss/netty/handler/codec/http/HttpMethod;Ljava/net/URL;)V,49,49,0
M,P,SIC_INNER_SHOULD_BE_STATIC,com.metamx.common.TestGranularity$TestInterval,NO_FIELD,NO_METHOD,506,562,0
L,P,SIC_INNER_SHOULD_BE_STATIC_ANON,com.metamx.emitter.core.ParametrizedUriEmitterTest,NO_FIELD,testEmitterWithFeedUriExtractor()V,77,77,0
L,P,SIC_INNER_SHOULD_BE_STATIC_ANON,com.metamx.common.RetryUtilsTest,NO_FIELD,testImmediateSuccess()V,42,42,0
L,P,SIC_INNER_SHOULD_BE_STATIC_ANON,com.metamx.common.guava.nary.SortedMergeIteratorTest,NO_FIELD,testSanity()V,36,36,0
L,P,SIC_INNER_SHOULD_BE_STATIC_ANON,com.metamx.common.guava.ResourceClosingSequenceTest,NO_FIELD,testSanity()V,36,36,0
L,P,SIC_INNER_SHOULD_BE_STATIC_ANON,com.metamx.common.guava.FunctionalIterableTest,NO_FIELD,testTransformCat()V,58,58,0
L,P,SIC_INNER_SHOULD_BE_STATIC_ANON,com.metamx.emitter.core.EmitterTest,NO_FIELD,testGzipContentEncoding()V,543,543,0
L,P,SIC_INNER_SHOULD_BE_STATIC_ANON,com.metamx.http.client.response.SequenceInputStreamResponseHandlerTest,NO_FIELD,testExceptionalChunkedStream()V,88,88,0
L,P,SIC_INNER_SHOULD_BE_STATIC_ANON,com.metamx.emitter.core.ParametrizedUriEmitterTest,NO_FIELD,testEmitterWithParametrizedUriExtractor()V,156,156,0
L,P,SIC_INNER_SHOULD_BE_STATIC_ANON,com.metamx.emitter.core.ParametrizedUriEmitterTest,NO_FIELD,testEmitterWithMultipleFeeds()V,120,120,0
L,P,SIC_INNER_SHOULD_BE_STATIC_ANON,com.metamx.http.client.pool.ChannelResourceFactory,NO_FIELD,generate(Ljava/lang/String;)Lorg/jboss/netty/channel/ChannelFuture;,111,111,0
L,P,SIC_INNER_SHOULD_BE_STATIC_ANON,com.metamx.common.guava.LimitedSequenceTest,NO_FIELD,testNoSideEffects()V,73,73,0
L,P,SIC_INNER_SHOULD_BE_STATIC_ANON,com.metamx.http.client.response.SequenceInputStreamResponseHandlerTest,NO_FIELD,testExceptionalSingleStream()V,119,119,0
L,P,SIC_INNER_SHOULD_BE_STATIC_ANON,com.metamx.common.concurrent.FunctionalThreadFactory,NO_FIELD,daemonize()Lcom/metamx/common/concurrent/FunctionalThreadFactory;,73,73,0
L,D,URF_UNREAD_PUBLIC_OR_PROTECTED_FIELD,com.metamx.common.StreamUtilsTest,temporaryFolder,NO_METHOD,38,38,0
L,D,UWF_FIELD_NOT_INITIALIZED_IN_CONSTRUCTOR,com.metamx.http.client.MockHttpClient,goHandler,succeeded()Z,75,75,0
L,D,UWF_FIELD_NOT_INITIALIZED_IN_CONSTRUCTOR,com.metamx.http.client.MockHttpClient,goHandler,go(Lcom/metamx/http/client/Request;Lcom/metamx/http/client/response/HttpResponseHandler;Lorg/joda/time/Duration;)Lcom/google/common/util/concurrent/ListenableFuture;,86,86,0
H,V,MS_SHOULD_BE_FINAL,com.metamx.emitter.core.EmitterTest,TARGET_URL,NO_METHOD,64,64,0
L,B,NM_CONFUSING,com.metamx.common.CompressionUtilsTest,NO_FIELD,setUp()V,91,97,0
