M,V,EI_EXPOSE_REP,hudson.tasks.test.PipelineTestDetails,enclosingBlocks,getEnclosingBlocks()Ljava/util/List;,28,28,0
M,V,EI_EXPOSE_REP,hudson.tasks.test.PipelineTestDetails,enclosingBlockNames,getEnclosingBlockNames()Ljava/util/List;,37,37,0
L,D,NP_NULL_ON_SOME_PATH_FROM_RETURN_VALUE,hudson.tasks.junit.pipeline.JUnitResultsStepTest$1,NO_FIELD,apply(Lorg/jenkinsci/plugins/workflow/graph/FlowNode;)Z,384,384,0
M,D,NP_NULL_ON_SOME_PATH_FROM_RETURN_VALUE,hudson.tasks.junit.TestResultPublishingTest$TestBuilder,NO_FIELD,perform(Lhudson/model/AbstractBuild;Lhudson/Launcher;Lhudson/model/BuildListener;)Z,290,290,0
M,V,EI_EXPOSE_REP2,hudson.tasks.test.helper.TestResultsPage,htmlPage,<init>(Lcom/gargoylesoftware/htmlunit/html/HtmlPage;)V,9,9,0
M,V,EI_EXPOSE_REP2,hudson.tasks.test.helper.AbstractPage,htmlPage,<init>(Lcom/gargoylesoftware/htmlunit/html/HtmlPage;)V,19,19,0
M,V,EI_EXPOSE_REP,hudson.tasks.test.PipelineBlockWithTests,childBlocks,getChildBlocks()Ljava/util/Map;,26,26,0
M,V,EI_EXPOSE_REP,hudson.tasks.test.PipelineBlockWithTests,leafNodes,getLeafNodes()Ljava/util/Set;,31,31,0
M,D,NP_NULL_ON_SOME_PATH_FROM_RETURN_VALUE,hudson.tasks.test.TestReportUiTest$2,NO_FIELD,perform(Lhudson/model/AbstractBuild;Lhudson/Launcher;Lhudson/model/BuildListener;)Z,101,101,0
M,D,NP_NULL_ON_SOME_PATH_FROM_RETURN_VALUE,hudson.tasks.junit.CaseResultTest$2,NO_FIELD,perform(Lhudson/model/AbstractBuild;Lhudson/Launcher;Lhudson/model/BuildListener;)Z,247,247,0
M,D,NP_NULL_ON_SOME_PATH_FROM_RETURN_VALUE,hudson.tasks.junit.CaseResultTest$1,NO_FIELD,perform(Lhudson/model/AbstractBuild;Lhudson/Launcher;Lhudson/model/BuildListener;)Z,227,227,0
M,D,NP_NULL_ON_SOME_PATH_FROM_RETURN_VALUE,hudson.tasks.junit.CaseResultTest$3,NO_FIELD,perform(Lhudson/model/AbstractBuild;Lhudson/Launcher;Lhudson/model/BuildListener;)Z,265,265,0
H,C,NP_NONNULL_RETURN_VIOLATION,hudson.tasks.junit.JUnitResultArchiverTest$DownloadBuilder$DescriptorImpl,NO_FIELD,getDisplayName()Ljava/lang/String;,445,445,0
M,V,EI_EXPOSE_REP2,hudson.tasks.test.helper.AbstractTestResultLink,testResultLink,<init>(Lcom/gargoylesoftware/htmlunit/html/HtmlAnchor;)V,16,16,0
M,B,THROWS_METHOD_THROWS_CLAUSE_BASIC_EXCEPTION,hudson.tasks.test.helper.AbstractTestResultLink,NO_FIELD,follow()Lhudson/tasks/test/helper/TestResultsPage;,34,34,0
M,D,NP_NULL_ON_SOME_PATH_FROM_RETURN_VALUE,hudson.tasks.junit.JUnitResultArchiverTest$DownloadBuilder,NO_FIELD,perform(Lhudson/model/AbstractBuild;Lhudson/Launcher;Lhudson/model/BuildListener;)Z,428,428,0
L,B,SE_NO_SERIALVERSIONID,hudson.tasks.junit.storage.TestResultStorageTest$Impl$RemoteConnectionSupplier,NO_FIELD,NO_METHOD,659,667,0
L,B,SE_NO_SERIALVERSIONID,hudson.tasks.test.TrivialTestResult,NO_FIELD,NO_METHOD,45,53,0
M,V,EI_EXPOSE_REP,hudson.tasks.junit.ClassResult,parent,getParent()Lhudson/tasks/junit/PackageResult;,69,69,0
M,V,EI_EXPOSE_REP2,hudson.tasks.junit.ClassResult,parent,<init>(Lhudson/tasks/junit/PackageResult;Ljava/lang/String;)V,59,59,0
M,V,EI_EXPOSE_REP,hudson.tasks.junit.ClassResult,cases,getChildren()Ljava/util/List;,153,153,0
L,B,SE_TRANSIENT_FIELD_NOT_RESTORED,hudson.tasks.junit.ClassResult,safeName,NO_METHOD,-1,-1,0
L,B,SE_NO_SERIALVERSIONID,hudson.tasks.junit.TestNameTransformerTest$Remote,NO_FIELD,NO_METHOD,37,40,0
M,B,THROWS_METHOD_THROWS_CLAUSE_THROWABLE,hudson.tasks.junit.TestNameTransformerTest$Remote,NO_FIELD,call()Ljava/lang/Object;,37,37,0
L,B,SE_NO_SERIALVERSIONID,hudson.tasks.junit.TrendTestResultSummary,NO_FIELD,NO_METHOD,17,43,0
M,V,EI_EXPOSE_REP2,hudson.tasks.junit.History,testObject,<init>(Lhudson/tasks/test/TestObject;)V,64,64,1
M,V,EI_EXPOSE_REP,hudson.tasks.junit.History,testObject,getTestObject()Lhudson/tasks/test/TestObject;,68,68,1
L,B,SE_INNER_CLASS,hudson.tasks.test.DefaultTestResultParserImpl$1,NO_FIELD,NO_METHOD,79,113,0
M,V,EI_EXPOSE_REP2,hudson.tasks.test.SimpleCaseResult,parentAction,setParentAction(Lhudson/tasks/test/AbstractTestResultAction;)V,62,62,0
M,V,EI_EXPOSE_REP,hudson.tasks.test.SimpleCaseResult,parentAction,getParentAction()Lhudson/tasks/test/AbstractTestResultAction;,67,67,0
M,V,EI_EXPOSE_REP,hudson.tasks.test.SimpleCaseResult,listOnlyContainingThisObject,getPassedTests()Ljava/util/Collection;,101,101,0
L,B,SE_NO_SERIALVERSIONID,hudson.tasks.test.SimpleCaseResult,NO_FIELD,NO_METHOD,41,209,0
L,B,SE_BAD_FIELD,hudson.tasks.test.SimpleCaseResult,parentAction,NO_METHOD,-1,-1,0
L,V,MC_OVERRIDABLE_METHOD_CALL_IN_CONSTRUCTOR,hudson.tasks.test.SimpleCaseResult,NO_FIELD,<init>(F)V,48,48,0
M,V,EI_EXPOSE_REP2,hudson.tasks.junit.TestResult,parent,setParent(Lhudson/tasks/test/TestObject;)V,170,170,0
M,V,EI_EXPOSE_REP,hudson.tasks.junit.TestResult,parentAction,getParentAction()Lhudson/tasks/test/AbstractTestResultAction;,735,735,0
M,V,EI_EXPOSE_REP,hudson.tasks.junit.TestResult,parent,getParent()Lhudson/tasks/test/TestObject;,165,165,0
M,V,EI_EXPOSE_REP2,hudson.tasks.junit.TestResult,parentAction,setParentAction(Lhudson/tasks/test/AbstractTestResultAction;)V,729,729,1
M,V,EI_EXPOSE_REP,hudson.tasks.junit.TestResult,suites,getSuites()Ljava/util/Collection;,668,668,0
M,V,EI_EXPOSE_REP,hudson.tasks.junit.TestResult,passedTests,getPassedTests()Ljava/util/List;,540,540,0
M,V,EI_EXPOSE_REP,hudson.tasks.junit.TestResult,skippedTests,getSkippedTests()Ljava/util/List;,565,565,0
M,V,EI_EXPOSE_REP2,hudson.tasks.junit.TestResult,parentAction,freeze(Lhudson/tasks/junit/TestResultAction;)V,797,797,0
M,V,EI_EXPOSE_REP,hudson.tasks.junit.TestResult,failedTests,getFailedTests()Ljava/util/List;,515,515,0
L,B,SE_TRANSIENT_FIELD_NOT_RESTORED,hudson.tasks.junit.TestResult,parent,NO_METHOD,-1,-1,0
L,B,SE_TRANSIENT_FIELD_NOT_RESTORED,hudson.tasks.junit.TestResult,skippedTestsCounter,NO_METHOD,-1,-1,0
L,B,SE_TRANSIENT_FIELD_NOT_RESTORED,hudson.tasks.junit.TestResult,byPackages,NO_METHOD,-1,-1,0
L,B,SE_TRANSIENT_FIELD_NOT_RESTORED,hudson.tasks.junit.TestResult,passedTests,NO_METHOD,-1,-1,0
L,B,SE_TRANSIENT_FIELD_NOT_RESTORED,hudson.tasks.junit.TestResult,suitesByNode,NO_METHOD,-1,-1,0
L,B,SE_TRANSIENT_FIELD_NOT_RESTORED,hudson.tasks.junit.TestResult,totalTests,NO_METHOD,-1,-1,0
L,B,SE_TRANSIENT_FIELD_NOT_RESTORED,hudson.tasks.junit.TestResult,failedTests,NO_METHOD,-1,-1,0
L,B,SE_TRANSIENT_FIELD_NOT_RESTORED,hudson.tasks.junit.TestResult,suitesByName,NO_METHOD,-1,-1,0
L,B,SE_TRANSIENT_FIELD_NOT_RESTORED,hudson.tasks.junit.TestResult,skippedTests,NO_METHOD,-1,-1,0
L,P,UPM_UNCALLED_PRIVATE_METHOD,hudson.tasks.junit.TestResult,NO_FIELD,strictEq(Ljava/lang/Object;Ljava/lang/Object;)Z,334,334,0
L,B,SE_NO_SERIALVERSIONID,hudson.tasks.junit.JUnitParser$DirectParseResultCallable,NO_FIELD,NO_METHOD,161,169,0
M,V,EI_EXPOSE_REP2,hudson.tasks.test.TestResultActionIterable,latestAction,<init>(Lhudson/tasks/test/AbstractTestResultAction;)V,20,20,0
M,V,EI_EXPOSE_REP,hudson.tasks.test.TrivialTestResultAction,result,getResult()Ljava/lang/Object;,76,76,0
L,V,MC_OVERRIDABLE_METHOD_CALL_IN_CONSTRUCTOR,hudson.tasks.test.TrivialTestResultAction,NO_FIELD,<init>(Lhudson/model/AbstractBuild;Lhudson/tasks/test/TrivialTestResult;)V,40,40,0
L,B,SE_BAD_FIELD,hudson.tasks.junit.History$GraphImpl$1,this$1,NO_METHOD,-1,-1,0
M,V,EI_EXPOSE_REP2,hudson.tasks.junit.TestResultAction,testData,setData(Ljava/util/List;)V,271,271,0
M,V,EI_EXPOSE_REP,hudson.tasks.junit.SuiteResult,parent,getParent()Lhudson/tasks/junit/TestResult;,397,397,0
M,V,EI_EXPOSE_REP,hudson.tasks.junit.SuiteResult,cases,getCases()Ljava/util/List;,412,412,0
M,V,EI_EXPOSE_REP2,hudson.tasks.junit.SuiteResult,parent,setParent(Lhudson/tasks/junit/TestResult;)V,450,450,0
L,B,SE_TRANSIENT_FIELD_NOT_RESTORED,hudson.tasks.junit.SuiteResult,casesByName,NO_METHOD,-1,-1,0
L,B,SE_TRANSIENT_FIELD_NOT_RESTORED,hudson.tasks.junit.SuiteResult,parent,NO_METHOD,-1,-1,0
L,B,SE_NO_SERIALVERSIONID,hudson.tasks.junit.TestResultSummary,NO_FIELD,NO_METHOD,20,61,0
L,B,SE_NO_SERIALVERSIONID,hudson.tasks.junit.JUnitParser$StorageParseResultCallable,NO_FIELD,NO_METHOD,174,188,0
M,V,EI_EXPOSE_REP2,hudson.tasks.junit.CaseResult,parent,freeze(Lhudson/tasks/junit/SuiteResult;)V,675,675,0
M,V,EI_EXPOSE_REP2,hudson.tasks.junit.CaseResult,parent,<init>(Lhudson/tasks/junit/SuiteResult;Ljava/lang/String;Ljava/lang/String;Ljava/lang/String;Ljava/lang/String;F)V,141,141,0
M,V,EI_EXPOSE_REP2,hudson.tasks.junit.CaseResult,parent,setParentSuiteResult(Lhudson/tasks/junit/SuiteResult;)V,671,671,0
M,V,EI_EXPOSE_REP2,hudson.tasks.junit.CaseResult,parent,<init>(Lhudson/tasks/junit/SuiteResult;Ljava/lang/String;Ljava/lang/String;Ljava/lang/String;)V,127,127,0
M,V,EI_EXPOSE_REP,hudson.tasks.junit.CaseResult,classResult,getParent()Lhudson/tasks/junit/ClassResult;,247,247,0
M,V,EI_EXPOSE_REP2,hudson.tasks.junit.CaseResult,classResult,setClass(Lhudson/tasks/junit/ClassResult;)V,724,724,0
M,V,EI_EXPOSE_REP,hudson.tasks.junit.CaseResult,parent,getSuiteResult()Lhudson/tasks/junit/SuiteResult;,623,623,0
L,B,SE_TRANSIENT_FIELD_NOT_RESTORED,hudson.tasks.junit.CaseResult,safeName,NO_METHOD,-1,-1,0
L,B,SE_TRANSIENT_FIELD_NOT_RESTORED,hudson.tasks.junit.CaseResult,classResult,NO_METHOD,-1,-1,0
M,V,EI_EXPOSE_REP2,hudson.tasks.junit.PackageResult,parent,<init>(Lhudson/tasks/junit/TestResult;Ljava/lang/String;)V,57,57,0
M,V,EI_EXPOSE_REP,hudson.tasks.junit.PackageResult,parent,getParent()Lhudson/tasks/junit/TestResult;,66,66,0
L,B,SE_TRANSIENT_FIELD_NOT_RESTORED,hudson.tasks.junit.PackageResult,safeName,NO_METHOD,-1,-1,0
M,V,EI_EXPOSE_REP2,hudson.tasks.junit.pipeline.JUnitResultsStepExecution,step,<init>(Lhudson/tasks/junit/pipeline/JUnitResultsStep;Lorg/jenkinsci/plugins/workflow/steps/StepContext;)V,31,31,0
L,B,SE_TRANSIENT_FIELD_NOT_RESTORED,hudson.tasks.junit.pipeline.JUnitResultsStepExecution,step,NO_METHOD,-1,-1,0
L,D,REC_CATCH_EXCEPTION,hudson.tasks.junit.pipeline.JUnitResultsStepExecution,NO_FIELD,run()Lhudson/tasks/junit/TestResultSummary;,62,62,0
M,B,THROWS_METHOD_THROWS_CLAUSE_BASIC_EXCEPTION,hudson.tasks.junit.pipeline.JUnitResultsStepExecution,NO_FIELD,run()Lhudson/tasks/junit/TestResultSummary;,36,65,0
M,B,THROWS_METHOD_THROWS_CLAUSE_BASIC_EXCEPTION,hudson.tasks.junit.pipeline.JUnitResultsStepExecution,NO_FIELD,run()Ljava/lang/Object;,25,25,0
L,B,SE_NO_SERIALVERSIONID,hudson.tasks.junit.storage.TestResultStorageTest$Impl$RemotePublisherImpl,NO_FIELD,NO_METHOD,564,604,0
M,D,NP_NULL_ON_SOME_PATH_FROM_RETURN_VALUE,hudson.tasks.junit.JUnitResultArchiverTest$SimpleArchive,NO_FIELD,perform(Lhudson/model/AbstractBuild;Lhudson/Launcher;Lhudson/model/BuildListener;)Z,251,251,0
M,B,OS_OPEN_STREAM,hudson.tasks.junit.JUnitResultArchiverTest$SimpleArchive,NO_FIELD,perform(Lhudson/model/AbstractBuild;Lhudson/Launcher;Lhudson/model/BuildListener;)Z,253,253,0
H,I,DM_DEFAULT_ENCODING,hudson.tasks.junit.JUnitResultArchiverTest$SimpleArchive,NO_FIELD,perform(Lhudson/model/AbstractBuild;Lhudson/Launcher;Lhudson/model/BuildListener;)Z,253,253,0
M,B,THROWS_METHOD_THROWS_CLAUSE_BASIC_EXCEPTION,hudson.tasks.junit.TestResultTest,NO_FIELD,testIpsTests()V,63,73,0
M,B,THROWS_METHOD_THROWS_CLAUSE_BASIC_EXCEPTION,hudson.tasks.junit.TestResultTest,NO_FIELD,testXmlCompatibility()V,83,108,0
M,B,THROWS_METHOD_THROWS_CLAUSE_BASIC_EXCEPTION,hudson.tasks.junit.TestResultTest,NO_FIELD,testMergeWithTime()V,178,186,0
M,B,THROWS_METHOD_THROWS_CLAUSE_BASIC_EXCEPTION,hudson.tasks.junit.TestResultTest,NO_FIELD,testMergeWithoutTime()V,191,199,0
M,B,THROWS_METHOD_THROWS_CLAUSE_BASIC_EXCEPTION,hudson.tasks.junit.TestResultTest,NO_FIELD,testTestcaseWithEmptyName()V,268,284,0
L,B,SE_NO_SERIALVERSIONID,hudson.tasks.test.TrivialTestResultRecorder,NO_FIELD,NO_METHOD,43,60,0
M,D,ST_WRITE_TO_STATIC_FROM_INSTANCE_METHOD,hudson.tasks.junit.storage.TestResultStorageTest,queriesPermitted,smokes()V,155,155,0
M,D,NP_NULL_ON_SOME_PATH_FROM_RETURN_VALUE,hudson.tasks.junit.storage.TestResultStorageTest,NO_FIELD,autoServer()V,106,106,0
M,D,NP_NULL_ON_SOME_PATH_FROM_RETURN_VALUE,hudson.tasks.junit.storage.TestResultStorageTest,NO_FIELD,smokes()V,129,129,1
M,D,NP_NULL_ON_SOME_PATH_FROM_RETURN_VALUE,hudson.tasks.junit.storage.TestResultStorageTest,NO_FIELD,smokes()V,204,204,1
M,D,NP_NULL_ON_SOME_PATH_FROM_RETURN_VALUE,hudson.tasks.junit.storage.TestResultStorageTest,NO_FIELD,smokes()V,128,128,1
M,D,DLS_DEAD_LOCAL_STORE,hudson.tasks.junit.storage.TestResultStorageTest,NO_FIELD,smokes()V,110,110,0
M,B,THROWS_METHOD_THROWS_CLAUSE_BASIC_EXCEPTION,hudson.tasks.junit.storage.TestResultStorageTest,NO_FIELD,autoServer()V,105,107,1
M,B,THROWS_METHOD_THROWS_CLAUSE_BASIC_EXCEPTION,hudson.tasks.junit.storage.TestResultStorageTest,NO_FIELD,smokes()V,110,220,0
M,B,THROWS_METHOD_THROWS_CLAUSE_BASIC_EXCEPTION,hudson.tasks.junit.SuiteResult2Test,NO_FIELD,sizeSurefire()V,43,99,0
M,B,THROWS_METHOD_THROWS_CLAUSE_BASIC_EXCEPTION,hudson.tasks.junit.SuiteResult2Test,NO_FIELD,parseOne(Ljava/io/File;)Lhudson/tasks/junit/SuiteResult;,102,104,0
M,B,THROWS_METHOD_THROWS_CLAUSE_BASIC_EXCEPTION,hudson.tasks.junit.pipeline.JUnitResultsStep,NO_FIELD,start(Lorg/jenkinsci/plugins/workflow/steps/StepContext;)Lorg/jenkinsci/plugins/workflow/steps/StepExecution;,124,124,0
M,D,DLS_DEAD_LOCAL_STORE,hudson.tasks.junit.CaseResultTest,NO_FIELD,testRemoteApiDefaultVisibility()V,143,143,0
M,D,DLS_DEAD_LOCAL_STORE,hudson.tasks.junit.CaseResultTest,NO_FIELD,testRemoteApiNoDetails()V,162,162,0
M,D,DLS_DEAD_LOCAL_STORE,hudson.tasks.junit.CaseResultTest,NO_FIELD,testRemoteApiNameOnly()V,181,181,0
M,B,THROWS_METHOD_THROWS_CLAUSE_BASIC_EXCEPTION,hudson.tasks.junit.CaseResultTest,NO_FIELD,testIssue20090516()V,73,101,0
M,B,THROWS_METHOD_THROWS_CLAUSE_BASIC_EXCEPTION,hudson.tasks.junit.CaseResultTest,NO_FIELD,testFreestyleErrorMsgAndStacktraceRender()V,110,130,0
M,B,THROWS_METHOD_THROWS_CLAUSE_BASIC_EXCEPTION,hudson.tasks.junit.CaseResultTest,NO_FIELD,testRemoteApiDefaultVisibility()V,143,157,0
M,B,THROWS_METHOD_THROWS_CLAUSE_BASIC_EXCEPTION,hudson.tasks.junit.CaseResultTest,NO_FIELD,testRemoteApiNoDetails()V,162,176,0
M,B,THROWS_METHOD_THROWS_CLAUSE_BASIC_EXCEPTION,hudson.tasks.junit.CaseResultTest,NO_FIELD,testRemoteApiNameOnly()V,181,195,0
M,B,THROWS_METHOD_THROWS_CLAUSE_BASIC_EXCEPTION,hudson.tasks.junit.CaseResultTest,NO_FIELD,testContentType()V,204,209,0
M,B,THROWS_METHOD_THROWS_CLAUSE_BASIC_EXCEPTION,hudson.tasks.junit.CaseResultTest,NO_FIELD,testAge()V,217,259,0
M,B,THROWS_METHOD_THROWS_CLAUSE_BASIC_EXCEPTION,hudson.tasks.junit.CaseResultTest,NO_FIELD,configureTestBuild(Ljava/lang/String;)Lhudson/model/FreeStyleBuild;,262,271,0
M,B,THROWS_METHOD_THROWS_CLAUSE_BASIC_EXCEPTION,hudson.tasks.junit.CaseResultTest,NO_FIELD,composeXPath([Ljava/lang/String;)Ljava/lang/String;,275,284,0
M,B,THROWS_METHOD_THROWS_CLAUSE_BASIC_EXCEPTION,hudson.tasks.junit.CaseResultTest,NO_FIELD,assertOutput(Lhudson/tasks/junit/CaseResult;Ljava/lang/String;Ljava/lang/String;)V,288,289,0
L,D,RCN_REDUNDANT_NULLCHECK_OF_NONNULL_VALUE,hudson.tasks.junit.TestResultLinksTest,NO_FIELD,testNonDescendantRelativePath()V,120,120,0
M,D,NP_NULL_ON_SOME_PATH_FROM_RETURN_VALUE,hudson.tasks.junit.TestResultLinksTest,NO_FIELD,testFailureLinks()V,84,84,0
M,B,THROWS_METHOD_THROWS_CLAUSE_BASIC_EXCEPTION,hudson.tasks.junit.TestResultLinksTest,NO_FIELD,setUp()V,65,69,0
M,B,THROWS_METHOD_THROWS_CLAUSE_BASIC_EXCEPTION,hudson.tasks.junit.TestResultLinksTest,NO_FIELD,testFailureLinks()V,74,100,0
M,B,THROWS_METHOD_THROWS_CLAUSE_BASIC_EXCEPTION,hudson.tasks.junit.TestResultLinksTest,NO_FIELD,testNonDescendantRelativePath()V,106,123,0
M,B,JUA_DONT_ASSERT_INSTANCEOF_IN_TESTS,hudson.tasks.junit.TestResultPublishingTest,NO_FIELD,testOpenJUnitPublishing()V,144,144,0
M,B,JUA_DONT_ASSERT_INSTANCEOF_IN_TESTS,hudson.tasks.junit.TestResultPublishingTest,NO_FIELD,testHistoryPageOpenJunit()V,260,260,0
M,B,THROWS_METHOD_THROWS_CLAUSE_BASIC_EXCEPTION,hudson.tasks.junit.TestResultPublishingTest,NO_FIELD,setUp()V,72,76,0
M,B,THROWS_METHOD_THROWS_CLAUSE_BASIC_EXCEPTION,hudson.tasks.junit.TestResultPublishingTest,NO_FIELD,testBasic()V,81,92,0
M,B,THROWS_METHOD_THROWS_CLAUSE_BASIC_EXCEPTION,hudson.tasks.junit.TestResultPublishingTest,NO_FIELD,testSlave()V,98,108,0
M,B,THROWS_METHOD_THROWS_CLAUSE_BASIC_EXCEPTION,hudson.tasks.junit.TestResultPublishingTest,NO_FIELD,testBrokenResultFile()V,283,287,0
M,D,NP_NULL_ON_SOME_PATH_FROM_RETURN_VALUE,hudson.tasks.junit.pipeline.JUnitResultsStepTest,NO_FIELD,emptyFails()V,91,91,0
M,D,NP_NULL_ON_SOME_PATH_FROM_RETURN_VALUE,hudson.tasks.junit.pipeline.JUnitResultsStepTest,NO_FIELD,currentBuildResultUnstable()V,370,370,0
M,D,NP_NULL_ON_SOME_PATH_FROM_RETURN_VALUE,hudson.tasks.junit.pipeline.JUnitResultsStepTest,NO_FIELD,twoSteps()V,153,153,0
M,D,NP_NULL_ON_SOME_PATH_FROM_RETURN_VALUE,hudson.tasks.junit.pipeline.JUnitResultsStepTest,NO_FIELD,singleStep()V,124,124,0
M,D,NP_NULL_ON_SOME_PATH_FROM_RETURN_VALUE,hudson.tasks.junit.pipeline.JUnitResultsStepTest,NO_FIELD,parallelInStage()V,247,247,0
M,D,NP_NULL_ON_SOME_PATH_FROM_RETURN_VALUE,hudson.tasks.junit.pipeline.JUnitResultsStepTest,NO_FIELD,parallelInStage()V,231,231,0
M,D,NP_NULL_ON_SOME_PATH_FROM_RETURN_VALUE,hudson.tasks.junit.pipeline.JUnitResultsStepTest,NO_FIELD,stageInParallel()V,280,280,0
M,D,NP_NULL_ON_SOME_PATH_FROM_RETURN_VALUE,hudson.tasks.junit.pipeline.JUnitResultsStepTest,NO_FIELD,stageInParallel()V,264,264,0
M,D,NP_NULL_ON_SOME_PATH_FROM_RETURN_VALUE,hudson.tasks.junit.pipeline.JUnitResultsStepTest,NO_FIELD,testTrends()V,308,308,0
M,D,NP_NULL_ON_SOME_PATH_FROM_RETURN_VALUE,hudson.tasks.junit.pipeline.JUnitResultsStepTest,NO_FIELD,threeSteps()V,192,192,0
M,D,NP_NULL_ON_SOME_PATH_FROM_RETURN_VALUE,hudson.tasks.junit.pipeline.JUnitResultsStepTest,NO_FIELD,threeSteps()V,200,200,0
M,B,THROWS_METHOD_THROWS_CLAUSE_BASIC_EXCEPTION,hudson.tasks.junit.pipeline.JUnitResultsStepTest,NO_FIELD,configRoundTrip()V,66,76,0
M,B,THROWS_METHOD_THROWS_CLAUSE_BASIC_EXCEPTION,hudson.tasks.junit.pipeline.JUnitResultsStepTest,NO_FIELD,emptyFails()V,81,94,0
M,B,THROWS_METHOD_THROWS_CLAUSE_BASIC_EXCEPTION,hudson.tasks.junit.pipeline.JUnitResultsStepTest,NO_FIELD,allowEmpty()V,98,112,0
M,B,THROWS_METHOD_THROWS_CLAUSE_BASIC_EXCEPTION,hudson.tasks.junit.pipeline.JUnitResultsStepTest,NO_FIELD,singleStep()V,116,139,0
M,B,THROWS_METHOD_THROWS_CLAUSE_BASIC_EXCEPTION,hudson.tasks.junit.pipeline.JUnitResultsStepTest,NO_FIELD,twoSteps()V,143,177,0
M,B,THROWS_METHOD_THROWS_CLAUSE_BASIC_EXCEPTION,hudson.tasks.junit.pipeline.JUnitResultsStepTest,NO_FIELD,threeSteps()V,181,225,0
M,B,THROWS_METHOD_THROWS_CLAUSE_BASIC_EXCEPTION,hudson.tasks.junit.pipeline.JUnitResultsStepTest,NO_FIELD,parallelInStage()V,229,257,0
M,B,THROWS_METHOD_THROWS_CLAUSE_BASIC_EXCEPTION,hudson.tasks.junit.pipeline.JUnitResultsStepTest,NO_FIELD,stageInParallel()V,262,294,0
M,B,THROWS_METHOD_THROWS_CLAUSE_BASIC_EXCEPTION,hudson.tasks.junit.pipeline.JUnitResultsStepTest,NO_FIELD,testTrends()V,298,356,0
M,B,THROWS_METHOD_THROWS_CLAUSE_BASIC_EXCEPTION,hudson.tasks.junit.pipeline.JUnitResultsStepTest,NO_FIELD,currentBuildResultUnstable()V,361,374,0
M,B,THROWS_METHOD_THROWS_CLAUSE_BASIC_EXCEPTION,hudson.tasks.junit.pipeline.JUnitResultsStepTest,NO_FIELD,assertExpectedResults(Lhudson/model/Run;II[Ljava/lang/String;)V,457,464,0
L,D,BC_UNCONFIRMED_CAST_OF_RETURN_VALUE,hudson.tasks.test.AggregatedTestResultPublisherTest,NO_FIELD,aggregatedTestResultsOnly()V,62,62,0
L,D,BC_UNCONFIRMED_CAST_OF_RETURN_VALUE,hudson.tasks.test.AggregatedTestResultPublisherTest,NO_FIELD,aggregatedTestResultsOnly()V,69,69,0
L,D,BC_UNCONFIRMED_CAST_OF_RETURN_VALUE,hudson.tasks.test.AggregatedTestResultPublisherTest,NO_FIELD,testResultsOnly()V,93,93,0
L,D,BC_UNCONFIRMED_CAST_OF_RETURN_VALUE,hudson.tasks.test.AggregatedTestResultPublisherTest,NO_FIELD,testResultsOnly()V,84,84,0
L,D,BC_UNCONFIRMED_CAST_OF_RETURN_VALUE,hudson.tasks.test.AggregatedTestResultPublisherTest,NO_FIELD,testResultsAndAggregatedTestResults()V,120,120,0
L,D,BC_UNCONFIRMED_CAST_OF_RETURN_VALUE,hudson.tasks.test.AggregatedTestResultPublisherTest,NO_FIELD,testResultsAndAggregatedTestResults()V,111,111,0
M,B,THROWS_METHOD_THROWS_CLAUSE_BASIC_EXCEPTION,hudson.tasks.test.AggregatedTestResultPublisherTest,NO_FIELD,aggregatedTestResultsOnly()V,55,72,0
M,B,THROWS_METHOD_THROWS_CLAUSE_BASIC_EXCEPTION,hudson.tasks.test.AggregatedTestResultPublisherTest,NO_FIELD,testResultsOnly()V,77,99,0
M,B,THROWS_METHOD_THROWS_CLAUSE_BASIC_EXCEPTION,hudson.tasks.test.AggregatedTestResultPublisherTest,NO_FIELD,testResultsAndAggregatedTestResults()V,104,127,0
M,B,THROWS_METHOD_THROWS_CLAUSE_BASIC_EXCEPTION,hudson.tasks.test.AggregatedTestResultPublisherTest,NO_FIELD,buildAndSetupPageObjects()V,130,133,0
M,B,THROWS_METHOD_THROWS_CLAUSE_BASIC_EXCEPTION,hudson.tasks.test.AggregatedTestResultPublisherTest,NO_FIELD,buildOnce()V,136,137,0
M,B,THROWS_METHOD_THROWS_CLAUSE_BASIC_EXCEPTION,hudson.tasks.test.AggregatedTestResultPublisherTest,NO_FIELD,build(I)V,140,145,0
M,B,THROWS_METHOD_THROWS_CLAUSE_BASIC_EXCEPTION,hudson.tasks.test.AggregatedTestResultPublisherTest,NO_FIELD,createUpstreamProjectWithTests()V,149,151,0
M,B,THROWS_METHOD_THROWS_CLAUSE_BASIC_EXCEPTION,hudson.tasks.test.AggregatedTestResultPublisherTest,NO_FIELD,createUpstreamProjectWithNoTests()V,154,157,0
M,B,THROWS_METHOD_THROWS_CLAUSE_BASIC_EXCEPTION,hudson.tasks.test.AggregatedTestResultPublisherTest,NO_FIELD,createDownstreamProjectWithTests()V,160,164,0
M,B,THROWS_METHOD_THROWS_CLAUSE_BASIC_EXCEPTION,hudson.tasks.test.AggregatedTestResultPublisherTest,NO_FIELD,createDownstreamProjectWithNoTests()V,167,175,0
M,B,THROWS_METHOD_THROWS_CLAUSE_BASIC_EXCEPTION,hudson.tasks.test.AggregatedTestResultPublisherTest,NO_FIELD,addFingerprinterToProject(Lhudson/model/FreeStyleProject;[Ljava/lang/String;[Ljava/lang/String;)V,184,192,0
H,P,DM_GC,hudson.tasks.test.TestObjectTest,NO_FIELD,uniquifyName()V,45,45,0
M,B,THROWS_METHOD_THROWS_CLAUSE_BASIC_EXCEPTION,hudson.tasks.junit.TestNameTransformerTest,NO_FIELD,testNameIsTransformed()V,29,30,0
M,B,THROWS_METHOD_THROWS_CLAUSE_BASIC_EXCEPTION,hudson.tasks.junit.TestNameTransformerTest,NO_FIELD,testNameIsNotTransformedRemotely()V,35,36,0
L,D,ST_WRITE_TO_STATIC_FROM_INSTANCE_METHOD,hudson.tasks.junit.JUnitParserTest$JUnitParserTestBuilder,theResult,perform(Lhudson/model/AbstractBuild;Lhudson/Launcher;Lhudson/model/BuildListener;)Z,86,86,0
M,D,NP_NULL_ON_SOME_PATH_FROM_RETURN_VALUE,hudson.tasks.junit.JUnitParserTest$JUnitParserTestBuilder,NO_FIELD,perform(Lhudson/model/AbstractBuild;Lhudson/Launcher;Lhudson/model/BuildListener;)Z,79,79,0
M,D,NP_NULL_ON_SOME_PATH_FROM_RETURN_VALUE,hudson.tasks.junit.JUnitParserTest$JUnitParserTestBuilder,NO_FIELD,perform(Lhudson/model/AbstractBuild;Lhudson/Launcher;Lhudson/model/BuildListener;)Z,74,74,0
L,C,SIO_SUPERFLUOUS_INSTANCEOF,hudson.tasks.junit.JUnitParserTest$JUnitParserTestBuilder,NO_FIELD,perform(Lhudson/model/AbstractBuild;Lhudson/Launcher;Lhudson/model/BuildListener;)Z,84,84,0
M,D,BC_VACUOUS_INSTANCEOF,hudson.tasks.junit.JUnitParserTest$JUnitParserTestBuilder,NO_FIELD,perform(Lhudson/model/AbstractBuild;Lhudson/Launcher;Lhudson/model/BuildListener;)Z,84,84,0
M,D,NP_NULL_ON_SOME_PATH_FROM_RETURN_VALUE,hudson.tasks.junit.JUnitResultArchiverTest,NO_FIELD,testXxe()V,419,419,0
L,B,UI_INHERITANCE_UNSAFE_GETRESOURCE,hudson.tasks.junit.JUnitResultArchiverTest,NO_FIELD,specialCharsInRelativePath()V,337,337,0
L,D,BC_UNCONFIRMED_CAST_OF_RETURN_VALUE,hudson.tasks.junit.JUnitResultArchiverTest,NO_FIELD,specialCharsInRelativePath()V,348,348,0
M,B,THROWS_METHOD_THROWS_CLAUSE_BASIC_EXCEPTION,hudson.tasks.junit.JUnitResultArchiverTest,NO_FIELD,setUp()V,97,102,0
M,B,THROWS_METHOD_THROWS_CLAUSE_BASIC_EXCEPTION,hudson.tasks.junit.JUnitResultArchiverTest,NO_FIELD,basic()V,106,119,0
M,B,THROWS_METHOD_THROWS_CLAUSE_BASIC_EXCEPTION,hudson.tasks.junit.JUnitResultArchiverTest,NO_FIELD,slave()V,124,134,1
M,B,THROWS_METHOD_THROWS_CLAUSE_BASIC_EXCEPTION,hudson.tasks.junit.JUnitResultArchiverTest,NO_FIELD,assertTestResults(Lhudson/model/FreeStyleBuild;)V,137,153,0
M,B,THROWS_METHOD_THROWS_CLAUSE_BASIC_EXCEPTION,hudson.tasks.junit.JUnitResultArchiverTest,NO_FIELD,persistence()V,157,164,0
M,B,THROWS_METHOD_THROWS_CLAUSE_BASIC_EXCEPTION,hudson.tasks.junit.JUnitResultArchiverTest,NO_FIELD,reloadJenkins()V,167,169,0
M,B,THROWS_METHOD_THROWS_CLAUSE_BASIC_EXCEPTION,hudson.tasks.junit.JUnitResultArchiverTest,NO_FIELD,setDescription()V,173,188,0
M,B,THROWS_METHOD_THROWS_CLAUSE_BASIC_EXCEPTION,hudson.tasks.junit.JUnitResultArchiverTest,NO_FIELD,testSetDescription(Ljava/lang/String;Lhudson/tasks/test/TestObject;)V,191,202,0
M,B,THROWS_METHOD_THROWS_CLAUSE_BASIC_EXCEPTION,hudson.tasks.junit.JUnitResultArchiverTest,NO_FIELD,repeatedArchiving()V,215,216,0
M,B,THROWS_METHOD_THROWS_CLAUSE_BASIC_EXCEPTION,hudson.tasks.junit.JUnitResultArchiverTest,NO_FIELD,repeatedArchivingSlave()V,218,219,0
M,B,THROWS_METHOD_THROWS_CLAUSE_BASIC_EXCEPTION,hudson.tasks.junit.JUnitResultArchiverTest,NO_FIELD,doRepeatedArchiving(Z)V,221,239,0
M,B,THROWS_METHOD_THROWS_CLAUSE_BASIC_EXCEPTION,hudson.tasks.junit.JUnitResultArchiverTest,NO_FIELD,configRoundTrip()V,280,292,0
M,B,THROWS_METHOD_THROWS_CLAUSE_BASIC_EXCEPTION,hudson.tasks.junit.JUnitResultArchiverTest,NO_FIELD,emptyDirectoryAllowEmptyResult()V,315,320,0
M,B,THROWS_METHOD_THROWS_CLAUSE_BASIC_EXCEPTION,hudson.tasks.junit.JUnitResultArchiverTest,NO_FIELD,emptyDirectory()V,323,328,0
M,B,THROWS_METHOD_THROWS_CLAUSE_BASIC_EXCEPTION,hudson.tasks.junit.JUnitResultArchiverTest,NO_FIELD,specialCharsInRelativePath()V,331,355,0
M,B,THROWS_METHOD_THROWS_CLAUSE_BASIC_EXCEPTION,hudson.tasks.junit.JUnitResultArchiverTest,NO_FIELD,testDescribableRoundTrip()V,360,387,0
M,B,THROWS_METHOD_THROWS_CLAUSE_BASIC_EXCEPTION,hudson.tasks.junit.JUnitResultArchiverTest,NO_FIELD,testXxe()V,392,420,0
L,D,NP_NULL_ON_SOME_PATH_FROM_RETURN_VALUE,hudson.tasks.junit.storage.TestResultStorageTest$Impl$1,NO_FIELD,lambda$getFailedSinceRun$5(Ljava/lang/String;ILhudson/tasks/junit/CaseResult;Ljava/sql/Connection;)Lhudson/model/Run;,374,374,0
L,S,SQL_PREPARED_STATEMENT_GENERATED_FROM_NONCONSTANT_STRING,hudson.tasks.junit.storage.TestResultStorageTest$Impl$1,NO_FIELD,lambda$getByPackage$6(Ljava/lang/String;Ljava/lang/String;ILjava/lang/String;Ljava/sql/Connection;)Ljava/util/List;,442,442,1
L,S,SQL_PREPARED_STATEMENT_GENERATED_FROM_NONCONSTANT_STRING,hudson.tasks.junit.storage.TestResultStorageTest$Impl$1,NO_FIELD,lambda$retrieveCaseResult$1(Ljava/lang/String;Ljava/lang/String;ILjava/sql/Connection;)Ljava/util/List;,272,272,1
L,S,SQL_PREPARED_STATEMENT_GENERATED_FROM_NONCONSTANT_STRING,hudson.tasks.junit.storage.TestResultStorageTest$Impl$1,NO_FIELD,lambda$getCaseCount$0(Ljava/lang/String;Ljava/lang/String;ILjava/sql/Connection;)Ljava/lang/Integer;,258,258,0
M,B,THROWS_METHOD_THROWS_RUNTIMEEXCEPTION,hudson.tasks.junit.storage.TestResultStorageTest$Impl$1,NO_FIELD,query(Lhudson/tasks/junit/storage/TestResultStorageTest$Impl$Querier;Ljava/lang/Object;)Ljava/lang/Object;,246,253,0
M,B,THROWS_METHOD_THROWS_CLAUSE_BASIC_EXCEPTION,hudson.tasks.junit.CaseResultUnitTest,NO_FIELD,testLocalizationOfStatus()V,45,60,0
H,D,ST_WRITE_TO_STATIC_FROM_INSTANCE_METHOD,hudson.tasks.junit.JUnitParserTest,theResult,setUp()V,97,97,0
M,B,JUA_DONT_ASSERT_INSTANCEOF_IN_TESTS,hudson.tasks.junit.JUnitParserTest,NO_FIELD,testJustParsing()V,137,137,0
M,B,THROWS_METHOD_THROWS_CLAUSE_BASIC_EXCEPTION,hudson.tasks.junit.JUnitParserTest,NO_FIELD,setUp()V,97,100,0
M,B,THROWS_METHOD_THROWS_CLAUSE_BASIC_EXCEPTION,hudson.tasks.junit.JUnitParserTest,NO_FIELD,testJustParsing()V,105,145,0
M,B,THROWS_METHOD_THROWS_CLAUSE_BASIC_EXCEPTION,hudson.tasks.test.TestResultExtensionTest,NO_FIELD,testTrivialRecorder()V,44,71,0
M,B,OS_OPEN_STREAM,hudson.tasks.junit.SuiteResultTest,NO_FIELD,testSuiteStdioTrimming()V,165,165,0
M,B,OS_OPEN_STREAM,hudson.tasks.junit.SuiteResultTest,NO_FIELD,testSuiteStdioTrimmingOnFail()V,196,196,0
M,B,RV_RETURN_VALUE_IGNORED_BAD_PRACTICE,hudson.tasks.junit.SuiteResultTest,NO_FIELD,testSuiteResultPersistence()V,154,154,0
M,B,RV_RETURN_VALUE_IGNORED_BAD_PRACTICE,hudson.tasks.junit.SuiteResultTest,NO_FIELD,testSuiteStdioTrimming()V,186,186,0
M,B,RV_RETURN_VALUE_IGNORED_BAD_PRACTICE,hudson.tasks.junit.SuiteResultTest,NO_FIELD,testSuiteStdioTrimmingOnFail()V,217,217,0
H,I,DM_DEFAULT_ENCODING,hudson.tasks.junit.SuiteResultTest,NO_FIELD,testSuiteStdioTrimming()V,163,163,0
H,I,DM_DEFAULT_ENCODING,hudson.tasks.junit.SuiteResultTest,NO_FIELD,testSuiteStdioTrimmingOnFail()V,194,194,0
M,B,THROWS_METHOD_THROWS_CLAUSE_BASIC_EXCEPTION,hudson.tasks.junit.SuiteResultTest,NO_FIELD,parseOne(Ljava/io/File;)Lhudson/tasks/junit/SuiteResult;,58,60,0
M,B,THROWS_METHOD_THROWS_CLAUSE_BASIC_EXCEPTION,hudson.tasks.junit.SuiteResultTest,NO_FIELD,parseSuites(Ljava/io/File;)Ljava/util/List;,64,64,0
M,B,THROWS_METHOD_THROWS_CLAUSE_BASIC_EXCEPTION,hudson.tasks.junit.SuiteResultTest,NO_FIELD,testIssue1233()V,70,78,0
M,B,THROWS_METHOD_THROWS_CLAUSE_BASIC_EXCEPTION,hudson.tasks.junit.SuiteResultTest,NO_FIELD,testIssue1463()V,85,97,0
M,B,THROWS_METHOD_THROWS_CLAUSE_BASIC_EXCEPTION,hudson.tasks.junit.SuiteResultTest,NO_FIELD,testIssue1472()V,105,113,0
M,B,THROWS_METHOD_THROWS_CLAUSE_BASIC_EXCEPTION,hudson.tasks.junit.SuiteResultTest,NO_FIELD,testIssue2874()V,118,121,0
M,B,THROWS_METHOD_THROWS_CLAUSE_BASIC_EXCEPTION,hudson.tasks.junit.SuiteResultTest,NO_FIELD,testErrorDetails()V,125,132,0
M,B,THROWS_METHOD_THROWS_CLAUSE_BASIC_EXCEPTION,hudson.tasks.junit.SuiteResultTest,NO_FIELD,testSuiteResultPersistence()V,136,156,0
M,B,THROWS_METHOD_THROWS_CLAUSE_BASIC_EXCEPTION,hudson.tasks.junit.SuiteResultTest,NO_FIELD,testSuiteStdioTrimming()V,161,188,0
M,B,THROWS_METHOD_THROWS_CLAUSE_BASIC_EXCEPTION,hudson.tasks.junit.SuiteResultTest,NO_FIELD,testSuiteStdioTrimmingOnFail()V,192,219,0
M,B,THROWS_METHOD_THROWS_CLAUSE_BASIC_EXCEPTION,hudson.tasks.junit.SuiteResultTest,NO_FIELD,testSuiteStdioTrimmingSurefire()V,224,260,0
M,B,THROWS_METHOD_THROWS_CLAUSE_BASIC_EXCEPTION,hudson.tasks.junit.SuiteResultTest,NO_FIELD,testSuiteStdioTrimmingSurefireOnFail()V,265,301,0
M,B,THROWS_METHOD_THROWS_CLAUSE_BASIC_EXCEPTION,hudson.tasks.junit.SuiteResultTest,NO_FIELD,testErrorInTestInitialization()V,310,317,0
M,B,THROWS_METHOD_THROWS_CLAUSE_BASIC_EXCEPTION,hudson.tasks.junit.SuiteResultTest,NO_FIELD,testParseNestedTestSuites()V,324,330,0
M,B,THROWS_METHOD_THROWS_CLAUSE_BASIC_EXCEPTION,hudson.tasks.junit.SuiteResultTest,NO_FIELD,testTestSuiteTimeAttribute()V,335,340,0
M,B,THROWS_METHOD_THROWS_CLAUSE_BASIC_EXCEPTION,hudson.tasks.test.TestReportUiTest,NO_FIELD,testDurationStyle()V,61,89,0
M,B,THROWS_METHOD_THROWS_CLAUSE_BASIC_EXCEPTION,hudson.tasks.test.TestReportUiTest,NO_FIELD,configureTestBuild(Ljava/lang/String;)Lhudson/model/FreeStyleBuild;,96,107,0
M,B,THROWS_METHOD_THROWS_CLAUSE_BASIC_EXCEPTION,hudson.tasks.junit.HistoryTest,NO_FIELD,setUp()V,50,57,0
M,B,THROWS_METHOD_THROWS_CLAUSE_BASIC_EXCEPTION,hudson.tasks.junit.HistoryTest,NO_FIELD,testFailedSince()V,63,113,0
L,P,SIC_INNER_SHOULD_BE_STATIC_ANON,hudson.tasks.junit.CaseResultTest,NO_FIELD,testAge()V,245,245,0
M,P,SS_SHOULD_BE_STATIC,hudson.tasks.junit.TestResultPublishingTest,BASIC_TEST_PROJECT,NO_METHOD,66,66,0
M,D,URF_UNREAD_PUBLIC_OR_PROTECTED_FIELD,hudson.tasks.test.BuildStatusSummaryTest,r,NO_METHOD,26,26,0
L,P,SIC_INNER_SHOULD_BE_STATIC_ANON,hudson.tasks.test.TestReportUiTest,NO_FIELD,configureTestBuild(Ljava/lang/String;)Lhudson/model/FreeStyleBuild;,97,97,0
L,P,SIC_INNER_SHOULD_BE_STATIC_ANON,hudson.tasks.junit.CaseResultUnitTest,NO_FIELD,testLocalizationOfStatus()V,48,48,0
L,D,URF_UNREAD_PUBLIC_OR_PROTECTED_FIELD,hudson.tasks.junit.storage.TestResultStorageTest,buildWatcher,NO_METHOD,96,96,0
L,P,SIC_INNER_SHOULD_BE_STATIC_ANON,hudson.tasks.junit.CaseResultTest,NO_FIELD,configureTestBuild(Ljava/lang/String;)Lhudson/model/FreeStyleBuild;,263,263,0
L,P,SIC_INNER_SHOULD_BE_STATIC_ANON,hudson.tasks.test.TestReportUiTest,NO_FIELD,testDurationStyle()V,65,65,0
L,D,URF_UNREAD_PUBLIC_OR_PROTECTED_FIELD,hudson.tasks.test.AggregatedTestResultPublisher$TestResultProjectAction,project,NO_METHOD,388,388,0
L,P,SIC_INNER_SHOULD_BE_STATIC_ANON,hudson.tasks.junit.TestResultLinksTest,NO_FIELD,testPreviousBuildNotLoaded()V,131,131,0
L,D,URF_UNREAD_PUBLIC_OR_PROTECTED_FIELD,hudson.tasks.test.AggregatedTestResultAction$ChildReport,child,NO_METHOD,145,145,0
L,P,SIC_INNER_SHOULD_BE_STATIC_ANON,hudson.tasks.test.TestObjectTest,NO_FIELD,uniquifyName()V,32,32,0
L,D,URF_UNREAD_PUBLIC_OR_PROTECTED_FIELD,hudson.tasks.junit.SuiteResult$SuiteResultParserConfigurationContext,xmlReport,NO_METHOD,151,151,0
L,P,SIC_INNER_SHOULD_BE_STATIC_ANON,hudson.tasks.junit.CaseResultTest,NO_FIELD,testAge()V,225,225,0
M,P,SS_SHOULD_BE_STATIC,hudson.tasks.junit.TestResultPublishingTest,TEST_PROJECT_WITH_HISTORY,NO_METHOD,67,67,0
L,D,URF_UNREAD_PUBLIC_OR_PROTECTED_FIELD,hudson.tasks.test.AggregatedTestResultAction$ChildReport,run,NO_METHOD,146,146,0
L,D,UWF_FIELD_NOT_INITIALIZED_IN_CONSTRUCTOR,hudson.tasks.junit.TestResultPublishingTest,project,testSlave()V,99,99,0
L,D,UWF_FIELD_NOT_INITIALIZED_IN_CONSTRUCTOR,hudson.tasks.junit.TestResultLinksTest,project,testNonDescendantRelativePath()V,106,106,0
L,D,UWF_FIELD_NOT_INITIALIZED_IN_CONSTRUCTOR,hudson.tasks.junit.HistoryTest,project,testFailedSince()V,66,66,0
L,D,UWF_FIELD_NOT_INITIALIZED_IN_CONSTRUCTOR,hudson.tasks.junit.JUnitParserTest,project,testJustParsing()V,105,105,0
L,D,UWF_FIELD_NOT_INITIALIZED_IN_CONSTRUCTOR,hudson.tasks.junit.TestResultPublishingTest,project,testBasic()V,81,81,0
L,D,UWF_FIELD_NOT_INITIALIZED_IN_CONSTRUCTOR,hudson.tasks.test.AggregatedTestResultPublisherTest,wc,buildAndSetupPageObjects()V,131,131,0
L,D,UWF_FIELD_NOT_INITIALIZED_IN_CONSTRUCTOR,hudson.tasks.test.TestResultActionIterable$TestResultActionIterator,cursor,getBuildAction()Lhudson/tasks/test/AbstractTestResultAction;,85,85,0
L,D,UWF_FIELD_NOT_INITIALIZED_IN_CONSTRUCTOR,hudson.tasks.junit.TestResultLinksTest,project,testFailureLinks()V,74,74,0
L,V,MS_SHOULD_BE_FINAL,hudson.tasks.junit.storage.TestResultStorageTest,buildWatcher,NO_METHOD,96,96,0
L,B,NM_CONFUSING,hudson.tasks.junit.HistoryTest,NO_FIELD,setUp()V,50,57,0
L,M,IS2_INCONSISTENT_SYNC,hudson.tasks.test.AggregatedTestResultPublisher$TestResultAction,totalCount,NO_METHOD,197,197,0
L,M,IS2_INCONSISTENT_SYNC,hudson.tasks.test.AggregatedTestResultPublisher$TestResultAction,failCount,NO_METHOD,192,192,0
L,M,IS2_INCONSISTENT_SYNC,hudson.tasks.test.AggregatedTestResultPublisher$TestResultAction,individuals,NO_METHOD,234,234,0
L,M,IS2_INCONSISTENT_SYNC,hudson.tasks.test.AggregatedTestResultPublisher$TestResultAction,noFingerprints,NO_METHOD,250,250,0
L,M,IS2_INCONSISTENT_SYNC,hudson.tasks.test.AggregatedTestResultPublisher$TestResultAction,didntRun,NO_METHOD,242,242,0
