L,P,DM_FP_NUMBER_CTOR,org.apache.commons.lang.mutable.MutableDouble,NO_FIELD,getValue()Ljava/lang/Double;,85,85,0,0.0,0.0,0.263101843042912,0.30849171485766924
L,B,SE_TRANSIENT_FIELD_NOT_RESTORED,org.apache.commons.lang.CharRange,iToString,NO_METHOD,-1,-1,0,-1,-1,-1,-1
M,B,THROWS_METHOD_THROWS_RUNTIMEEXCEPTION,org.apache.commons.lang.text.translate.CharSequenceTranslator,NO_FIELD,translate(Ljava/lang/CharSequence;)Ljava/lang/String;,54,63,0,0.0,0.0,0.10473271170329448,0.12412229183078147
M,P,DM_NUMBER_CTOR,org.apache.commons.lang.mutable.MutableShort,NO_FIELD,getValue()Ljava/lang/Short;,85,85,0,0.0,1.0,0.8248751327822511,0.9999999999999999
L,B,SE_TRANSIENT_FIELD_NOT_RESTORED,org.apache.commons.lang.math.Fraction,toProperString,NO_METHOD,-1,-1,0,-1,-1,-1,-1
L,P,DM_FP_NUMBER_CTOR,org.apache.commons.lang.mutable.MutableFloat,NO_FIELD,getValue()Ljava/lang/Float;,85,85,0,0.0,0.0,0.24358789526307006,0.30849171485766924
L,V,MS_EXPOSE_REP,org.apache.commons.lang.text.translate.EntityArrays,HTML40_EXTENDED_ESCAPE,HTML40_EXTENDED_ESCAPE()[[Ljava/lang/String;,133,133,0,0.0,0.0,0.0,0.0
L,V,MS_EXPOSE_REP,org.apache.commons.lang.text.translate.EntityArrays,BASIC_UNESCAPE,BASIC_UNESCAPE()[[Ljava/lang/String;,342,342,0,0.0,0.0,0.0,0.0
L,V,MS_EXPOSE_REP,org.apache.commons.lang.text.translate.EntityArrays,ISO8859_1_ESCAPE,ISO8859_1_ESCAPE()[[Ljava/lang/String;,29,29,0,0.0,0.0,0.0,0.0
L,V,MS_EXPOSE_REP,org.apache.commons.lang.text.translate.EntityArrays,APOS_ESCAPE,APOS_ESCAPE()[[Ljava/lang/String;,345,345,0,0.0,0.0,0.0,0.0
L,V,MS_EXPOSE_REP,org.apache.commons.lang.text.translate.EntityArrays,HTML40_EXTENDED_UNESCAPE,HTML40_EXTENDED_UNESCAPE()[[Ljava/lang/String;,331,331,0,0.0,0.0,0.0,0.0
L,V,MS_EXPOSE_REP,org.apache.commons.lang.text.translate.EntityArrays,BASIC_ESCAPE,BASIC_ESCAPE()[[Ljava/lang/String;,334,334,0,0.0,0.0,0.0,0.0
L,V,MS_EXPOSE_REP,org.apache.commons.lang.text.translate.EntityArrays,ISO8859_1_UNESCAPE,ISO8859_1_UNESCAPE()[[Ljava/lang/String;,129,129,0,0.0,0.0,0.0,0.0
L,V,MS_EXPOSE_REP,org.apache.commons.lang.text.translate.EntityArrays,APOS_UNESCAPE,APOS_UNESCAPE()[[Ljava/lang/String;,350,350,0,0.0,0.0,0.0,0.0
L,V,MS_EXPOSE_REP,org.apache.commons.lang.text.translate.EntityArrays,JAVA_CTRL_CHARS_ESCAPE,JAVA_CTRL_CHARS_ESCAPE()[[Ljava/lang/String;,353,353,0,0.0,0.0,0.0,0.0
L,V,MS_EXPOSE_REP,org.apache.commons.lang.text.translate.EntityArrays,JAVA_CTRL_CHARS_UNESCAPE,JAVA_CTRL_CHARS_UNESCAPE()[[Ljava/lang/String;,362,362,0,0.0,0.0,0.0,0.0
M,D,SF_SWITCH_NO_DEFAULT,org.apache.commons.lang.time.DateUtils,NO_FIELD,modify(Ljava/util/Calendar;II)V,960,986,0,0.0,0.0,0.0,0.0
M,D,SF_SWITCH_NO_DEFAULT,org.apache.commons.lang.time.DateUtils,NO_FIELD,iterator(Ljava/util/Calendar;I)Ljava/util/Iterator;,1095,1109,0,0.0,0.0,0.0,0.0
M,D,SF_SWITCH_FALLTHROUGH,org.apache.commons.lang.time.DateUtils,NO_FIELD,getFragment(Ljava/util/Calendar;II)J,1623,1626,0,0.0,0.0,0.0,0.0
M,D,SF_SWITCH_NO_DEFAULT,org.apache.commons.lang.time.DateUtils,NO_FIELD,getFragment(Ljava/util/Calendar;II)J,1606,1611,0,0.0,0.0,0.0,0.0
L,B,SE_COMPARATOR_SHOULD_BE_SERIALIZABLE,org.apache.commons.lang.Range$ComparableComparator,NO_FIELD,NO_METHOD,331,357,0,-1,-1,-1,-1
H,C,EQ_SELF_USE_OBJECT,org.apache.commons.lang.mutable.MutableObject,NO_FIELD,equals(Lorg/apache/commons/lang/mutable/MutableObject;)Z,87,92,0,0.0,0.0,0.0,0.0
M,B,THROWS_METHOD_THROWS_CLAUSE_BASIC_EXCEPTION,org.apache.commons.lang.concurrent.BackgroundInitializer$InitializationTask,NO_FIELD,call()Ljava/lang/Object;,323,328,0,-1,-1,-1,-1
M,P,DM_NUMBER_CTOR,org.apache.commons.lang.mutable.MutableLong,NO_FIELD,getValue()Ljava/lang/Long;,85,85,0,0.0,1.0,0.8153578535437319,0.9999999999999999
M,V,MS_EXPOSE_REP,org.apache.commons.lang.LocaleUtils,cAvailableLocaleList,availableLocaleList()Ljava/util/List;,199,199,0,0.0,0.0,0.0,0.0
M,V,MS_EXPOSE_REP,org.apache.commons.lang.LocaleUtils,cAvailableLocaleSet,availableLocaleSet()Ljava/util/Set;,228,228,0,0.0,0.0,0.0,0.0
M,P,DM_NUMBER_CTOR,org.apache.commons.lang.mutable.MutableInt,NO_FIELD,getValue()Ljava/lang/Integer;,85,85,0,0.0,1.0,0.8345921050228533,0.9999999999999999
L,D,BC_UNCONFIRMED_CAST_OF_RETURN_VALUE,org.apache.commons.lang.concurrent.ConcurrentUtils,NO_FIELD,throwCause(Ljava/util/concurrent/ExecutionException;)V,116,116,0,0.0,0.0,0.0,0.0
L,D,BC_UNCONFIRMED_CAST_OF_RETURN_VALUE,org.apache.commons.lang.concurrent.ConcurrentUtils,NO_FIELD,throwCause(Ljava/util/concurrent/ExecutionException;)V,120,120,0,0.0,0.0,0.0,0.0
M,B,THROWS_METHOD_THROWS_RUNTIMEEXCEPTION,org.apache.commons.lang.concurrent.ConcurrentUtils,NO_FIELD,throwCause(Ljava/util/concurrent/ExecutionException;)V,115,122,0,0.0,0.0,0.09506772929166266,0.10479769743583536
M,V,EI_EXPOSE_REP,org.apache.commons.lang.builder.ToStringBuilder,buffer,getStringBuffer()Ljava/lang/StringBuffer;,1033,1033,0,0.0,1.0,0.9030953733551177,1.0
M,V,MS_EXPOSE_REP,org.apache.commons.lang.builder.ToStringBuilder,defaultStyle,getDefaultStyle()Lorg/apache/commons/lang/builder/ToStringStyle;,120,120,0,0.0,0.0,0.0,0.0
M,V,EI_EXPOSE_STATIC_REP2,org.apache.commons.lang.builder.ToStringBuilder,defaultStyle,setDefaultStyle(Lorg/apache/commons/lang/builder/ToStringStyle;)V,142,142,0,0.0,0.0,0.0,0.0
M,V,EI_EXPOSE_REP,org.apache.commons.lang.builder.ToStringBuilder,style,getStyle()Lorg/apache/commons/lang/builder/ToStringStyle;,1045,1045,0,0.0,1.0,0.9030953733551177,1.0
L,D,PZLA_PREFER_ZERO_LENGTH_ARRAYS,org.apache.commons.lang.ArrayUtils,NO_FIELD,clone([Ljava/lang/Object;)[Ljava/lang/Object;,266,266,0,0.0,0.0,0.0,0.0
L,D,PZLA_PREFER_ZERO_LENGTH_ARRAYS,org.apache.commons.lang.ArrayUtils,NO_FIELD,clone([J)[J,282,282,0,0.0,0.0,0.0,0.0
L,D,PZLA_PREFER_ZERO_LENGTH_ARRAYS,org.apache.commons.lang.ArrayUtils,NO_FIELD,clone([I)[I,298,298,0,0.0,0.0,0.0,0.0
L,D,PZLA_PREFER_ZERO_LENGTH_ARRAYS,org.apache.commons.lang.ArrayUtils,NO_FIELD,clone([S)[S,314,314,0,0.0,0.0,0.0,0.0
L,D,PZLA_PREFER_ZERO_LENGTH_ARRAYS,org.apache.commons.lang.ArrayUtils,NO_FIELD,clone([C)[C,330,330,0,0.0,0.0,0.0,0.0
L,D,PZLA_PREFER_ZERO_LENGTH_ARRAYS,org.apache.commons.lang.ArrayUtils,NO_FIELD,clone([B)[B,346,346,0,0.0,0.0,0.0,0.0
L,D,PZLA_PREFER_ZERO_LENGTH_ARRAYS,org.apache.commons.lang.ArrayUtils,NO_FIELD,clone([D)[D,362,362,0,0.0,0.0,0.0,0.0
L,D,PZLA_PREFER_ZERO_LENGTH_ARRAYS,org.apache.commons.lang.ArrayUtils,NO_FIELD,clone([F)[F,378,378,0,0.0,0.0,0.0,0.0
L,D,PZLA_PREFER_ZERO_LENGTH_ARRAYS,org.apache.commons.lang.ArrayUtils,NO_FIELD,clone([Z)[Z,394,394,0,0.0,0.0,0.0,0.0
L,D,PZLA_PREFER_ZERO_LENGTH_ARRAYS,org.apache.commons.lang.ArrayUtils,NO_FIELD,subarray([Ljava/lang/Object;II)[Ljava/lang/Object;,431,431,0,0.0,0.0,0.0,0.0
L,D,PZLA_PREFER_ZERO_LENGTH_ARRAYS,org.apache.commons.lang.ArrayUtils,NO_FIELD,subarray([JII)[J,470,470,0,0.0,0.0,0.0,0.0
L,D,PZLA_PREFER_ZERO_LENGTH_ARRAYS,org.apache.commons.lang.ArrayUtils,NO_FIELD,subarray([III)[I,509,509,0,0.0,0.0,0.0,0.0
L,D,PZLA_PREFER_ZERO_LENGTH_ARRAYS,org.apache.commons.lang.ArrayUtils,NO_FIELD,subarray([SII)[S,548,548,0,0.0,0.0,0.0,0.0
L,D,PZLA_PREFER_ZERO_LENGTH_ARRAYS,org.apache.commons.lang.ArrayUtils,NO_FIELD,subarray([CII)[C,587,587,0,0.0,0.0,0.0,0.0
L,D,PZLA_PREFER_ZERO_LENGTH_ARRAYS,org.apache.commons.lang.ArrayUtils,NO_FIELD,subarray([BII)[B,626,626,0,0.0,0.0,0.0,0.0
L,D,PZLA_PREFER_ZERO_LENGTH_ARRAYS,org.apache.commons.lang.ArrayUtils,NO_FIELD,subarray([DII)[D,665,665,0,0.0,0.0,0.0,0.0
L,D,PZLA_PREFER_ZERO_LENGTH_ARRAYS,org.apache.commons.lang.ArrayUtils,NO_FIELD,subarray([FII)[F,704,704,0,0.0,0.0,0.0,0.0
L,D,PZLA_PREFER_ZERO_LENGTH_ARRAYS,org.apache.commons.lang.ArrayUtils,NO_FIELD,subarray([ZII)[Z,743,743,0,0.0,0.0,0.0,0.0
L,D,PZLA_PREFER_ZERO_LENGTH_ARRAYS,org.apache.commons.lang.ArrayUtils,NO_FIELD,toPrimitive([Ljava/lang/Character;)[C,2272,2272,0,0.0,0.0,0.0,0.0
L,D,PZLA_PREFER_ZERO_LENGTH_ARRAYS,org.apache.commons.lang.ArrayUtils,NO_FIELD,toPrimitive([Ljava/lang/Character;C)[C,2294,2294,0,0.0,0.0,0.0,0.0
L,D,PZLA_PREFER_ZERO_LENGTH_ARRAYS,org.apache.commons.lang.ArrayUtils,NO_FIELD,toObject([C)[Ljava/lang/Character;,2316,2316,0,0.0,0.0,0.0,0.0
L,D,PZLA_PREFER_ZERO_LENGTH_ARRAYS,org.apache.commons.lang.ArrayUtils,NO_FIELD,toPrimitive([Ljava/lang/Long;)[J,2340,2340,0,0.0,0.0,0.0,0.0
L,D,PZLA_PREFER_ZERO_LENGTH_ARRAYS,org.apache.commons.lang.ArrayUtils,NO_FIELD,toPrimitive([Ljava/lang/Long;J)[J,2362,2362,0,0.0,0.0,0.0,0.0
L,D,PZLA_PREFER_ZERO_LENGTH_ARRAYS,org.apache.commons.lang.ArrayUtils,NO_FIELD,toObject([J)[Ljava/lang/Long;,2384,2384,0,0.0,0.0,0.0,0.0
L,D,PZLA_PREFER_ZERO_LENGTH_ARRAYS,org.apache.commons.lang.ArrayUtils,NO_FIELD,toPrimitive([Ljava/lang/Integer;)[I,2408,2408,0,0.0,0.0,0.0,0.0
L,D,PZLA_PREFER_ZERO_LENGTH_ARRAYS,org.apache.commons.lang.ArrayUtils,NO_FIELD,toPrimitive([Ljava/lang/Integer;I)[I,2430,2430,0,0.0,0.0,0.0,0.0
L,D,PZLA_PREFER_ZERO_LENGTH_ARRAYS,org.apache.commons.lang.ArrayUtils,NO_FIELD,toObject([I)[Ljava/lang/Integer;,2452,2452,0,0.0,0.0,0.0,0.0
L,D,PZLA_PREFER_ZERO_LENGTH_ARRAYS,org.apache.commons.lang.ArrayUtils,NO_FIELD,toPrimitive([Ljava/lang/Short;)[S,2476,2476,0,0.0,0.0,0.0,0.0
L,D,PZLA_PREFER_ZERO_LENGTH_ARRAYS,org.apache.commons.lang.ArrayUtils,NO_FIELD,toPrimitive([Ljava/lang/Short;S)[S,2498,2498,0,0.0,0.0,0.0,0.0
L,D,PZLA_PREFER_ZERO_LENGTH_ARRAYS,org.apache.commons.lang.ArrayUtils,NO_FIELD,toObject([S)[Ljava/lang/Short;,2520,2520,0,0.0,0.0,0.0,0.0
L,D,PZLA_PREFER_ZERO_LENGTH_ARRAYS,org.apache.commons.lang.ArrayUtils,NO_FIELD,toPrimitive([Ljava/lang/Byte;)[B,2544,2544,0,0.0,0.0,0.0,0.0
L,D,PZLA_PREFER_ZERO_LENGTH_ARRAYS,org.apache.commons.lang.ArrayUtils,NO_FIELD,toPrimitive([Ljava/lang/Byte;B)[B,2566,2566,0,0.0,0.0,0.0,0.0
L,D,PZLA_PREFER_ZERO_LENGTH_ARRAYS,org.apache.commons.lang.ArrayUtils,NO_FIELD,toObject([B)[Ljava/lang/Byte;,2588,2588,0,0.0,0.0,0.0,0.0
L,D,PZLA_PREFER_ZERO_LENGTH_ARRAYS,org.apache.commons.lang.ArrayUtils,NO_FIELD,toPrimitive([Ljava/lang/Double;)[D,2612,2612,0,0.0,0.0,0.0,0.0
L,D,PZLA_PREFER_ZERO_LENGTH_ARRAYS,org.apache.commons.lang.ArrayUtils,NO_FIELD,toPrimitive([Ljava/lang/Double;D)[D,2634,2634,0,0.0,0.0,0.0,0.0
L,D,PZLA_PREFER_ZERO_LENGTH_ARRAYS,org.apache.commons.lang.ArrayUtils,NO_FIELD,toObject([D)[Ljava/lang/Double;,2656,2656,0,0.0,0.0,0.0,0.0
L,D,PZLA_PREFER_ZERO_LENGTH_ARRAYS,org.apache.commons.lang.ArrayUtils,NO_FIELD,toPrimitive([Ljava/lang/Float;)[F,2680,2680,0,0.0,0.0,0.0,0.0
L,D,PZLA_PREFER_ZERO_LENGTH_ARRAYS,org.apache.commons.lang.ArrayUtils,NO_FIELD,toPrimitive([Ljava/lang/Float;F)[F,2702,2702,0,0.0,0.0,0.0,0.0
L,D,PZLA_PREFER_ZERO_LENGTH_ARRAYS,org.apache.commons.lang.ArrayUtils,NO_FIELD,toObject([F)[Ljava/lang/Float;,2724,2724,0,0.0,0.0,0.0,0.0
L,D,PZLA_PREFER_ZERO_LENGTH_ARRAYS,org.apache.commons.lang.ArrayUtils,NO_FIELD,toPrimitive([Ljava/lang/Boolean;)[Z,2748,2748,0,0.0,0.0,0.0,0.0
L,D,PZLA_PREFER_ZERO_LENGTH_ARRAYS,org.apache.commons.lang.ArrayUtils,NO_FIELD,toPrimitive([Ljava/lang/Boolean;Z)[Z,2770,2770,0,0.0,0.0,0.0,0.0
L,D,PZLA_PREFER_ZERO_LENGTH_ARRAYS,org.apache.commons.lang.ArrayUtils,NO_FIELD,toObject([Z)[Ljava/lang/Boolean;,2792,2792,0,0.0,0.0,0.0,0.0
L,I,DM_CONVERT_CASE,org.apache.commons.lang.StringUtils,NO_FIELD,upperCase(Ljava/lang/String;)Ljava/lang/String;,4460,4460,0,0.0,0.0,0.37722578856768546,0.4456002034052817
L,I,DM_CONVERT_CASE,org.apache.commons.lang.StringUtils,NO_FIELD,lowerCase(Ljava/lang/String;)Ljava/lang/String;,4509,4509,0,0.0,0.0,0.4086707183834593,0.4456002034052817
L,D,PZLA_PREFER_ZERO_LENGTH_ARRAYS,org.apache.commons.lang.StringUtils,NO_FIELD,substringsBetween(Ljava/lang/String;Ljava/lang/String;Ljava/lang/String;)[Ljava/lang/String;,1990,1990,0,0.0,0.0,0.0,0.0
L,D,PZLA_PREFER_ZERO_LENGTH_ARRAYS,org.apache.commons.lang.StringUtils,NO_FIELD,splitByWholeSeparatorWorker(Ljava/lang/String;Ljava/lang/String;IZ)[Ljava/lang/String;,2279,2279,0,0.0,0.0,0.0,0.0
L,D,PZLA_PREFER_ZERO_LENGTH_ARRAYS,org.apache.commons.lang.StringUtils,NO_FIELD,splitWorker(Ljava/lang/String;CZ)[Ljava/lang/String;,2423,2423,0,0.0,0.0,0.0,0.0
L,D,PZLA_PREFER_ZERO_LENGTH_ARRAYS,org.apache.commons.lang.StringUtils,NO_FIELD,splitWorker(Ljava/lang/String;Ljava/lang/String;IZ)[Ljava/lang/String;,2550,2550,0,0.0,0.0,0.0,0.0
L,D,PZLA_PREFER_ZERO_LENGTH_ARRAYS,org.apache.commons.lang.StringUtils,NO_FIELD,splitByCharacterType(Ljava/lang/String;Z)[Ljava/lang/String;,2696,2696,0,0.0,0.0,0.0,0.0
H,B,ES_COMPARING_PARAMETER_STRING_WITH_EQ,org.apache.commons.lang.StringUtils,NO_FIELD,indexOfDifference(Ljava/lang/String;Ljava/lang/String;)I,5297,5297,0,0.0,0.0,0.0,0.0
L,D,PZLA_PREFER_ZERO_LENGTH_ARRAYS,org.apache.commons.lang.ClassUtils,NO_FIELD,primitivesToWrappers([Ljava/lang/Class;)[Ljava/lang/Class;,645,645,0,0.0,0.0,0.0,0.0
L,D,PZLA_PREFER_ZERO_LENGTH_ARRAYS,org.apache.commons.lang.ClassUtils,NO_FIELD,wrappersToPrimitives([Ljava/lang/Class;)[Ljava/lang/Class;,695,695,0,0.0,0.0,0.0,0.0
L,D,PZLA_PREFER_ZERO_LENGTH_ARRAYS,org.apache.commons.lang.ClassUtils,NO_FIELD,toClass([Ljava/lang/Object;)[Ljava/lang/Class;,889,889,0,0.0,0.0,0.0,0.0
M,P,WMI_WRONG_MAP_ITERATOR,org.apache.commons.lang.ClassUtils,primitiveWrapperMap,<clinit>()V,92,92,0,0.0,0.0,0.0,0.0
H,B,CN_IDIOM_NO_SUPER_CALL,org.apache.commons.lang.text.StrTokenizer,NO_FIELD,clone()Ljava/lang/Object;,1070,1072,0,0.0,0.0,0.0,0.0
L,C,RpC_REPEATED_CONDITIONAL_TEST,org.apache.commons.lang.time.DurationFormatUtils,NO_FIELD,formatPeriod(JJLjava/lang/String;ZLjava/util/TimeZone;)Ljava/lang/String;,331,331,0,0.0,0.0,0.0,0.0
M,B,ES_COMPARING_STRINGS_WITH_EQ,org.apache.commons.lang.time.DurationFormatUtils,s,format([Lorg/apache/commons/lang/time/DurationFormatUtils$Token;IIIIIIIZ)Ljava/lang/String;,453,453,0,0.0,0.0,0.0,0.0
M,B,ES_COMPARING_STRINGS_WITH_EQ,org.apache.commons.lang.time.DurationFormatUtils,S,format([Lorg/apache/commons/lang/time/DurationFormatUtils$Token;IIIIIIIZ)Ljava/lang/String;,457,457,0,0.0,0.0,0.0,0.0
M,B,ES_COMPARING_STRINGS_WITH_EQ,org.apache.commons.lang.time.DurationFormatUtils,d,format([Lorg/apache/commons/lang/time/DurationFormatUtils$Token;IIIIIIIZ)Ljava/lang/String;,441,441,0,0.0,0.0,0.0,0.0
M,B,ES_COMPARING_STRINGS_WITH_EQ,org.apache.commons.lang.time.DurationFormatUtils,M,format([Lorg/apache/commons/lang/time/DurationFormatUtils$Token;IIIIIIIZ)Ljava/lang/String;,437,437,0,0.0,0.0,0.0,0.0
M,B,ES_COMPARING_STRINGS_WITH_EQ,org.apache.commons.lang.time.DurationFormatUtils,m,format([Lorg/apache/commons/lang/time/DurationFormatUtils$Token;IIIIIIIZ)Ljava/lang/String;,449,449,0,0.0,0.0,0.0,0.0
M,B,ES_COMPARING_STRINGS_WITH_EQ,org.apache.commons.lang.time.DurationFormatUtils,H,format([Lorg/apache/commons/lang/time/DurationFormatUtils$Token;IIIIIIIZ)Ljava/lang/String;,445,445,0,0.0,0.0,0.0,0.0
M,B,ES_COMPARING_STRINGS_WITH_EQ,org.apache.commons.lang.time.DurationFormatUtils,y,format([Lorg/apache/commons/lang/time/DurationFormatUtils$Token;IIIIIIIZ)Ljava/lang/String;,433,433,0,0.0,0.0,0.0,0.0
M,B,ES_COMPARING_STRINGS_WITH_EQ,org.apache.commons.lang.time.DurationFormatUtils,NO_FIELD,lexx(Ljava/lang/String;)[Lorg/apache/commons/lang/time/DurationFormatUtils$Token;,533,533,0,0.0,0.0,0.0,0.0
L,B,DE_MIGHT_IGNORE,org.apache.commons.lang.reflect.MemberUtils,NO_FIELD,<clinit>()V,51,51,0,0.0,0.0,0.0,0.0
L,D,REC_CATCH_EXCEPTION,org.apache.commons.lang.reflect.MemberUtils,NO_FIELD,isSynthetic(Ljava/lang/reflect/Member;)Z,116,116,0,0.0,0.0,0.0,0.0
L,D,REC_CATCH_EXCEPTION,org.apache.commons.lang.reflect.MemberUtils,NO_FIELD,<clinit>()V,51,51,0,0.0,0.0,0.0,0.0
M,B,THROWS_METHOD_THROWS_CLAUSE_BASIC_EXCEPTION,org.apache.commons.lang.concurrent.BackgroundInitializer,NO_FIELD,initialize()Ljava/lang/Object;,-1,-1,0,-1,-1,-1,-1
M,B,THROWS_METHOD_THROWS_RUNTIMEEXCEPTION,org.apache.commons.lang.time.StopWatch,NO_FIELD,getNanoTime()J,283,290,0,0.0,1.0,0.9945788321565764,1.0
M,B,NP_BOOLEAN_RETURN_NULL,org.apache.commons.lang.BooleanUtils,NO_FIELD,negate(Ljava/lang/Boolean;)Ljava/lang/Boolean;,65,65,0,0.0,0.0,0.0,0.0
M,B,NP_BOOLEAN_RETURN_NULL,org.apache.commons.lang.BooleanUtils,NO_FIELD,toBooleanObject(Ljava/lang/Integer;)Ljava/lang/Boolean;,248,248,0,0.0,0.0,0.0,0.0
M,B,NP_BOOLEAN_RETURN_NULL,org.apache.commons.lang.BooleanUtils,NO_FIELD,toBooleanObject(IIII)Ljava/lang/Boolean;,336,336,0,0.0,0.0,0.0,0.0
M,B,NP_BOOLEAN_RETURN_NULL,org.apache.commons.lang.BooleanUtils,NO_FIELD,toBooleanObject(Ljava/lang/Integer;Ljava/lang/Integer;Ljava/lang/Integer;Ljava/lang/Integer;)Ljava/lang/Boolean;,368,368,0,0.0,0.0,0.0,0.0
M,B,NP_BOOLEAN_RETURN_NULL,org.apache.commons.lang.BooleanUtils,NO_FIELD,toBooleanObject(Ljava/lang/String;)Ljava/lang/Boolean;,560,560,0,0.0,0.0,0.0,0.0
M,B,NP_BOOLEAN_RETURN_NULL,org.apache.commons.lang.BooleanUtils,NO_FIELD,toBooleanObject(Ljava/lang/String;Ljava/lang/String;Ljava/lang/String;Ljava/lang/String;)Ljava/lang/Boolean;,592,592,0,0.0,0.0,0.0,0.0
H,B,ES_COMPARING_PARAMETER_STRING_WITH_EQ,org.apache.commons.lang.BooleanUtils,NO_FIELD,toBoolean(Ljava/lang/String;)Z,639,639,0,0.0,0.0,0.0,0.0
M,D,DCN_NULLPOINTER_EXCEPTION,org.apache.commons.lang.BooleanUtils,NO_FIELD,xor([Ljava/lang/Boolean;)Ljava/lang/Boolean;,939,939,0,0.0,0.0,0.0,0.0
M,B,THROWS_METHOD_THROWS_CLAUSE_BASIC_EXCEPTION,org.apache.commons.lang.concurrent.CallableBackgroundInitializer,NO_FIELD,initialize()Ljava/lang/Object;,112,112,1,0.0,0.0,0.0,0.0
L,D,RCN_REDUNDANT_NULLCHECK_OF_NONNULL_VALUE,org.apache.commons.lang.exception.ExceptionUtils,NO_FIELD,isNestedThrowable(Ljava/lang/Throwable;)Z,485,485,0,0.0,0.0,0.6292401800583547,0.6686125191635968
L,D,RCN_REDUNDANT_NULLCHECK_OF_NONNULL_VALUE,org.apache.commons.lang.exception.ExceptionUtils,NO_FIELD,isNestedThrowable(Ljava/lang/Throwable;)Z,472,472,0,0.0,1.0,1.0,1.0
L,D,REC_CATCH_EXCEPTION,org.apache.commons.lang.exception.ExceptionUtils,NO_FIELD,<clinit>()V,93,93,0,0.0,0.0,0.0,0.0
M,C,UR_UNINIT_READ_CALLED_FROM_SUPER_CONSTRUCTOR,org.apache.commons.lang.text.ExtendedMessageFormat,registry,applyPattern(Ljava/lang/String;)V,146,146,0,0.0,0.0,0.0,0.0
M,D,EQ_DOESNT_OVERRIDE_EQUALS,org.apache.commons.lang.text.ExtendedMessageFormat,NO_FIELD,equals(Ljava/lang/Object;)Z,1,1,0,-1,-1,-1,-1
M,V,EI_EXPOSE_REP2,org.apache.commons.lang.text.ExtendedMessageFormat,registry,<init>(Ljava/lang/String;Ljava/util/Locale;Ljava/util/Map;)V,127,127,0,0.0,1.0,0.9022018938201224,0.9999999999999999
M,D,SF_SWITCH_NO_DEFAULT,org.apache.commons.lang.text.ExtendedMessageFormat,NO_FIELD,parseFormatDescription(Ljava/lang/String;Ljava/text/ParsePosition;)Ljava/lang/String;,325,336,0,0.0,0.0,0.0,0.0
L,P,DM_FP_NUMBER_CTOR,org.apache.commons.lang.math.NumberUtils,NO_FIELD,<clinit>()V,71,71,0,0.0,0.0,0.2970249052223177,0.32514668890398796
L,P,DM_FP_NUMBER_CTOR,org.apache.commons.lang.math.NumberUtils,NO_FIELD,<clinit>()V,65,65,0,0.0,0.0,0.3155776688694324,0.32514668890398796
M,P,DM_NUMBER_CTOR,org.apache.commons.lang.math.NumberUtils,NO_FIELD,<clinit>()V,47,47,0,0.0,0.0,0.7181096091143941,0.8405802400073182
M,P,DM_NUMBER_CTOR,org.apache.commons.lang.math.NumberUtils,NO_FIELD,<clinit>()V,41,41,0,0.0,0.0,0.6676727800000052,0.8405802400073182
M,P,DM_NUMBER_CTOR,org.apache.commons.lang.math.NumberUtils,NO_FIELD,<clinit>()V,53,53,0,0.0,1.0,0.8151309337094955,0.9999999999999999
M,D,SF_SWITCH_FALLTHROUGH,org.apache.commons.lang.math.NumberUtils,NO_FIELD,createNumber(Ljava/lang/String;)Ljava/lang/Number;,525,532,0,0.0,0.0,0.0,0.0
M,D,SF_SWITCH_NO_DEFAULT,org.apache.commons.lang.math.NumberUtils,NO_FIELD,createNumber(Ljava/lang/String;)Ljava/lang/Number;,500,541,0,0.0,0.0,0.0,0.0
L,D,UC_USELESS_CONDITION,org.apache.commons.lang.time.FastDateFormat$PaddedNumberField,NO_FIELD,appendTo(Ljava/lang/StringBuffer;I)V,1310,1310,0,-1,-1,-1,-1
L,B,HE_HASHCODE_USE_OBJECT_EQUALS,org.apache.commons.lang.builder.HashCodeBuilder,NO_FIELD,hashCode()I,982,982,0,0.0,0.0,0.0,0.0
M,B,THROWS_METHOD_THROWS_CLAUSE_BASIC_EXCEPTION,org.apache.commons.lang.concurrent.MultiBackgroundInitializer,NO_FIELD,initialize()Lorg/apache/commons/lang/concurrent/MultiBackgroundInitializer$MultiBackgroundInitializerResults;,185,212,0,0.0,0.0,0.0,0.0
M,B,THROWS_METHOD_THROWS_CLAUSE_BASIC_EXCEPTION,org.apache.commons.lang.concurrent.MultiBackgroundInitializer,NO_FIELD,initialize()Ljava/lang/Object;,96,96,0,-1,-1,-1,-1
M,P,WMI_WRONG_MAP_ITERATOR,org.apache.commons.lang.exception.DefaultExceptionContext,contextValueMap,getFormattedExceptionMessage(Ljava/lang/String;)Ljava/lang/String;,102,102,0,0.0,0.0,0.0,0.0
L,I,DM_CONVERT_CASE,org.apache.commons.lang.WordUtils,NO_FIELD,capitalizeFully(Ljava/lang/String;[C)Ljava/lang/String;,354,354,0,0.0,0.0,0.06649301707125785,0.02910380548410904
L,B,SE_BAD_FIELD,org.apache.commons.lang.Range,comparator,NO_METHOD,-1,-1,0,-1,-1,-1,-1
M,P,DM_NUMBER_CTOR,org.apache.commons.lang.CharUtils,NO_FIELD,toCharacterObject(C)Ljava/lang/Character;,109,109,0,0.0,0.0,0.6058708840810831,0.6992969970786964
M,P,DM_NUMBER_CTOR,org.apache.commons.lang.CharUtils,NO_FIELD,<clinit>()V,75,75,0,0.0,0.0,0.880927437355149,0.8615035374404866
M,V,EI_EXPOSE_REP,org.apache.commons.lang.time.FastDateFormat,mTimeZone,getTimeZone()Ljava/util/TimeZone;,933,933,0,0.0,1.0,0.9030953733551177,1.0
L,B,ES_COMPARING_STRINGS_WITH_EQ,org.apache.commons.lang.time.FastDateFormat,mPattern,equals(Ljava/lang/Object;)Z,983,983,0,0.0,0.0,0.0,0.0
L,V,DP_DO_INSIDE_DO_PRIVILEGED,org.apache.commons.lang.reflect.FieldUtils,NO_FIELD,getField(Ljava/lang/Class;Ljava/lang/String;Z)Ljava/lang/reflect/Field;,105,105,0,0.0,0.0,0.0,0.0
L,V,DP_DO_INSIDE_DO_PRIVILEGED,org.apache.commons.lang.reflect.FieldUtils,NO_FIELD,getDeclaredField(Ljava/lang/Class;Ljava/lang/String;Z)Ljava/lang/reflect/Field;,175,175,0,0.0,0.0,0.0,0.0
L,V,DP_DO_INSIDE_DO_PRIVILEGED,org.apache.commons.lang.reflect.FieldUtils,NO_FIELD,readField(Ljava/lang/reflect/Field;Ljava/lang/Object;Z)Ljava/lang/Object;,312,312,0,0.0,0.0,0.0,0.0
L,V,DP_DO_INSIDE_DO_PRIVILEGED,org.apache.commons.lang.reflect.FieldUtils,NO_FIELD,writeField(Ljava/lang/reflect/Field;Ljava/lang/Object;Ljava/lang/Object;Z)V,519,519,0,0.0,0.0,0.0,0.0
M,V,REFLF_REFLECTION_MAY_INCREASE_ACCESSIBILITY_OF_FIELD,org.apache.commons.lang.reflect.FieldUtils,NO_FIELD,getDeclaredField(Ljava/lang/Class;Ljava/lang/String;Z)Ljava/lang/reflect/Field;,175,175,0,0.0,0.0,0.0,0.0
M,V,REFLF_REFLECTION_MAY_INCREASE_ACCESSIBILITY_OF_FIELD,org.apache.commons.lang.reflect.FieldUtils,NO_FIELD,getField(Ljava/lang/Class;Ljava/lang/String;Z)Ljava/lang/reflect/Field;,105,105,0,0.0,0.0,0.0,0.0
M,V,MS_MUTABLE_COLLECTION_PKGPROTECT,org.apache.commons.lang.CharSet,COMMON,NO_METHOD,81,81,0,0.0,0.0,0.0,0.0
