priority1,priority2,type,package_name,field_name,method_name,startline,endline,label,s1,s2,s3,s4,addr,_package,_class,_method,rank_score,s4_rank
M,V,MS_EXPOSE_REP,org.jmeld.util.conf.ConfigurationManager,instance,getInstance()Lorg/jmeld/util/conf/ConfigurationManager;,26,26,1,0.0,1.0,0.9999999999999998,1.0000000000000002,MS,org.jmeld.util.conf,org.jmeld.util.conf.ConfigurationManager,org.jmeld.util.conf.ConfigurationManager.getInstance,0.47986549273509566,0.47986549273509577
M,V,REFLC_REFLECTION_MAY_INCREASE_ACCESSIBILITY_OF_CLASS,org.jmeld.util.conf.ConfigurationManager,NO_FIELD,get(Ljava/lang/Class;)Lorg/jmeld/util/conf/AbstractConfiguration;,65,65,1,0.0,1.0,1.0,1.0000000000000002,REFLC,org.jmeld.util.conf,org.jmeld.util.conf.ConfigurationManager,org.jmeld.util.conf.ConfigurationManager.get,0.47986549273509566,0.47986549273509577
M,V,EI_EXPOSE_REP2,org.jmeld.ui.UINode,diffNode,<init>(ILorg/jmeld/util/node/JMDiffNode;)V,24,24,0,0.0,1.0,1.0,1.0,EI2,org.jmeld.ui,org.jmeld.ui.UINode,org.jmeld.ui.UINode.<init>,0.38353938599685783,0.38353938599685783
M,D,ST_WRITE_TO_STATIC_FROM_INSTANCE_METHOD,org.jmeld.JMeld,jmeldPanel,run()V,52,52,1,0.0,1.0,1.0000000000000002,1.0000000000000002,ST,org.jmeld,org.jmeld.JMeld,org.jmeld.JMeld.run,0.3604210482906512,0.36042104829065125
M,V,EI_EXPOSE_REP,org.jmeld.ui.UINode,children,getChildren()Ljava/util/List;,64,64,0,0.0,1.0,1.0000000000000002,1.0000000000000002,EI,org.jmeld.ui,org.jmeld.ui.UINode,org.jmeld.ui.UINode.getChildren,0.3585411235512472,0.35854112355124723
M,V,EI_EXPOSE_REP,org.jmeld.ui.UINode,diffNode,getDiffNode()Lorg/jmeld/util/node/JMDiffNode;,39,39,0,0.0,1.0,1.0000000000000002,1.0000000000000002,EI,org.jmeld.ui,org.jmeld.ui.UINode,org.jmeld.ui.UINode.getDiffNode,0.3585411235512472,0.35854112355124723
M,V,EI_EXPOSE_REP,org.jmeld.ui.UINode,parent,getParent()Lorg/jmeld/ui/UINode;,92,92,0,0.0,1.0,1.0000000000000002,1.0000000000000002,EI,org.jmeld.ui,org.jmeld.ui.UINode,org.jmeld.ui.UINode.getParent,0.3585411235512472,0.35854112355124723
M,B,EQ_COMPARETO_USE_OBJECT_EQUALS,org.jmeld.ui.UINode,NO_FIELD,compareTo(Lorg/jmeld/ui/UINode;)I,136,136,0,0.0,1.0,1.0,1.0,Eq,org.jmeld.ui,org.jmeld.ui.UINode,org.jmeld.ui.UINode.compareTo,0.3585411235512472,0.3585411235512472
L,D,REC_CATCH_EXCEPTION,org.jmeld.diff.JMDelta,NO_FIELD,createChangeRevision()Lorg/jmeld/diff/JMRevision;,161,161,1,0.0,1.0,1.0,1.0000000000000002,REC,org.jmeld.diff,org.jmeld.diff.JMDelta,org.jmeld.diff.JMDelta.createChangeRevision,0.2750131448719535,0.27501314487195355
L,V,MC_OVERRIDABLE_METHOD_CALL_IN_CONSTRUCTOR,org.jmeld.ui.swing.JMHighlightPainter,NO_FIELD,<init>(Ljava/awt/Color;)V,77,77,0,0.0,1.0,1.0,0.9999999999999998,MC,org.jmeld.ui.swing,org.jmeld.ui.swing.JMHighlightPainter,org.jmeld.ui.swing.JMHighlightPainter.<init>,0.26805847663821186,0.2680584766382118
M,D,REC_CATCH_EXCEPTION,org.jmeld.vc.util.VcCmd,NO_FIELD,_execute([Ljava/lang/String;)Lorg/jmeld/util/Result;,83,83,0,0.0,1.0,1.0,1.0000000000000002,REC,org.jmeld.vc.util,org.jmeld.vc.util.VcCmd,org.jmeld.vc.util.VcCmd._execute,0.23079780742087921,0.23079780742087927
L,B,OS_OPEN_STREAM_EXCEPTION_PATH,org.jmeld.vc.util.VcCmd,NO_FIELD,_execute([Ljava/lang/String;)Lorg/jmeld/util/Result;,72,72,0,0.0,1.0,1.0,1.0,OS,org.jmeld.vc.util,org.jmeld.vc.util.VcCmd,org.jmeld.vc.util.VcCmd._execute,0.23079780742087921,0.23079780742087921
H,I,DM_DEFAULT_ENCODING,org.jmeld.vc.util.VcCmd,NO_FIELD,_execute([Ljava/lang/String;)Lorg/jmeld/util/Result;,72,72,0,0.0,1.0,1.0,1.0,Dm,org.jmeld.vc.util,org.jmeld.vc.util.VcCmd,org.jmeld.vc.util.VcCmd._execute,0.23079780742087921,0.23079780742087921
L,B,OS_OPEN_STREAM_EXCEPTION_PATH,org.jmeld.vc.util.VcCmd,NO_FIELD,_execute([Ljava/lang/String;)Lorg/jmeld/util/Result;,61,61,0,0.0,1.0,1.0,0.9999999999999998,OS,org.jmeld.vc.util,org.jmeld.vc.util.VcCmd,org.jmeld.vc.util.VcCmd._execute,0.23079780742087921,0.23079780742087916
M,V,EI_EXPOSE_REP2,org.jmeld.ui.BufferDiffPanel,diffNode,setDiffNode(Lorg/jmeld/util/node/JMDiffNode;)V,103,103,0,0.0,1.0,1.0,1.0,EI2,org.jmeld.ui,org.jmeld.ui.BufferDiffPanel,org.jmeld.ui.BufferDiffPanel.setDiffNode,0.21639095573897008,0.21639095573897008
M,V,EI_EXPOSE_REP,org.jmeld.vc.util.VcCmd,result,getResult()Lorg/jmeld/util/Result;,101,101,0,0.0,1.0,0.9999999999999998,1.0000000000000002,EI,org.jmeld.vc.util,org.jmeld.vc.util.VcCmd,org.jmeld.vc.util.VcCmd.getResult,0.21598244601151936,0.21598244601151942
L,D,REC_CATCH_EXCEPTION,org.jmeld.vc.svn.SvnXmlCmd,NO_FIELD,build([B)V,24,24,0,0.0,1.0,1.0,1.0000000000000002,REC,org.jmeld.vc.svn,org.jmeld.vc.svn.SvnXmlCmd,org.jmeld.vc.svn.SvnXmlCmd.build,0.21250292108265634,0.2125029210826564
H,B,DMI_RANDOM_USED_ONLY_ONCE,org.apache.commons.jrcs.diff.Diff,NO_FIELD,randomEdit([Ljava/lang/Object;J)[Ljava/lang/Object;,287,287,1,0.0,1.0,1.0,1.0,DMI,org.apache.commons.jrcs.diff,org.apache.commons.jrcs.diff.Diff,org.apache.commons.jrcs.diff.Diff.randomEdit,0.20464131396025495,0.20464131396025495
L,V,MC_OVERRIDABLE_METHOD_CALL_IN_CONSTRUCTOR,org.apache.commons.jrcs.diff.Diff,NO_FIELD,<init>([Ljava/lang/Object;Lorg/apache/commons/jrcs/diff/DiffAlgorithm;)V,143,143,1,0.0,1.0,1.0,1.0,MC,org.apache.commons.jrcs.diff,org.apache.commons.jrcs.diff.Diff,org.apache.commons.jrcs.diff.Diff.<init>,0.20464131396025495,0.20464131396025495
M,V,EI_EXPOSE_REP2,org.apache.commons.jrcs.diff.Diff,orig,<init>([Ljava/lang/Object;Lorg/apache/commons/jrcs/diff/DiffAlgorithm;)V,136,136,0,0.0,1.0,0.8768428745775958,1.0,EI2,org.apache.commons.jrcs.diff,org.apache.commons.jrcs.diff.Diff,org.apache.commons.jrcs.diff.Diff.<init>,0.20464131396025495,0.20464131396025495
H,I,DM_DEFAULT_ENCODING,org.jmeld.vc.git.StatusCmd,NO_FIELD,build([B)V,89,89,0,0.0,0.0,0.7778339934144674,0.7618379199285749,Dm,org.jmeld.vc.git,org.jmeld.vc.git.StatusCmd,org.jmeld.vc.git.StatusCmd.build,0.2550297707849687,0.19429135009468176
H,B,DMI_RANDOM_USED_ONLY_ONCE,org.apache.commons.jrcs.diff.Diff,NO_FIELD,randomEdit([Ljava/lang/Object;J)[Ljava/lang/Object;,283,283,0,0.0,0.0,0.6431493725695228,0.9166883668734712,DMI,org.apache.commons.jrcs.diff,org.apache.commons.jrcs.diff.Diff,org.apache.commons.jrcs.diff.Diff.randomEdit,0.20464131396025495,0.1875923118890674
L,D,DLS_DEAD_LOCAL_STORE,org.jmeld.ui.FolderDiffPanel,NO_FIELD,filter(Lorg/jmeld/util/node/JMDiffNode;)Lorg/jdesktop/swingx/treetable/TreeTableNode;,277,277,0,0.0,1.0,0.54404033650357,1.0000000000000002,DLS,org.jmeld.ui,org.jmeld.ui.FolderDiffPanel,org.jmeld.ui.FolderDiffPanel.filter,0.18553613752712497,0.185536137527125
M,V,EI_EXPOSE_REP,org.jmeld.util.node.VersionControlBaseNode,document,getDocument()Lorg/jmeld/ui/text/VersionControlBaseDocument;,63,63,0,0.0,1.0,1.0,1.0000000000000002,EI,org.jmeld.util.node,org.jmeld.util.node.VersionControlBaseNode,org.jmeld.util.node.VersionControlBaseNode.getDocument,0.17231406853374245,0.17231406853374248
M,V,EI_EXPOSE_REP2,org.jmeld.ui.text.VersionControlBaseDocument,versionControl,<init>(Lorg/jmeld/vc/VersionControlIF;Lorg/jmeld/vc/StatusResult$Entry;Lorg/jmeld/util/node/FileNode;Ljava/io/File;)V,40,40,0,0.0,1.0,0.7751512980722677,1.0,EI2,org.jmeld.ui.text,org.jmeld.ui.text.VersionControlBaseDocument,org.jmeld.ui.text.VersionControlBaseDocument.<init>,0.16284176667079053,0.16284176667079053
M,V,EI_EXPOSE_REP2,org.jmeld.ui.text.VersionControlBaseDocument,fileNode,<init>(Lorg/jmeld/vc/VersionControlIF;Lorg/jmeld/vc/StatusResult$Entry;Lorg/jmeld/util/node/FileNode;Ljava/io/File;)V,42,42,0,0.0,1.0,1.0,1.0,EI2,org.jmeld.ui.text,org.jmeld.ui.text.VersionControlBaseDocument,org.jmeld.ui.text.VersionControlBaseDocument.<init>,0.16284176667079053,0.16284176667079053
M,V,EI_EXPOSE_REP2,org.jmeld.util.node.VersionControlBaseNode,versionControl,<init>(Lorg/jmeld/vc/VersionControlIF;Lorg/jmeld/vc/StatusResult$Entry;Lorg/jmeld/util/node/FileNode;Ljava/io/File;)V,35,35,0,0.0,1.0,0.7751512980722677,1.0,EI2,org.jmeld.util.node,org.jmeld.util.node.VersionControlBaseNode,org.jmeld.util.node.VersionControlBaseNode.<init>,0.14748349132780955,0.14748349132780955
M,V,EI_EXPOSE_REP2,org.jmeld.util.node.VersionControlBaseNode,fileNode,<init>(Lorg/jmeld/vc/VersionControlIF;Lorg/jmeld/vc/StatusResult$Entry;Lorg/jmeld/util/node/FileNode;Ljava/io/File;)V,38,38,0,0.0,1.0,1.0,1.0,EI2,org.jmeld.util.node,org.jmeld.util.node.VersionControlBaseNode,org.jmeld.util.node.VersionControlBaseNode.<init>,0.14748349132780955,0.14748349132780955
M,V,EI_EXPOSE_REP,org.jmeld.util.file.VersionControlDiff,rootNode,getRootNode()Lorg/jmeld/util/node/JMDiffNode;,52,52,0,0.0,1.0,1.0000000000000002,1.0000000000000002,EI,org.jmeld.util.file,org.jmeld.util.file.VersionControlDiff,org.jmeld.util.file.VersionControlDiff.getRootNode,0.13770250481321647,0.1377025048132165
L,D,UWF_FIELD_NOT_INITIALIZED_IN_CONSTRUCTOR,org.jmeld.vc.util.VcCmd,result,printError()V,94,94,0,0.0,1.0,1.0,1.0,UwF,org.jmeld.vc.util,org.jmeld.vc.util.VcCmd,org.jmeld.vc.util.VcCmd.printError,0.12802113587403702,0.12802113587403702
M,V,MS_EXPOSE_REP,org.jmeld.JMeld,jmeldPanel,getJMeldPanel()Lorg/jmeld/ui/JMeldPanel;,43,43,0,0.0,1.0,0.7626337946396954,1.0000000000000002,MS,org.jmeld,org.jmeld.JMeld,org.jmeld.JMeld.getJMeldPanel,0.12153215940176228,0.1215321594017623
L,B,SW_SWING_METHODS_INVOKED_IN_SWING_THREAD,org.jmeld.ui.JMeldComponent,NO_FIELD,main([Ljava/lang/String;)V,86,86,0,0.0,1.0,1.0,1.0000000000000002,SW,org.jmeld.ui,org.jmeld.ui.JMeldComponent,org.jmeld.ui.JMeldComponent.main,0.11011839125593705,0.11011839125593707
M,D,SF_SWITCH_NO_DEFAULT,org.jmeld.ui.PanelDialog,NO_FIELD,show()V,93,105,0,0.0,1.0,1.0,1.0000000000000002,SF,org.jmeld.ui,org.jmeld.ui.PanelDialog,org.jmeld.ui.PanelDialog.show,0.08093059965817606,0.08093059965817608
M,V,EI_EXPOSE_REP2,org.jmeld.ui.PanelDialog,meldPanel,<init>(Lorg/jmeld/ui/JMeldPanel;)V,75,75,0,0.0,1.0,1.0000000000000002,1.0,EI2,org.jmeld.ui,org.jmeld.ui.PanelDialog,org.jmeld.ui.PanelDialog.<init>,0.08093059965817606,0.08093059965817606
L,V,MC_OVERRIDABLE_METHOD_CALL_IN_CONSTRUCTOR,org.jmeld.ui.FolderDiffPanel,NO_FIELD,<init>(Lorg/jmeld/ui/JMeldPanel;Lorg/jmeld/util/file/FolderDiff;)V,58,58,0,0.0,0.0,0.5157727822848734,0.7071067811865482,MC,org.jmeld.ui,org.jmeld.ui.FolderDiffPanel,org.jmeld.ui.FolderDiffPanel.<init>,0.08414755207986373,0.059501304695919875
H,I,DM_DEFAULT_ENCODING,org.jmeld.ui.tree.DiffTree,NO_FIELD,main([Ljava/lang/String;)V,124,124,0,0.0,0.0,0.8707193471149876,0.9440477964740568,Dm,org.jmeld.ui.tree,org.jmeld.ui.tree.DiffTree,org.jmeld.ui.tree.DiffTree.main,0.058029884393858165,0.054782984491666055
L,B,SW_SWING_METHODS_INVOKED_IN_SWING_THREAD,org.jmeld.ui.tree.DiffTree,NO_FIELD,main([Ljava/lang/String;)V,141,141,0,0.0,0.0,0.7113950151715757,0.8510298671056354,SW,org.jmeld.ui.tree,org.jmeld.ui.tree.DiffTree,org.jmeld.ui.tree.DiffTree.main,0.058029884393858165,0.0493851648038605
M,V,EI_EXPOSE_REP,org.jmeld.util.file.VersionControlDiff,versionControl,getVersionControl()Lorg/jmeld/vc/VersionControlIF;,64,64,0,0.0,1.0,0.7778433486569941,1.0000000000000002,EI,org.jmeld.util.file,org.jmeld.util.file.VersionControlDiff,org.jmeld.util.file.VersionControlDiff.getVersionControl,0.04833421471190645,0.048334214711906465
M,V,EI_EXPOSE_REP2,org.jmeld.util.file.VersionControlDiff,versionControl,setVersionControl(Lorg/jmeld/vc/VersionControlIF;)V,68,68,0,0.0,1.0,0.7751512980722677,1.0,EI2,org.jmeld.util.file,org.jmeld.util.file.VersionControlDiff,org.jmeld.util.file.VersionControlDiff.setVersionControl,0.04833421471190645,0.04833421471190645
L,P,SIC_INNER_SHOULD_BE_STATIC_ANON,org.jmeld.ui.VersionControlPanel,NO_FIELD,init()V,42,42,0,0.0,0.0,0.2842609457885064,0.3231595917844331,SIC,org.jmeld.ui,org.jmeld.ui.VersionControlPanel,org.jmeld.ui.VersionControlPanel.init,0.14189813161067383,0.045855742286279116
M,V,EI_EXPOSE_REP2,org.jmeld.diff.JMDelta,revised,<init>(Lorg/jmeld/diff/JMChunk;Lorg/jmeld/diff/JMChunk;)V,36,36,0,0.0,1.0,0.8768428745775958,1.0,EI2,org.jmeld.diff,org.jmeld.diff.JMDelta,org.jmeld.diff.JMDelta.<init>,0.037516065954609816,0.037516065954609816
M,V,EI_EXPOSE_REP2,org.jmeld.diff.JMDelta,original,<init>(Lorg/jmeld/diff/JMChunk;Lorg/jmeld/diff/JMChunk;)V,35,35,0,0.0,1.0,0.8768428745775958,1.0,EI2,org.jmeld.diff,org.jmeld.diff.JMDelta,org.jmeld.diff.JMDelta.<init>,0.037516065954609816,0.037516065954609816
M,V,EI_EXPOSE_REP2,org.jmeld.ui.VersionControlPanel,diff,<init>(Lorg/jmeld/ui/JMeldPanel;Lorg/jmeld/util/file/VersionControlDiff;)V,34,34,0,0.0,1.0,0.8768428745775958,1.0,EI2,org.jmeld.ui,org.jmeld.ui.VersionControlPanel,org.jmeld.ui.VersionControlPanel.<init>,0.03645082794179402,0.03645082794179402
M,V,EI_EXPOSE_REP2,org.jmeld.ui.VersionControlPanel,mainPanel,<init>(Lorg/jmeld/ui/JMeldPanel;Lorg/jmeld/util/file/VersionControlDiff;)V,33,33,0,0.0,1.0,1.0000000000000002,1.0,EI2,org.jmeld.ui,org.jmeld.ui.VersionControlPanel,org.jmeld.ui.VersionControlPanel.<init>,0.03645082794179402,0.03645082794179402
M,V,EI_EXPOSE_REP,org.jmeld.diff.JMDelta,changeRevision,getChangeRevision()Lorg/jmeld/diff/JMRevision;,74,74,0,0.0,1.0,0.8790200301200525,1.0000000000000002,EI,org.jmeld.diff,org.jmeld.diff.JMDelta,org.jmeld.diff.JMDelta.getChangeRevision,0.036124255983064596,0.0361242559830646
M,V,EI_EXPOSE_REP,org.jmeld.diff.JMDelta,original,getOriginal()Lorg/jmeld/diff/JMChunk;,46,46,0,0.0,1.0,0.8790200301200525,1.0000000000000002,EI,org.jmeld.diff,org.jmeld.diff.JMDelta,org.jmeld.diff.JMDelta.getOriginal,0.036124255983064596,0.0361242559830646
M,V,EI_EXPOSE_REP,org.jmeld.diff.JMDelta,revised,getRevised()Lorg/jmeld/diff/JMChunk;,50,50,0,0.0,1.0,0.8790200301200525,1.0000000000000002,EI,org.jmeld.diff,org.jmeld.diff.JMDelta,org.jmeld.diff.JMDelta.getRevised,0.036124255983064596,0.0361242559830646
M,D,SF_SWITCH_NO_DEFAULT,org.jmeld.util.file.VersionControlDiff,NO_FIELD,diff()V,97,119,0,0.0,0.0,0.23731083560479485,0.3669552521838475,SF,org.jmeld.util.file,org.jmeld.util.file.VersionControlDiff,org.jmeld.util.file.VersionControlDiff.diff,0.09459291703890024,0.034711367726815406
L,V,MC_OVERRIDABLE_METHOD_CALL_IN_CONSTRUCTOR,org.jmeld.util.file.VersionControlDiff,NO_FIELD,<init>(Ljava/io/File;Lorg/jmeld/util/file/FolderDiff$Mode;)V,39,39,0,0.0,0.0,0.4684490858477382,0.6836098231387288,MC,org.jmeld.util.file,org.jmeld.util.file.VersionControlDiff,org.jmeld.util.file.VersionControlDiff.<init>,0.04833421471190645,0.03304174397075571
L,P,SIC_INNER_SHOULD_BE_STATIC_ANON,org.jmeld.vc.git.StatusCmd,NO_FIELD,execute()Lorg/jmeld/util/Result;,40,40,0,0.0,0.0,0.2098377864297193,0.27483133549628297,SIC,org.jmeld.vc.git,org.jmeld.vc.git.StatusCmd,org.jmeld.vc.git.StatusCmd.execute,0.10704307394119346,0.029418790966885565
M,V,EI_EXPOSE_REP,org.jmeld.ui.BufferDiffPanel,selectedDelta,getSelectedDelta()Lorg/jmeld/diff/JMDelta;,1119,1119,0,0.0,1.0,0.7740624741255572,1.0000000000000002,EI,org.jmeld.ui,org.jmeld.ui.BufferDiffPanel,org.jmeld.ui.BufferDiffPanel.getSelectedDelta,0.0275020668500812,0.027502066850081205
M,D,DLS_DEAD_LOCAL_STORE,org.jmeld.ui.BufferDiffPanel,NO_FIELD,runDelete(II)V,839,839,0,0.0,1.0,0.7995150798568379,1.0,DLS,org.jmeld.ui,org.jmeld.ui.BufferDiffPanel,org.jmeld.ui.BufferDiffPanel.runDelete,0.0275020668500812,0.0275020668500812
M,V,EI_EXPOSE_REP,org.jmeld.ui.BufferDiffPanel,currentRevision,getCurrentRevision()Lorg/jmeld/diff/JMRevision;,502,502,0,0.0,1.0,0.8790200301200525,1.0000000000000002,EI,org.jmeld.ui,org.jmeld.ui.BufferDiffPanel,org.jmeld.ui.BufferDiffPanel.getCurrentRevision,0.027316492187208503,0.02731649218720851
L,V,MC_OVERRIDABLE_METHOD_CALL_IN_CONSTRUCTOR,org.jmeld.ui.BufferDiffPanel,NO_FIELD,<init>(Lorg/jmeld/ui/JMeldPanel;)V,78,78,0,0.0,1.0,1.0,0.9999999999999998,MC,org.jmeld.ui,org.jmeld.ui.BufferDiffPanel,org.jmeld.ui.BufferDiffPanel.<init>,0.027007201082420676,0.02700720108242067
M,V,EI_EXPOSE_REP,org.jmeld.ui.BufferDiffPanel,diffNode,getDiffNode()Lorg/jmeld/util/node/JMDiffNode;,108,108,0,0.0,1.0,1.0000000000000002,1.0000000000000002,EI,org.jmeld.ui,org.jmeld.ui.BufferDiffPanel,org.jmeld.ui.BufferDiffPanel.getDiffNode,0.026976271971941895,0.0269762719719419
L,V,MC_OVERRIDABLE_METHOD_CALL_IN_CONSTRUCTOR,org.jmeld.diff.JMDelta,NO_FIELD,<init>(Lorg/jmeld/diff/JMChunk;Lorg/jmeld/diff/JMChunk;)V,38,38,0,0.0,0.0,0.5157727822848734,0.7071067811865482,MC,org.jmeld.diff,org.jmeld.diff.JMDelta,org.jmeld.diff.JMDelta.<init>,0.037516065954609816,0.026527864639946396
L,D,UWF_FIELD_NOT_INITIALIZED_IN_CONSTRUCTOR,org.jmeld.ui.VersionControlFolderDiffPanel,revisionComboBox,init()V,47,47,0,0.0,1.0,1.0,1.0000000000000002,UwF,org.jmeld.ui,org.jmeld.ui.VersionControlFolderDiffPanel,org.jmeld.ui.VersionControlFolderDiffPanel.init,0.02479976883972925,0.024799768839729258
L,D,UWF_FIELD_NOT_INITIALIZED_IN_CONSTRUCTOR,org.jmeld.ui.VersionControlFolderDiffPanel,revisionComboBox,initActions()V,55,55,0,0.0,1.0,1.0,0.9999999999999998,UwF,org.jmeld.ui,org.jmeld.ui.VersionControlFolderDiffPanel,org.jmeld.ui.VersionControlFolderDiffPanel.initActions,0.02479976883972925,0.024799768839729244
H,B,DMI_RANDOM_USED_ONLY_ONCE,org.apache.commons.jrcs.diff.Diff,NO_FIELD,randomSequence(IJ)[Ljava/lang/Object;,354,354,0,0.0,0.0,0.09285160781049992,0.2260734716399,DMI,org.apache.commons.jrcs.diff,org.apache.commons.jrcs.diff.Diff,org.apache.commons.jrcs.diff.Diff.randomSequence,0.08519686951581051,0.01926075206429085
L,P,SIC_INNER_SHOULD_BE_STATIC_ANON,org.jmeld.ui.BufferDiffPanel,levensteinGraphTable,buildLevenstheinTable()Ljavax/swing/JComponent;,369,369,0,0.0,0.0,0.1676790700677083,0.18329638183600744,SIC,org.jmeld.ui,org.jmeld.ui.BufferDiffPanel,org.jmeld.ui.BufferDiffPanel.buildLevenstheinTable,0.0775020668500812,0.014205848438432258
M,V,EI_EXPOSE_REP2,org.jmeld.util.file.cmd.CopyFileCmd,diffNode,<init>(Lorg/jmeld/util/node/JMDiffNode;Lorg/jmeld/util/node/FileNode;Lorg/jmeld/util/node/FileNode;)V,20,20,0,0.0,1.0,1.0,1.0,EI2,org.jmeld.util.file.cmd,org.jmeld.util.file.cmd.CopyFileCmd,org.jmeld.util.file.cmd.CopyFileCmd.<init>,0.013918099715452183,0.013918099715452183
M,V,EI_EXPOSE_REP2,org.jmeld.util.file.cmd.CopyFileCmd,fromFileNode,<init>(Lorg/jmeld/util/node/JMDiffNode;Lorg/jmeld/util/node/FileNode;Lorg/jmeld/util/node/FileNode;)V,21,21,0,0.0,1.0,1.0,1.0,EI2,org.jmeld.util.file.cmd,org.jmeld.util.file.cmd.CopyFileCmd,org.jmeld.util.file.cmd.CopyFileCmd.<init>,0.013918099715452183,0.013918099715452183
M,V,EI_EXPOSE_REP2,org.jmeld.util.file.cmd.CopyFileCmd,toFileNode,<init>(Lorg/jmeld/util/node/JMDiffNode;Lorg/jmeld/util/node/FileNode;Lorg/jmeld/util/node/FileNode;)V,22,22,0,0.0,1.0,1.0,1.0,EI2,org.jmeld.util.file.cmd,org.jmeld.util.file.cmd.CopyFileCmd,org.jmeld.util.file.cmd.CopyFileCmd.<init>,0.013918099715452183,0.013918099715452183
M,V,EI_EXPOSE_REP,org.apache.jmeld.tools.ant.DirectoryScanner,filesIncludedMap,getIncludedFilesMap()Ljava/util/Map;,1181,1181,0,0.0,1.0,0.8790200301200525,1.0000000000000002,EI,org.apache.jmeld.tools.ant,org.apache.jmeld.tools.ant.DirectoryScanner,org.apache.jmeld.tools.ant.DirectoryScanner.getIncludedFilesMap,0.011134479772361747,0.011134479772361748
M,V,EI_EXPOSE_REP,org.apache.jmeld.tools.ant.DirectoryScanner,dirsIncludedMap,getIncludedDirectoriesMap()Ljava/util/Map;,1259,1259,0,0.0,1.0,0.8790200301200525,1.0000000000000002,EI,org.apache.jmeld.tools.ant,org.apache.jmeld.tools.ant.DirectoryScanner,org.apache.jmeld.tools.ant.DirectoryScanner.getIncludedDirectoriesMap,0.011134479772361747,0.011134479772361748
M,V,EI_EXPOSE_REP,org.apache.jmeld.tools.ant.DirectoryScanner,filesExcluded,getExcludedFiles()Ljava/util/List;,1223,1223,0,0.0,1.0,1.0000000000000002,1.0000000000000002,EI,org.apache.jmeld.tools.ant,org.apache.jmeld.tools.ant.DirectoryScanner,org.apache.jmeld.tools.ant.DirectoryScanner.getExcludedFiles,0.011134479772361747,0.011134479772361748
M,V,EI_EXPOSE_REP,org.apache.jmeld.tools.ant.DirectoryScanner,filesIncluded,getIncludedFiles()Ljava/util/List;,1177,1177,0,0.0,1.0,1.0000000000000002,1.0000000000000002,EI,org.apache.jmeld.tools.ant,org.apache.jmeld.tools.ant.DirectoryScanner,org.apache.jmeld.tools.ant.DirectoryScanner.getIncludedFiles,0.011134479772361747,0.011134479772361748
M,V,EI_EXPOSE_REP,org.apache.jmeld.tools.ant.DirectoryScanner,filesNotIncluded,getNotIncludedFiles()Ljava/util/List;,1208,1208,0,0.0,1.0,1.0000000000000002,1.0000000000000002,EI,org.apache.jmeld.tools.ant,org.apache.jmeld.tools.ant.DirectoryScanner,org.apache.jmeld.tools.ant.DirectoryScanner.getNotIncludedFiles,0.011134479772361747,0.011134479772361748
M,V,EI_EXPOSE_REP,org.apache.jmeld.tools.ant.DirectoryScanner,dirsNotIncluded,getNotIncludedDirectories()Ljava/util/List;,1286,1286,0,0.0,1.0,1.0000000000000002,1.0000000000000002,EI,org.apache.jmeld.tools.ant,org.apache.jmeld.tools.ant.DirectoryScanner,org.apache.jmeld.tools.ant.DirectoryScanner.getNotIncludedDirectories,0.011134479772361747,0.011134479772361748
M,V,EI_EXPOSE_REP,org.apache.jmeld.tools.ant.DirectoryScanner,dirsExcluded,getExcludedDirectories()Ljava/util/List;,1301,1301,0,0.0,1.0,1.0000000000000002,1.0000000000000002,EI,org.apache.jmeld.tools.ant,org.apache.jmeld.tools.ant.DirectoryScanner,org.apache.jmeld.tools.ant.DirectoryScanner.getExcludedDirectories,0.011134479772361747,0.011134479772361748
M,V,EI_EXPOSE_REP,org.apache.jmeld.tools.ant.DirectoryScanner,dirsIncluded,getIncludedDirectories()Ljava/util/List;,1255,1255,0,0.0,1.0,1.0000000000000002,1.0000000000000002,EI,org.apache.jmeld.tools.ant,org.apache.jmeld.tools.ant.DirectoryScanner,org.apache.jmeld.tools.ant.DirectoryScanner.getIncludedDirectories,0.011134479772361747,0.011134479772361748
M,V,EI_EXPOSE_REP2,org.apache.jmeld.tools.ant.DirectoryScanner,selectors,setSelectors([Lorg/apache/jmeld/tools/ant/types/selectors/FileSelector;)V,618,618,0,0.0,1.0,0.8768428745775958,1.0,EI2,org.apache.jmeld.tools.ant,org.apache.jmeld.tools.ant.DirectoryScanner,org.apache.jmeld.tools.ant.DirectoryScanner.setSelectors,0.011134479772361747,0.011134479772361747
M,V,EI_EXPOSE_REP2,org.jmeld.util.file.cmd.RemoveFileCmd,diffNode,<init>(Lorg/jmeld/util/node/JMDiffNode;Lorg/jmeld/util/node/FileNode;)V,18,18,0,0.0,1.0,1.0,1.0,EI2,org.jmeld.util.file.cmd,org.jmeld.util.file.cmd.RemoveFileCmd,org.jmeld.util.file.cmd.RemoveFileCmd.<init>,0.00835085982927131,0.00835085982927131
M,V,EI_EXPOSE_REP2,org.jmeld.util.file.cmd.RemoveFileCmd,fileNode,<init>(Lorg/jmeld/util/node/JMDiffNode;Lorg/jmeld/util/node/FileNode;)V,19,19,0,0.0,1.0,1.0,1.0,EI2,org.jmeld.util.file.cmd,org.jmeld.util.file.cmd.RemoveFileCmd,org.jmeld.util.file.cmd.RemoveFileCmd.<init>,0.00835085982927131,0.00835085982927131
M,V,EI_EXPOSE_REP,org.jmeld.ui.VersionControlFolderDiffPanel,revisionComboBox,getRevisionComboBox()Ljavax/swing/JComboBox;,36,36,0,0.0,1.0,0.7795658919996115,1.0000000000000002,EI,org.jmeld.ui,org.jmeld.ui.VersionControlFolderDiffPanel,org.jmeld.ui.VersionControlFolderDiffPanel.getRevisionComboBox,0.008117637617823192,0.008117637617823194
M,V,EI_EXPOSE_REP,org.jmeld.ui.JMeldPanel,tabbedPane,getTabbedPane()Lcom/jidesoft/swing/JideTabbedPane;,90,90,0,0.0,1.0,0.8790200301200525,1.0000000000000002,EI,org.jmeld.ui,org.jmeld.ui.JMeldPanel,org.jmeld.ui.JMeldPanel.getTabbedPane,0.007670419398738092,0.007670419398738094
H,I,DM_DEFAULT_ENCODING,org.apache.jmeld.tools.ant.util.FileUtils,NO_FIELD,textEquals(Ljava/io/File;Ljava/io/File;)Z,611,611,0,0.0,0.0,0.7922707558476306,0.9390348206998994,Dm,org.apache.jmeld.tools.ant.util,org.apache.jmeld.tools.ant.util.FileUtils,org.apache.jmeld.tools.ant.util.FileUtils.textEquals,0.006959049857726092,0.006534790135391481
M,V,MS_EXPOSE_REP,org.apache.jmeld.tools.ant.util.FileUtils,PRIMARY_INSTANCE,getFileUtils()Lorg/apache/jmeld/tools/ant/util/FileUtils;,122,122,0,0.0,1.0,0.8717589862077267,1.0000000000000002,MS,org.apache.jmeld.tools.ant.util,org.apache.jmeld.tools.ant.util.FileUtils,org.apache.jmeld.tools.ant.util.FileUtils.getFileUtils,0.0062631448719534825,0.006263144871953484
M,V,EI_EXPOSE_REP2,org.jmeld.ui.ScrollSynchronizer,filePanelLeft,<init>(Lorg/jmeld/ui/BufferDiffPanel;Lorg/jmeld/ui/FilePanel;Lorg/jmeld/ui/FilePanel;)V,44,44,0,0.0,1.0,0.8768428745775958,1.0,EI2,org.jmeld.ui,org.jmeld.ui.ScrollSynchronizer,org.jmeld.ui.ScrollSynchronizer.<init>,0.0062631448719534825,0.0062631448719534825
M,V,EI_EXPOSE_REP2,org.jmeld.ui.ScrollSynchronizer,filePanelRight,<init>(Lorg/jmeld/ui/BufferDiffPanel;Lorg/jmeld/ui/FilePanel;Lorg/jmeld/ui/FilePanel;)V,45,45,0,0.0,1.0,0.8768428745775958,1.0,EI2,org.jmeld.ui,org.jmeld.ui.ScrollSynchronizer,org.jmeld.ui.ScrollSynchronizer.<init>,0.0062631448719534825,0.0062631448719534825
M,V,EI_EXPOSE_REP2,org.jmeld.diff.JMRevision,orgArray,<init>([Ljava/lang/Object;[Ljava/lang/Object;)V,36,36,0,0.0,1.0,0.8768428745775958,1.0,EI2,org.jmeld.diff,org.jmeld.diff.JMRevision,org.jmeld.diff.JMRevision.<init>,0.0062631448719534825,0.0062631448719534825
M,V,EI_EXPOSE_REP2,org.jmeld.diff.JMRevision,orgArray,update([Ljava/lang/Object;[Ljava/lang/Object;)V,62,62,0,0.0,1.0,0.8768428745775958,1.0,EI2,org.jmeld.diff,org.jmeld.diff.JMRevision,org.jmeld.diff.JMRevision.update,0.0062631448719534825,0.0062631448719534825
M,V,EI_EXPOSE_REP2,org.jmeld.diff.JMRevision,revArray,update([Ljava/lang/Object;[Ljava/lang/Object;)V,63,63,0,0.0,1.0,0.8768428745775958,1.0,EI2,org.jmeld.diff,org.jmeld.diff.JMRevision,org.jmeld.diff.JMRevision.update,0.0062631448719534825,0.0062631448719534825
M,V,EI_EXPOSE_REP2,org.jmeld.ui.ScrollSynchronizer,diffPanel,<init>(Lorg/jmeld/ui/BufferDiffPanel;Lorg/jmeld/ui/FilePanel;Lorg/jmeld/ui/FilePanel;)V,43,43,0,0.0,1.0,0.9999999999999998,1.0,EI2,org.jmeld.ui,org.jmeld.ui.ScrollSynchronizer,org.jmeld.ui.ScrollSynchronizer.<init>,0.0062631448719534825,0.0062631448719534825
M,V,EI_EXPOSE_REP2,org.jmeld.diff.JMRevision,revArray,<init>([Ljava/lang/Object;[Ljava/lang/Object;)V,37,37,0,0.0,1.0,0.8768428745775958,1.0,EI2,org.jmeld.diff,org.jmeld.diff.JMRevision,org.jmeld.diff.JMRevision.<init>,0.0062631448719534825,0.0062631448719534825
L,D,REC_CATCH_EXCEPTION,org.jmeld.ui.action.MeldAction,NO_FIELD,initMethods()V,55,55,0,0.0,1.0,1.0,1.0000000000000002,REC,org.jmeld.ui.action,org.jmeld.ui.action.MeldAction,org.jmeld.ui.action.MeldAction.initMethods,0.0057837436595323515,0.005783743659532352
L,V,MC_OVERRIDABLE_METHOD_CALL_IN_CONSTRUCTOR,org.jmeld.ui.diffbar.DiffScrollComponent,NO_FIELD,<init>(Lorg/jmeld/ui/BufferDiffPanel;II)V,62,62,0,0.0,1.0,1.0,1.0000000000000002,MC,org.jmeld.ui.diffbar,org.jmeld.ui.diffbar.DiffScrollComponent,org.jmeld.ui.diffbar.DiffScrollComponent.<init>,0.005613633551899047,0.005613633551899048
M,V,EI_EXPOSE_REP2,org.jmeld.ui.diffbar.DiffScrollComponent,diffPanel,<init>(Lorg/jmeld/ui/BufferDiffPanel;II)V,58,58,0,0.0,1.0,0.9999999999999998,1.0,EI2,org.jmeld.ui.diffbar,org.jmeld.ui.diffbar.DiffScrollComponent,org.jmeld.ui.diffbar.DiffScrollComponent.<init>,0.005613633551899047,0.005613633551899047
L,V,MC_OVERRIDABLE_METHOD_CALL_IN_CONSTRUCTOR,org.jmeld.ui.diffbar.DiffScrollComponent,NO_FIELD,<init>(Lorg/jmeld/ui/BufferDiffPanel;II)V,67,67,0,0.0,1.0,1.0000000000000002,1.0,MC,org.jmeld.ui.diffbar,org.jmeld.ui.diffbar.DiffScrollComponent,org.jmeld.ui.diffbar.DiffScrollComponent.<init>,0.005613633551899047,0.005613633551899047
L,V,MC_OVERRIDABLE_METHOD_CALL_IN_CONSTRUCTOR,org.jmeld.ui.diffbar.DiffScrollComponent,NO_FIELD,<init>(Lorg/jmeld/ui/BufferDiffPanel;II)V,69,69,0,0.0,1.0,1.0,0.9999999999999998,MC,org.jmeld.ui.diffbar,org.jmeld.ui.diffbar.DiffScrollComponent,org.jmeld.ui.diffbar.DiffScrollComponent.<init>,0.005613633551899047,0.005613633551899046
M,V,EI_EXPOSE_REP,org.jmeld.util.node.JMDiffNode,revision,getRevision()Lorg/jmeld/diff/JMRevision;,306,306,0,0.0,1.0,0.8790200301200525,1.0000000000000002,EI,org.jmeld.util.node,org.jmeld.util.node.JMDiffNode,org.jmeld.util.node.JMDiffNode.getRevision,0.005567239886180873,0.005567239886180874
M,V,EI_EXPOSE_REP,org.jmeld.diff.JMRevision,deltaList,getDeltas()Ljava/util/List;,57,57,0,0.0,1.0,0.8790200301200525,1.0000000000000002,EI,org.jmeld.diff,org.jmeld.diff.JMRevision,org.jmeld.diff.JMRevision.getDeltas,0.005567239886180873,0.005567239886180874
M,V,EI_EXPOSE_REP,org.jmeld.util.node.JMDiffNode,children,getChildren()Ljava/util/List;,121,121,0,0.0,1.0,1.0000000000000002,1.0000000000000002,EI,org.jmeld.util.node,org.jmeld.util.node.JMDiffNode,org.jmeld.util.node.JMDiffNode.getChildren,0.005567239886180873,0.005567239886180874
M,V,EI_EXPOSE_REP,org.jmeld.util.node.JMDiffNode,parent,getParent()Lorg/jmeld/util/node/JMDiffNode;,151,151,0,0.0,1.0,1.0000000000000002,1.0000000000000002,EI,org.jmeld.util.node,org.jmeld.util.node.JMDiffNode,org.jmeld.util.node.JMDiffNode.getParent,0.005567239886180873,0.005567239886180874
L,D,BC_UNCONFIRMED_CAST,org.jmeld.ui.util.TabIcon,NO_FIELD,paintIcon(Ljava/awt/Component;Ljava/awt/Graphics;II)V,161,161,0,0.0,1.0,1.0000000000000002,1.0000000000000002,BC,org.jmeld.ui.util,org.jmeld.ui.util.TabIcon,org.jmeld.ui.util.TabIcon.paintIcon,0.005567239886180873,0.005567239886180874
L,D,BC_UNCONFIRMED_CAST,org.jmeld.ui.util.TabIcon,NO_FIELD,paintIcon(Ljava/awt/Component;Ljava/awt/Graphics;II)V,167,167,0,0.0,1.0,0.7253074495172462,1.0000000000000002,BC,org.jmeld.ui.util,org.jmeld.ui.util.TabIcon,org.jmeld.ui.util.TabIcon.paintIcon,0.005567239886180873,0.005567239886180874
L,B,OS_OPEN_STREAM_EXCEPTION_PATH,org.jmeld.util.file.FileUtil,NO_FIELD,copy2(Ljava/io/File;Ljava/io/File;)V,47,47,0,0.0,0.0,0.7590264105424633,0.9214747389714464,OS,org.jmeld.util.file,org.jmeld.util.file.FileUtil,org.jmeld.util.file.FileUtil.copy2,0.005567239886180873,0.005130070920909945
L,B,OS_OPEN_STREAM_EXCEPTION_PATH,org.jmeld.util.file.FileUtil,NO_FIELD,copy2(Ljava/io/File;Ljava/io/File;)V,48,48,0,0.0,0.0,0.7061356199162248,0.9214747389714464,OS,org.jmeld.util.file,org.jmeld.util.file.FileUtil,org.jmeld.util.file.FileUtil.copy2,0.005567239886180873,0.005130070920909945
L,B,OS_OPEN_STREAM_EXCEPTION_PATH,org.jmeld.util.JaxbPersister,NO_FIELD,save(Ljava/lang/Object;Ljava/io/File;)V,56,56,0,0.0,0.0,0.7061356199162248,0.9214747389714464,OS,org.jmeld.util,org.jmeld.util.JaxbPersister,org.jmeld.util.JaxbPersister.save,0.005567239886180873,0.005130070920909945
L,D,BC_UNCONFIRMED_CAST,org.jmeld.ui.diffbar.DiffScrollComponent,NO_FIELD,paintComponent(Ljava/awt/Graphics;)V,186,186,0,0.0,1.0,1.0000000000000002,1.0000000000000002,BC,org.jmeld.ui.diffbar,org.jmeld.ui.diffbar.DiffScrollComponent,org.jmeld.ui.diffbar.DiffScrollComponent.paintComponent,0.005103303228999134,0.005103303228999135
M,D,DLS_DEAD_LOCAL_STORE,org.jmeld.ui.diffbar.DiffScrollComponent,NO_FIELD,paintComponent(Ljava/awt/Graphics;)V,194,194,0,0.0,1.0,1.0,1.0000000000000002,DLS,org.jmeld.ui.diffbar,org.jmeld.ui.diffbar.DiffScrollComponent,org.jmeld.ui.diffbar.DiffScrollComponent.paintComponent,0.005103303228999134,0.005103303228999135
M,D,DLS_DEAD_LOCAL_STORE,org.jmeld.ui.diffbar.DiffScrollComponent,NO_FIELD,paintComponent(Ljava/awt/Graphics;)V,192,192,0,0.0,1.0,1.0,0.9999999999999998,DLS,org.jmeld.ui.diffbar,org.jmeld.ui.diffbar.DiffScrollComponent,org.jmeld.ui.diffbar.DiffScrollComponent.paintComponent,0.005103303228999134,0.005103303228999133
L,D,DLS_DEAD_LOCAL_STORE,org.jmeld.ui.util.TabIcon,NO_FIELD,paintIcon(Ljava/awt/Component;Ljava/awt/Graphics;II)V,222,222,0,0.0,0.0,0.5190193211727496,0.8896570631526908,DLS,org.jmeld.ui.util,org.jmeld.ui.util.TabIcon,org.jmeld.ui.util.TabIcon.paintIcon,0.005567239886180873,0.004952934287006197
M,V,EI_EXPOSE_REP,org.jdesktop.swingworker.SwingWorker,propertyChangeSupport,getPropertyChangeSupport()Ljava/beans/PropertyChangeSupport;,677,677,0,0.0,1.0,0.8790200301200525,1.0000000000000002,EI,org.jdesktop.swingworker,org.jdesktop.swingworker.SwingWorker,org.jdesktop.swingworker.SwingWorker.getPropertyChangeSupport,0.004871334900408264,0.004871334900408265
M,V,EI_EXPOSE_REP2,org.jmeld.ui.RevisionBar,filePanel,<init>(Lorg/jmeld/ui/BufferDiffPanel;Lorg/jmeld/ui/FilePanel;Z)V,45,45,0,0.0,1.0,0.8768428745775958,1.0,EI2,org.jmeld.ui,org.jmeld.ui.RevisionBar,org.jmeld.ui.RevisionBar.<init>,0.004871334900408264,0.004871334900408264
M,V,EI_EXPOSE_REP2,org.jmeld.ui.RevisionBar,diffPanel,<init>(Lorg/jmeld/ui/BufferDiffPanel;Lorg/jmeld/ui/FilePanel;Z)V,44,44,0,0.0,1.0,0.9999999999999998,1.0,EI2,org.jmeld.ui,org.jmeld.ui.RevisionBar,org.jmeld.ui.RevisionBar.<init>,0.004871334900408264,0.004871334900408264
L,D,DLS_DEAD_LOCAL_STORE,org.jmeld.ui.ScrollSynchronizer,NO_FIELD,getCurrentLineCenter(Lorg/jmeld/ui/FilePanel;)I,213,213,0,0.0,0.0,0.6825833118609012,0.8772426930018717,DLS,org.jmeld.ui,org.jmeld.ui.ScrollSynchronizer,org.jmeld.ui.ScrollSynchronizer.getCurrentLineCenter,0.004871334900408264,0.00427334294654815
M,V,EI_EXPOSE_REP,org.jmeld.ui.text.AbstractBufferDocument,lineArray,getLines()[Lorg/jmeld/ui/text/AbstractBufferDocument$Line;,95,95,0,0.0,1.0,0.8790200301200525,1.0000000000000002,EI,org.jmeld.ui.text,org.jmeld.ui.text.AbstractBufferDocument,org.jmeld.ui.text.AbstractBufferDocument.getLines,0.004175429914635655,0.004175429914635656
L,D,BC_UNCONFIRMED_CAST,org.jmeld.ui.RevisionBar,NO_FIELD,paintComponent(Ljava/awt/Graphics;)V,167,167,0,0.0,1.0,1.0000000000000002,1.0000000000000002,BC,org.jmeld.ui,org.jmeld.ui.RevisionBar,org.jmeld.ui.RevisionBar.paintComponent,0.004175429914635655,0.004175429914635656
M,V,EI_EXPOSE_REP,org.jmeld.ui.text.AbstractBufferDocument,document,getDocument()Ljavax/swing/text/PlainDocument;,85,85,0,0.0,1.0,0.8790200301200525,1.0000000000000002,EI,org.jmeld.ui.text,org.jmeld.ui.text.AbstractBufferDocument,org.jmeld.ui.text.AbstractBufferDocument.getDocument,0.004175429914635655,0.004175429914635656
L,D,BC_UNCONFIRMED_CAST,org.jmeld.ui.swing.LineNumberBorder,NO_FIELD,paintAfter(Ljava/awt/Graphics;II)V,92,92,0,0.0,1.0,1.0000000000000002,1.0000000000000002,BC,org.jmeld.ui.swing,org.jmeld.ui.swing.LineNumberBorder,org.jmeld.ui.swing.LineNumberBorder.paintAfter,0.004175429914635655,0.004175429914635656
M,V,EI_EXPOSE_REP,org.jmeld.ui.FilePanel,editor,getEditor()Ljavax/swing/JTextArea;,142,142,0,0.0,1.0,0.8790200301200525,1.0000000000000002,EI,org.jmeld.ui,org.jmeld.ui.FilePanel,org.jmeld.ui.FilePanel.getEditor,0.00398985525176296,0.003989855251762961
M,V,EI_EXPOSE_REP,org.jmeld.ui.FilePanel,bufferDocument,getBufferDocument()Lorg/jmeld/ui/text/BufferDocumentIF;,146,146,0,0.0,1.0,0.8790200301200525,1.0000000000000002,EI,org.jmeld.ui,org.jmeld.ui.FilePanel,org.jmeld.ui.FilePanel.getBufferDocument,0.00398985525176296,0.003989855251762961
M,V,EI_EXPOSE_REP,org.jmeld.ui.FilePanel,scrollPane,getScrollPane()Ljavax/swing/JScrollPane;,138,138,0,0.0,1.0,0.8790200301200525,1.0000000000000002,EI,org.jmeld.ui,org.jmeld.ui.FilePanel,org.jmeld.ui.FilePanel.getScrollPane,0.003804280588890264,0.003804280588890265
M,V,EI_EXPOSE_REP,org.jmeld.settings.JMeldSettings,editor,getEditor()Lorg/jmeld/settings/EditorSettings;,59,59,0,0.0,1.0,0.8790200301200525,1.0000000000000002,EI,org.jmeld.settings,org.jmeld.settings.JMeldSettings,org.jmeld.settings.JMeldSettings.getEditor,0.003479524928863046,0.0034795249288630467
M,V,EI_EXPOSE_REP,org.jmeld.settings.JMeldSettings,filter,getFilter()Lorg/jmeld/settings/FilterSettings;,64,64,0,0.0,1.0,0.8790200301200525,1.0000000000000002,EI,org.jmeld.settings,org.jmeld.settings.JMeldSettings,org.jmeld.settings.JMeldSettings.getFilter,0.003479524928863046,0.0034795249288630467
M,V,EI_EXPOSE_REP,org.jmeld.settings.JMeldSettings,folder,getFolder()Lorg/jmeld/settings/FolderSettings;,69,69,0,0.0,1.0,0.8790200301200525,1.0000000000000002,EI,org.jmeld.settings,org.jmeld.settings.JMeldSettings,org.jmeld.settings.JMeldSettings.getFolder,0.003479524928863046,0.0034795249288630467
M,V,EI_EXPOSE_REP2,org.jmeld.ui.swing.LineNumberBorder,filePanel,<init>(Lorg/jmeld/ui/FilePanel;)V,44,44,0,0.0,1.0,0.8768428745775958,1.0,EI2,org.jmeld.ui.swing,org.jmeld.ui.swing.LineNumberBorder,org.jmeld.ui.swing.LineNumberBorder.<init>,0.003479524928863046,0.003479524928863046
M,V,EI_EXPOSE_REP2,org.apache.jmeld.tools.ant.BuildException,cause,<init>(Ljava/lang/String;Ljava/lang/Throwable;)V,63,63,0,0.0,1.0,0.8768428745775958,1.0,EI2,org.apache.jmeld.tools.ant,org.apache.jmeld.tools.ant.BuildException,org.apache.jmeld.tools.ant.BuildException.<init>,0.003479524928863046,0.003479524928863046
M,V,EI_EXPOSE_REP2,org.apache.jmeld.tools.ant.BuildException,cause,<init>(Ljava/lang/Throwable;)V,75,75,0,0.0,1.0,0.8768428745775958,1.0,EI2,org.apache.jmeld.tools.ant,org.apache.jmeld.tools.ant.BuildException,org.apache.jmeld.tools.ant.BuildException.<init>,0.003479524928863046,0.003479524928863046
H,I,DM_DEFAULT_ENCODING,org.jmeld.util.JaxbPersister,NO_FIELD,save(Ljava/lang/Object;Ljava/io/OutputStream;)V,69,69,0,0.0,0.0,0.5664882059616618,0.6184931668359104,Dm,org.jmeld.util,org.jmeld.util.JaxbPersister,org.jmeld.util.JaxbPersister.save,0.005567239886180873,0.0034432998277392018
H,I,DM_DEFAULT_ENCODING,org.apache.commons.jrcs.tools.JDiff,NO_FIELD,loadFile(Ljava/lang/String;)[Ljava/lang/String;,82,82,0,0.0,0.0,0.8741311474445662,0.9440477964740568,Dm,org.apache.commons.jrcs.tools,org.apache.commons.jrcs.tools.JDiff,org.apache.commons.jrcs.tools.JDiff.loadFile,0.003479524928863046,0.0032848378418697077
M,D,DLS_DEAD_LOCAL_STORE,org.jmeld.ui.text.AbstractBufferDocument,NO_FIELD,documentChanged(Ljavax/swing/event/DocumentEvent;)V,491,491,0,0.0,0.0,0.6684276053844995,0.7043081296754642,DLS,org.jmeld.ui.text,org.jmeld.ui.text.AbstractBufferDocument,org.jmeld.ui.text.AbstractBufferDocument.documentChanged,0.004175429914635655,0.002940789233768021
M,V,MS_EXPOSE_REP,org.jmeld.vc.VersionControlUtil,versionControlList,getVersionControlList()Ljava/util/List;,47,47,0,0.0,1.0,0.7646827483641223,1.0000000000000002,MS,org.jmeld.vc,org.jmeld.vc.VersionControlUtil,org.jmeld.vc.VersionControlUtil.getVersionControlList,0.0027836199430904367,0.002783619943090437
M,V,EI_EXPOSE_REP,org.jmeld.ui.AbstractContentPanel,undoManager,getUndoHandler()Lorg/jmeld/ui/AbstractContentPanel$MyUndoManager;,214,214,0,0.0,1.0,0.8790200301200525,1.0000000000000002,EI,org.jmeld.ui,org.jmeld.ui.AbstractContentPanel,org.jmeld.ui.AbstractContentPanel.getUndoHandler,0.0027836199430904367,0.002783619943090437
M,V,EI_EXPOSE_REP,org.apache.jmeld.tools.ant.BuildException,cause,getException()Ljava/lang/Throwable;,86,86,0,0.0,1.0,0.8790200301200525,1.0000000000000002,EI,org.apache.jmeld.tools.ant,org.apache.jmeld.tools.ant.BuildException,org.apache.jmeld.tools.ant.BuildException.getException,0.0027836199430904367,0.002783619943090437
L,D,REC_CATCH_EXCEPTION,org.jmeld.util.UIDefaultsPrint,NO_FIELD,main([Ljava/lang/String;)V,45,45,0,0.0,1.0,1.0,1.0000000000000002,REC,org.jmeld.util,org.jmeld.util.UIDefaultsPrint,org.jmeld.util.UIDefaultsPrint.main,0.0027836199430904367,0.002783619943090437
H,I,DM_DEFAULT_ENCODING,org.jmeld.vc.hg.StatusCmd,NO_FIELD,build([B)V,39,39,0,0.0,1.0,1.0000000000000002,1.0,Dm,org.jmeld.vc.hg,org.jmeld.vc.hg.StatusCmd,org.jmeld.vc.hg.StatusCmd.build,0.0027836199430904367,0.0027836199430904367
H,I,DM_DEFAULT_ENCODING,org.jmeld.vc.bzr.StatusCmd,NO_FIELD,build([B)V,57,57,0,0.0,1.0,1.0000000000000002,1.0,Dm,org.jmeld.vc.bzr,org.jmeld.vc.bzr.StatusCmd,org.jmeld.vc.bzr.StatusCmd.build,0.0027836199430904367,0.0027836199430904367
M,V,EI_EXPOSE_REP2,org.jmeld.ui.settings.SettingsPanel,mainPanel,<init>(Lorg/jmeld/ui/JMeldPanel;)V,36,36,0,0.0,1.0,1.0000000000000002,1.0,EI2,org.jmeld.ui.settings,org.jmeld.ui.settings.SettingsPanel,org.jmeld.ui.settings.SettingsPanel.<init>,0.0027836199430904367,0.0027836199430904367
M,V,EI_EXPOSE_REP2,org.jmeld.ui.AbstractBarDialog,meldPanel,<init>(Lorg/jmeld/ui/JMeldPanel;)V,29,29,0,0.0,1.0,1.0000000000000002,1.0,EI2,org.jmeld.ui,org.jmeld.ui.AbstractBarDialog,org.jmeld.ui.AbstractBarDialog.<init>,0.0027836199430904367,0.0027836199430904367
H,I,DM_DEFAULT_ENCODING,org.jmeld.vc.svn.DiffCmd,NO_FIELD,build([B)V,43,43,0,0.0,1.0,1.0000000000000002,1.0,Dm,org.jmeld.vc.svn,org.jmeld.vc.svn.DiffCmd,org.jmeld.vc.svn.DiffCmd.build,0.0027836199430904367,0.0027836199430904367
L,V,MC_OVERRIDABLE_METHOD_CALL_IN_CONSTRUCTOR,org.jmeld.ui.settings.SettingsPanel,NO_FIELD,<init>(Lorg/jmeld/ui/JMeldPanel;)V,41,41,0,0.0,0.0,0.4647649236107709,0.8334153607658378,MC,org.jmeld.ui.settings,org.jmeld.ui.settings.SettingsPanel,org.jmeld.ui.settings.SettingsPanel.<init>,0.0027836199430904367,0.0023199116191056973
M,V,EI_EXPOSE_REP,org.jmeld.vc.BaseFile,byteArray,getByteArray()[B,21,21,0,0.0,1.0,0.7674334124805292,1.0000000000000002,EI,org.jmeld.vc,org.jmeld.vc.BaseFile,org.jmeld.vc.BaseFile.getByteArray,0.0020877149573178275,0.002087714957317828
M,V,EI_EXPOSE_REP,org.jmeld.ui.text.JMDocumentEvent,document,getDocument()Lorg/jmeld/ui/text/AbstractBufferDocument;,26,26,0,0.0,1.0,0.8790200301200525,1.0000000000000002,EI,org.jmeld.ui.text,org.jmeld.ui.text.JMDocumentEvent,org.jmeld.ui.text.JMDocumentEvent.getDocument,0.0020877149573178275,0.002087714957317828
L,D,REC_CATCH_EXCEPTION,org.jmeld.util.file.CompareUtil,NO_FIELD,contentEquals(Lorg/jmeld/util/node/FileNode;Lorg/jmeld/util/node/FileNode;Lorg/jmeld/util/Ignore;)Z,124,124,0,0.0,1.0,1.0,1.0000000000000002,REC,org.jmeld.util.file,org.jmeld.util.file.CompareUtil,org.jmeld.util.file.CompareUtil.contentEquals,0.0020877149573178275,0.002087714957317828
M,V,EI_EXPOSE_REP,org.jmeld.ui.util.TabExitEvent,tabIcon,getTabIcon()Lorg/jmeld/ui/util/TabIcon;,32,32,0,0.0,1.0,0.8790200301200525,1.0000000000000002,EI,org.jmeld.ui.util,org.jmeld.ui.util.TabExitEvent,org.jmeld.ui.util.TabExitEvent.getTabIcon,0.0020877149573178275,0.002087714957317828
M,D,REC_CATCH_EXCEPTION,org.jmeld.ui.util.LookAndFeelManager,NO_FIELD,install()V,66,66,0,0.0,1.0,1.0,1.0000000000000002,REC,org.jmeld.ui.util,org.jmeld.ui.util.LookAndFeelManager,org.jmeld.ui.util.LookAndFeelManager.install,0.0020877149573178275,0.002087714957317828
M,V,EI_EXPOSE_REP,org.jmeld.util.node.FileNode,document,getDocument()Lorg/jmeld/ui/text/FileDocument;,69,69,0,0.0,1.0,0.8790200301200525,1.0000000000000002,EI,org.jmeld.util.node,org.jmeld.util.node.FileNode,org.jmeld.util.node.FileNode.getDocument,0.0020877149573178275,0.002087714957317828
M,V,EI_EXPOSE_REP,org.jmeld.util.Result,exception,getException()Ljava/lang/Exception;,72,72,0,0.0,1.0,0.7838379077096177,1.0000000000000002,EI,org.jmeld.util,org.jmeld.util.Result,org.jmeld.util.Result.getException,0.0020877149573178275,0.002087714957317828
M,V,EI_EXPOSE_REP,org.jmeld.util.file.DirectoryDiff,rootNode,getRootNode()Lorg/jmeld/util/node/JMDiffNode;,63,63,0,0.0,1.0,1.0000000000000002,1.0000000000000002,EI,org.jmeld.util.file,org.jmeld.util.file.DirectoryDiff,org.jmeld.util.file.DirectoryDiff.getRootNode,0.0020877149573178275,0.002087714957317828
M,V,EI_EXPOSE_REP2,org.jmeld.ui.text.JMDocumentEvent,document,<init>(Lorg/jmeld/ui/text/AbstractBufferDocument;)V,14,14,0,0.0,1.0,0.8768428745775958,1.0,EI2,org.jmeld.ui.text,org.jmeld.ui.text.JMDocumentEvent,org.jmeld.ui.text.JMDocumentEvent.<init>,0.0020877149573178275,0.0020877149573178275
M,V,EI_EXPOSE_REP2,org.jmeld.util.prefs.ComboBoxSelectionPreference,target,<init>(Ljava/lang/String;Ljavax/swing/JComboBox;)V,39,39,0,0.0,1.0,0.7759688644832721,1.0,EI2,org.jmeld.util.prefs,org.jmeld.util.prefs.ComboBoxSelectionPreference,org.jmeld.util.prefs.ComboBoxSelectionPreference.<init>,0.0020877149573178275,0.0020877149573178275
M,V,EI_EXPOSE_REP2,org.jmeld.ui.util.TabExitEvent,tabIcon,<init>(Lorg/jmeld/ui/util/TabIcon;I)V,26,26,0,0.0,1.0,0.8768428745775958,1.0,EI2,org.jmeld.ui.util,org.jmeld.ui.util.TabExitEvent,org.jmeld.ui.util.TabExitEvent.<init>,0.0020877149573178275,0.0020877149573178275
M,V,EI_EXPOSE_REP2,org.jmeld.ui.SavePanelDialog,meldPanel,<init>(Lorg/jmeld/ui/JMeldPanel;)V,40,40,0,0.0,1.0,1.0000000000000002,1.0,EI2,org.jmeld.ui,org.jmeld.ui.SavePanelDialog,org.jmeld.ui.SavePanelDialog.<init>,0.0020877149573178275,0.0020877149573178275
M,V,EI_EXPOSE_REP2,org.jmeld.util.file.DirectoryDiff,filter,<init>(Ljava/io/File;Ljava/io/File;Lorg/jmeld/settings/util/Filter;Lorg/jmeld/util/file/FolderDiff$Mode;)V,46,46,0,0.0,1.0,0.8768428745775958,1.0,EI2,org.jmeld.util.file,org.jmeld.util.file.DirectoryDiff,org.jmeld.util.file.DirectoryDiff.<init>,0.0020877149573178275,0.0020877149573178275
M,V,EI_EXPOSE_REP2,org.jmeld.util.prefs.DirectoryChooserPreference,target,<init>(Ljava/lang/String;Ljavax/swing/JFileChooser;Ljava/lang/String;)V,37,37,0,0.0,1.0,0.8768428745775958,1.0,EI2,org.jmeld.util.prefs,org.jmeld.util.prefs.DirectoryChooserPreference,org.jmeld.util.prefs.DirectoryChooserPreference.<init>,0.0020877149573178275,0.0020877149573178275
M,V,EI_EXPOSE_REP2,org.jmeld.vc.BaseFile,byteArray,<init>([B)V,11,11,0,0.0,1.0,0.7677900391197958,1.0,EI2,org.jmeld.vc,org.jmeld.vc.BaseFile,org.jmeld.vc.BaseFile.<init>,0.0020877149573178275,0.0020877149573178275
M,V,EI_EXPOSE_REP2,org.jmeld.ui.help.HelpPanel,mainPanel,<init>(Lorg/jmeld/ui/JMeldPanel;)V,24,24,0,0.0,1.0,1.0000000000000002,1.0,EI2,org.jmeld.ui.help,org.jmeld.ui.help.HelpPanel,org.jmeld.ui.help.HelpPanel.<init>,0.0020877149573178275,0.0020877149573178275
M,V,EI_EXPOSE_REP2,org.jmeld.ui.FilePanelBar,filePanel,<init>(Lorg/jmeld/ui/FilePanel;)V,36,36,0,0.0,1.0,0.8768428745775958,1.0,EI2,org.jmeld.ui,org.jmeld.ui.FilePanelBar,org.jmeld.ui.FilePanelBar.<init>,0.0020877149573178275,0.0020877149573178275
M,V,EI_EXPOSE_REP2,org.jmeld.ui.FileComparison,diffNode,<init>(Lorg/jmeld/ui/JMeldPanel;Lorg/jmeld/util/node/JMDiffNode;)V,32,32,0,0.0,1.0,1.0,1.0,EI2,org.jmeld.ui,org.jmeld.ui.FileComparison,org.jmeld.ui.FileComparison.<init>,0.0019794630706420884,0.0019794630706420884
M,V,EI_EXPOSE_REP2,org.jmeld.ui.FileComparison,mainPanel,<init>(Lorg/jmeld/ui/JMeldPanel;Lorg/jmeld/util/node/JMDiffNode;)V,31,31,0,0.0,1.0,1.0000000000000002,1.0,EI2,org.jmeld.ui,org.jmeld.ui.FileComparison,org.jmeld.ui.FileComparison.<init>,0.0019794630706420884,0.0019794630706420884
M,V,EI_EXPOSE_REP2,org.jmeld.ui.FileComparison,mainPanel,<init>(Lorg/jmeld/ui/JMeldPanel;Ljava/io/File;Ljava/io/File;)V,36,36,0,0.0,1.0,1.0000000000000002,1.0,EI2,org.jmeld.ui,org.jmeld.ui.FileComparison,org.jmeld.ui.FileComparison.<init>,0.0019794630706420884,0.0019794630706420884
L,V,MC_OVERRIDABLE_METHOD_CALL_IN_CONSTRUCTOR,org.jmeld.ui.AbstractBarDialog,NO_FIELD,<init>(Lorg/jmeld/ui/JMeldPanel;)V,31,31,0,0.0,0.0,0.5157727822848734,0.7071067811865482,MC,org.jmeld.ui,org.jmeld.ui.AbstractBarDialog,org.jmeld.ui.AbstractBarDialog.<init>,0.0027836199430904367,0.001968316538005361
M,V,EI_EXPOSE_REP2,org.jmeld.ui.util.TabIcon,tabbedPane,paintIcon(Ljava/awt/Component;Ljava/awt/Graphics;II)V,167,167,0,0.0,0.0,0.20768048276815199,0.3423487180057758,EI2,org.jmeld.ui.util,org.jmeld.ui.util.TabIcon,org.jmeld.ui.util.TabIcon.paintIcon,0.005567239886180873,0.0019059374378646433
L,D,REC_CATCH_EXCEPTION,org.jmeld.ui.FileComparison,NO_FIELD,done()V,130,130,0,0.0,1.0,1.0,1.0000000000000002,REC,org.jmeld.ui,org.jmeld.ui.FileComparison,org.jmeld.ui.FileComparison.done,0.0014845973029815663,0.0014845973029815667
M,V,EI_EXPOSE_REP2,org.jmeld.ui.DirectoryComparison,filter,<init>(Lorg/jmeld/ui/JMeldPanel;Ljava/io/File;Ljava/io/File;Lorg/jmeld/settings/util/Filter;)V,31,31,0,0.0,1.0,0.8768428745775958,1.0,EI2,org.jmeld.ui,org.jmeld.ui.DirectoryComparison,org.jmeld.ui.DirectoryComparison.<init>,0.0014845973029815663,0.0014845973029815663
M,V,EI_EXPOSE_REP2,org.jmeld.ui.DirectoryComparison,mainPanel,<init>(Lorg/jmeld/ui/JMeldPanel;Ljava/io/File;Ljava/io/File;Lorg/jmeld/settings/util/Filter;)V,28,28,0,0.0,1.0,1.0000000000000002,1.0,EI2,org.jmeld.ui,org.jmeld.ui.DirectoryComparison,org.jmeld.ui.DirectoryComparison.<init>,0.0014845973029815663,0.0014845973029815663
M,V,MS_EXPOSE_REP,org.jmeld.ui.StatusBar,instance,getInstance()Lorg/jmeld/ui/StatusBar;,53,53,0,0.0,1.0,0.8717589862077267,1.0000000000000002,MS,org.jmeld.ui,org.jmeld.ui.StatusBar,org.jmeld.ui.StatusBar.getInstance,0.0013918099715452183,0.0013918099715452186
M,V,EI_EXPOSE_REP,org.jmeld.vc.svn.BlameData,targetList,getTargetList()Ljava/util/List;,40,40,0,0.0,1.0,1.0000000000000002,1.0000000000000002,EI,org.jmeld.vc.svn,org.jmeld.vc.svn.BlameData,org.jmeld.vc.svn.BlameData.getTargetList,0.0013918099715452183,0.0013918099715452186
M,V,EI_EXPOSE_REP,org.jmeld.vc.svn.InfoData,entryList,getEntryList()Ljava/util/List;,37,37,0,0.0,1.0,1.0000000000000002,1.0000000000000002,EI,org.jmeld.vc.svn,org.jmeld.vc.svn.InfoData,org.jmeld.vc.svn.InfoData.getEntryList,0.0013918099715452183,0.0013918099715452186
M,V,EI_EXPOSE_REP,org.apache.commons.jrcs.diff.Chunk,chunk,chunk()Ljava/util/List;,199,199,0,0.0,1.0,1.0000000000000002,1.0000000000000002,EI,org.apache.commons.jrcs.diff,org.apache.commons.jrcs.diff.Chunk,org.apache.commons.jrcs.diff.Chunk.chunk,0.0013918099715452183,0.0013918099715452186
M,V,EI_EXPOSE_REP,org.jmeld.vc.svn.LogData,entryList,getEntryList()Ljava/util/List;,37,37,0,0.0,1.0,1.0000000000000002,1.0000000000000002,EI,org.jmeld.vc.svn,org.jmeld.vc.svn.LogData,org.jmeld.vc.svn.LogData.getEntryList,0.0013918099715452183,0.0013918099715452186
M,V,EI_EXPOSE_REP,org.jmeld.vc.svn.StatusData,targetList,getTargetList()Ljava/util/List;,39,39,0,0.0,1.0,1.0000000000000002,1.0000000000000002,EI,org.jmeld.vc.svn,org.jmeld.vc.svn.StatusData,org.jmeld.vc.svn.StatusData.getTargetList,0.0013918099715452183,0.0013918099715452186
M,V,EI_EXPOSE_REP,org.jmeld.settings.util.Filter,rules,getRules()Ljava/util/List;,108,108,0,0.0,1.0,1.0000000000000002,1.0000000000000002,EI,org.jmeld.settings.util,org.jmeld.settings.util.Filter,org.jmeld.settings.util.Filter.getRules,0.0013918099715452183,0.0013918099715452186
M,V,EI_EXPOSE_REP,org.jmeld.ui.search.SearchHits,searchHits,getSearchHits()Ljava/util/List;,43,43,0,0.0,1.0,1.0000000000000002,1.0000000000000002,EI,org.jmeld.ui.search,org.jmeld.ui.search.SearchHits,org.jmeld.ui.search.SearchHits.getSearchHits,0.0013918099715452183,0.0013918099715452186
M,V,EI_EXPOSE_REP,org.jmeld.vc.svn.DiffData,targetList,getTargetList()Ljava/util/List;,41,41,0,0.0,1.0,1.0000000000000002,1.0000000000000002,EI,org.jmeld.vc.svn,org.jmeld.vc.svn.DiffData,org.jmeld.vc.svn.DiffData.getTargetList,0.0013918099715452183,0.0013918099715452186
M,V,EI_EXPOSE_REP,org.jmeld.settings.FilterSettings,filters,getFilters()Ljava/util/List;,67,67,0,0.0,1.0,1.0000000000000002,1.0000000000000002,EI,org.jmeld.settings,org.jmeld.settings.FilterSettings,org.jmeld.settings.FilterSettings.getFilters,0.0013918099715452183,0.0013918099715452186
L,D,REC_CATCH_EXCEPTION,org.jmeld.util.conf.ConfigurationPersister,NO_FIELD,load(Ljava/lang/Class;Ljava/io/File;)Lorg/jmeld/util/conf/AbstractConfiguration;,35,35,0,0.0,1.0,1.0,1.0000000000000002,REC,org.jmeld.util.conf,org.jmeld.util.conf.ConfigurationPersister,org.jmeld.util.conf.ConfigurationPersister.load,0.0013918099715452183,0.0013918099715452186
L,D,BC_UNCONFIRMED_CAST,org.jmeld.ui.swing.GradientLabel,NO_FIELD,paint(Ljava/awt/Graphics;)V,63,63,0,0.0,1.0,1.0000000000000002,1.0000000000000002,BC,org.jmeld.ui.swing,org.jmeld.ui.swing.GradientLabel,org.jmeld.ui.swing.GradientLabel.paint,0.0013918099715452183,0.0013918099715452186
M,V,EI_EXPOSE_REP2,org.jmeld.ui.Option,mainPanel,<init>(Lorg/jmeld/ui/JMeldPanel;Z)V,13,13,0,0.0,1.0,1.0000000000000002,1.0,EI2,org.jmeld.ui,org.jmeld.ui.Option,org.jmeld.ui.Option.<init>,0.0013918099715452183,0.0013918099715452183
M,V,EI_EXPOSE_REP2,org.jmeld.util.prefs.TabbedPanePreference,target,<init>(Ljava/lang/String;Ljavax/swing/JTabbedPane;)V,40,40,0,0.0,1.0,0.7829572904075915,1.0,EI2,org.jmeld.util.prefs,org.jmeld.util.prefs.TabbedPanePreference,org.jmeld.util.prefs.TabbedPanePreference.<init>,0.0013918099715452183,0.0013918099715452183
M,V,EI_EXPOSE_REP2,org.jmeld.util.prefs.ComboBoxPreference,target,<init>(Ljava/lang/String;Ljavax/swing/JComboBox;)V,39,39,0,0.0,1.0,0.7759688644832721,1.0,EI2,org.jmeld.util.prefs,org.jmeld.util.prefs.ComboBoxPreference,org.jmeld.util.prefs.ComboBoxPreference.<init>,0.0013918099715452183,0.0013918099715452183
M,V,EI_EXPOSE_REP2,org.jmeld.util.conf.AbstractConfigurationElement,configuration,init(Lorg/jmeld/util/conf/AbstractConfiguration;)V,13,13,0,0.0,1.0,0.7749732961072625,1.0,EI2,org.jmeld.util.conf,org.jmeld.util.conf.AbstractConfigurationElement,org.jmeld.util.conf.AbstractConfigurationElement.init,0.0013918099715452183,0.0013918099715452183
M,V,EI_EXPOSE_REP2,org.jmeld.util.prefs.FileChooserPreference,target,<init>(Ljava/lang/String;Ljavax/swing/JFileChooser;)V,36,36,0,0.0,1.0,0.8768428745775958,1.0,EI2,org.jmeld.util.prefs,org.jmeld.util.prefs.FileChooserPreference,org.jmeld.util.prefs.FileChooserPreference.<init>,0.0013918099715452183,0.0013918099715452183
M,V,EI_EXPOSE_REP2,org.jmeld.ui.settings.SaveSettingsDialog,meldPanel,<init>(Lorg/jmeld/ui/JMeldPanel;)V,34,34,0,0.0,1.0,1.0000000000000002,1.0,EI2,org.jmeld.ui.settings,org.jmeld.ui.settings.SaveSettingsDialog,org.jmeld.ui.settings.SaveSettingsDialog.<init>,0.0013918099715452183,0.0013918099715452183
M,V,EI_EXPOSE_REP2,org.jmeld.util.prefs.WindowPreference,target,<init>(Ljava/lang/String;Ljava/awt/Window;)V,37,37,0,0.0,1.0,0.8768428745775958,1.0,EI2,org.jmeld.util.prefs,org.jmeld.util.prefs.WindowPreference,org.jmeld.util.prefs.WindowPreference.<init>,0.0013918099715452183,0.0013918099715452183
L,V,MC_OVERRIDABLE_METHOD_CALL_IN_CONSTRUCTOR,org.jmeld.ui.settings.FilterSettingsPanel,NO_FIELD,<init>()V,41,41,0,0.0,1.0,1.0,0.9999999999999998,MC,org.jmeld.ui.settings,org.jmeld.ui.settings.FilterSettingsPanel,org.jmeld.ui.settings.FilterSettingsPanel.<init>,0.0013918099715452183,0.0013918099715452181
L,V,MC_OVERRIDABLE_METHOD_CALL_IN_CONSTRUCTOR,org.jmeld.ui.settings.EditorSettingsPanel,NO_FIELD,<init>()V,45,45,0,0.0,1.0,1.0,0.9999999999999998,MC,org.jmeld.ui.settings,org.jmeld.ui.settings.EditorSettingsPanel,org.jmeld.ui.settings.EditorSettingsPanel.<init>,0.0013918099715452183,0.0013918099715452181
L,V,MC_OVERRIDABLE_METHOD_CALL_IN_CONSTRUCTOR,org.jmeld.ui.settings.FolderSettingsPanel,NO_FIELD,<init>()V,28,28,0,0.0,1.0,1.0,0.9999999999999998,MC,org.jmeld.ui.settings,org.jmeld.ui.settings.FolderSettingsPanel,org.jmeld.ui.settings.FolderSettingsPanel.<init>,0.0013918099715452183,0.0013918099715452181
L,D,REC_CATCH_EXCEPTION,org.jmeld.ui.DirectoryComparison,NO_FIELD,done()V,98,98,0,0.0,1.0,1.0,1.0000000000000002,REC,org.jmeld.ui,org.jmeld.ui.DirectoryComparison,org.jmeld.ui.DirectoryComparison.done,0.0012371644191513053,0.0012371644191513055
L,D,UWF_FIELD_NOT_INITIALIZED_IN_CONSTRUCTOR,org.eclipse.compare.rangedifferencer.RangeComparatorLCS,lcs,setLcs(II)V,63,63,0,0.0,0.0,0.25321392097184386,0.5212501182784403,UwF,org.eclipse.compare.rangedifferencer,org.eclipse.compare.rangedifferencer.RangeComparatorLCS,org.eclipse.compare.rangedifferencer.RangeComparatorLCS.setLcs,0.0020877149573178275,0.0010882216684335864
L,V,MC_OVERRIDABLE_METHOD_CALL_IN_CONSTRUCTOR,org.jmeld.ui.swing.table.JMTreeTable,NO_FIELD,<init>()V,32,32,0,0.0,0.0,0.22084093851874384,0.3755286985701987,MC,org.jmeld.ui.swing.table,org.jmeld.ui.swing.table.JMTreeTable,org.jmeld.ui.swing.table.JMTreeTable.<init>,0.0027836199430904367,0.0010453291745428023
L,D,REC_CATCH_EXCEPTION,org.jmeld.ui.VersionControlComparison,NO_FIELD,done()V,73,73,0,0.0,1.0,1.0,1.0000000000000002,REC,org.jmeld.ui,org.jmeld.ui.VersionControlComparison,org.jmeld.ui.VersionControlComparison.done,0.0009897315353210442,0.0009897315353210444
M,V,EI_EXPOSE_REP2,org.jmeld.ui.VersionControlComparison,mainPanel,<init>(Lorg/jmeld/ui/JMeldPanel;Ljava/io/File;)V,26,26,0,0.0,1.0,1.0000000000000002,1.0,EI2,org.jmeld.ui,org.jmeld.ui.VersionControlComparison,org.jmeld.ui.VersionControlComparison.<init>,0.0009897315353210442,0.0009897315353210442
L,V,MC_OVERRIDABLE_METHOD_CALL_IN_CONSTRUCTOR,org.jmeld.ui.swing.DiffLabel,NO_FIELD,<init>()V,40,40,0,0.0,0.0,0.5157727822848734,0.7071067811865482,MC,org.jmeld.ui.swing,org.jmeld.ui.swing.DiffLabel,org.jmeld.ui.swing.DiffLabel.<init>,0.0013918099715452183,0.0009841582690026805
L,V,MC_OVERRIDABLE_METHOD_CALL_IN_CONSTRUCTOR,org.jmeld.util.StopWatch,NO_FIELD,<init>()V,27,27,0,0.0,0.0,0.5157727822848734,0.7071067811865482,MC,org.jmeld.util,org.jmeld.util.StopWatch,org.jmeld.util.StopWatch.<init>,0.0013918099715452183,0.0009841582690026805
H,I,DM_DEFAULT_ENCODING,org.jmeld.vc.git.BranchCmd,NO_FIELD,build([B)V,24,24,0,0.0,0.0,0.7778339934144674,0.7618379199285749,Dm,org.jmeld.vc.git,org.jmeld.vc.git.BranchCmd,org.jmeld.vc.git.BranchCmd.build,0.0012062353086725226,0.000918955798503477
H,I,DM_DEFAULT_ENCODING,org.jmeld.vc.git.TagCmd,NO_FIELD,build([B)V,24,24,0,0.0,0.0,0.7778339934144674,0.7618379199285749,Dm,org.jmeld.vc.git,org.jmeld.vc.git.TagCmd,org.jmeld.vc.git.TagCmd.build,0.0012062353086725226,0.000918955798503477
H,I,DM_DEFAULT_ENCODING,org.jmeld.vc.git.LogCmd,NO_FIELD,build([B)V,26,26,0,0.0,0.0,0.7778339934144674,0.7618379199285749,Dm,org.jmeld.vc.git,org.jmeld.vc.git.LogCmd,org.jmeld.vc.git.LogCmd.build,0.0012062353086725226,0.000918955798503477
M,D,DLS_DEAD_LOCAL_STORE,org.jmeld.ui.swing.JMHighlightLinePainter,NO_FIELD,paint(Ljava/awt/Graphics;IILjava/awt/Shape;Ljavax/swing/text/JTextComponent;)V,50,50,0,0.0,0.0,0.6398393504724642,0.8772426930018717,DLS,org.jmeld.ui.swing,org.jmeld.ui.swing.JMHighlightLinePainter,org.jmeld.ui.swing.JMHighlightLinePainter.paint,0.0010206606457998269,0.0008953670935624697
M,D,SF_SWITCH_NO_DEFAULT,org.jmeld.vc.bzr.StatusCmd,NO_FIELD,build([B)V,74,84,0,0.0,0.0,0.14312085100461513,0.3018123671189447,SF,org.jmeld.vc.bzr,org.jmeld.vc.bzr.StatusCmd,org.jmeld.vc.bzr.StatusCmd.build,0.0027836199430904367,0.0008401309241836269
L,V,MC_OVERRIDABLE_METHOD_CALL_IN_CONSTRUCTOR,org.jmeld.ui.swing.DetailHeader,NO_FIELD,<init>()V,11,11,0,0.0,0.0,0.4642779340099064,0.5874218020189761,MC,org.jmeld.ui.swing,org.jmeld.ui.swing.DetailHeader,org.jmeld.ui.swing.DetailHeader.<init>,0.0013918099715452183,0.000817579521553072
M,D,SF_SWITCH_NO_DEFAULT,org.jmeld.vc.hg.StatusCmd,NO_FIELD,build([B)V,51,75,0,0.0,0.0,0.13702473683822325,0.2836908366245397,SF,org.jmeld.vc.hg,org.jmeld.vc.hg.StatusCmd,org.jmeld.vc.hg.StatusCmd.build,0.0027836199430904367,0.0007896874705000796
M,V,EI_EXPOSE_REP2,org.jmeld.ui.BufferDiffPanel,selectedDelta,setSelectedDelta(Lorg/jmeld/diff/JMDelta;)V,1088,1088,0,0.0,0.0,0.03398709210538911,0.025853968358338014,EI2,org.jmeld.ui,org.jmeld.ui.BufferDiffPanel,org.jmeld.ui.BufferDiffPanel.setSelectedDelta,0.027316492187208503,0.0007062397246688762
M,V,EI_EXPOSE_REP,org.jmeld.model.LevenshteinTableModel,filePanels,getFilePanels()[Lorg/jmeld/ui/FilePanel;,319,319,0,0.0,1.0,0.8790200301200525,1.0000000000000002,EI,org.jmeld.model,org.jmeld.model.LevenshteinTableModel,org.jmeld.model.LevenshteinTableModel.getFilePanels,0.0006959049857726092,0.0006959049857726093
M,V,EI_EXPOSE_REP,org.jmeld.model.LevenshteinTableModel,currentRevision,getCurrentRevision()Lorg/jmeld/diff/JMRevision;,310,310,0,0.0,1.0,0.8790200301200525,1.0000000000000002,EI,org.jmeld.model,org.jmeld.model.LevenshteinTableModel,org.jmeld.model.LevenshteinTableModel.getCurrentRevision,0.0006959049857726092,0.0006959049857726093
M,V,EI_EXPOSE_REP2,org.jmeld.model.LevenshteinTableModel,currentRevision,setCurrentRevision(Lorg/jmeld/diff/JMRevision;)V,305,305,0,0.0,1.0,0.8768428745775958,1.0,EI2,org.jmeld.model,org.jmeld.model.LevenshteinTableModel,org.jmeld.model.LevenshteinTableModel.setCurrentRevision,0.0006959049857726092,0.0006959049857726092
M,V,EI_EXPOSE_REP2,org.jmeld.model.LevenshteinTableModel,filePanels,setFilePanels([Lorg/jmeld/ui/FilePanel;)V,314,314,0,0.0,1.0,0.8768428745775958,1.0,EI2,org.jmeld.model,org.jmeld.model.LevenshteinTableModel,org.jmeld.model.LevenshteinTableModel.setFilePanels,0.0006959049857726092,0.0006959049857726092
L,V,MC_OVERRIDABLE_METHOD_CALL_IN_CONSTRUCTOR,org.jmeld.ui.ListScrollSynchronizer,NO_FIELD,<init>(Ljavax/swing/JScrollPane;Ljavax/swing/JScrollPane;)V,34,34,0,0.0,0.0,0.2242314519283179,0.4140635178596529,MC,org.jmeld.ui,org.jmeld.ui.ListScrollSynchronizer,org.jmeld.ui.ListScrollSynchronizer.<init>,0.0013918099715452183,0.0005762977330101565
L,V,MC_OVERRIDABLE_METHOD_CALL_IN_CONSTRUCTOR,org.jmeld.ui.FolderDiffForm,NO_FIELD,<init>()V,27,27,0,0.0,0.0,0.5157727822848734,0.7071067811865482,MC,org.jmeld.ui,org.jmeld.ui.FolderDiffForm,org.jmeld.ui.FolderDiffForm.<init>,0.0008041568724483484,0.0005686247776459933
L,V,MC_OVERRIDABLE_METHOD_CALL_IN_CONSTRUCTOR,org.jmeld.ui.swing.table.JMTable,NO_FIELD,<init>()V,27,27,0,0.0,0.0,0.22084093851874384,0.3755286985701987,MC,org.jmeld.ui.swing.table,org.jmeld.ui.swing.table.JMTable,org.jmeld.ui.swing.table.JMTable.<init>,0.0013918099715452183,0.0005226645872714012
L,P,SIC_INNER_SHOULD_BE_STATIC_ANON,org.jmeld.ui.settings.SettingsPanelForm,NO_FIELD,initComponents()V,49,49,0,0.0,0.0,0.19574035414518973,0.29015529026465503,SIC,org.jmeld.ui.settings,org.jmeld.ui.settings.SettingsPanelForm,org.jmeld.ui.settings.SettingsPanelForm.initComponents,0.0013918099715452183,0.0004038410262869441
M,V,EI_EXPOSE_REP2,org.jmeld.ui.JMeldPanel,currentBarDialog,activateBarDialog(Lorg/jmeld/ui/AbstractBarDialog;)V,891,891,0,0.0,0.0,0.047027332999807714,0.025853968358338014,EI2,org.jmeld.ui,org.jmeld.ui.JMeldPanel,org.jmeld.ui.JMeldPanel.activateBarDialog,0.007670419398738092,0.00019831078043015674
L,D,UWF_FIELD_NOT_INITIALIZED_IN_CONSTRUCTOR,org.jmeld.ui.text.AbstractBufferDocument,content,createDigest()I,473,473,0,0.0,0.0,0.0,0.027601693211438967,UwF,org.jmeld.ui.text,org.jmeld.ui.text.AbstractBufferDocument,org.jmeld.ui.text.AbstractBufferDocument.createDigest,0.004175429914635655,0.00011524893552963815
M,V,EI_EXPOSE_REP2,org.jmeld.ui.FilePanel,bufferDocument,setBufferDocument(Lorg/jmeld/ui/text/BufferDocumentIF;)V,169,169,0,0.0,0.0,0.047027332999807714,0.025853968358338014,EI2,org.jmeld.ui,org.jmeld.ui.FilePanel,org.jmeld.ui.FilePanel.setBufferDocument,0.00398985525176296,0.00010315359143342832
L,P,SIC_INNER_SHOULD_BE_STATIC_ANON,org.jmeld.ui.FilePanel,NO_FIELD,getFileBoxAction()Ljava/awt/event/ActionListener;,517,517,0,0.0,0.0,0.0,0.025664536389114933,SIC,org.jmeld.ui,org.jmeld.ui.FilePanel,org.jmeld.ui.FilePanel.getFileBoxAction,0.00398985525176296,0.0001023977852961718
M,V,EI_EXPOSE_REP2,org.jmeld.ui.swing.JMHighlighter,component,install(Ljavax/swing/text/JTextComponent;)V,129,129,0,0.0,0.0,0.047027332999807714,0.025853968358338014,EI2,org.jmeld.ui.swing,org.jmeld.ui.swing.JMHighlighter,org.jmeld.ui.swing.JMHighlighter.install,0.003479524928863046,8.995952741287352e-05
L,D,UWF_FIELD_NOT_INITIALIZED_IN_CONSTRUCTOR,org.jmeld.vc.svn.DiffCmd,reader,readLine()Ljava/lang/String;,175,175,0,0.0,0.0,0.0,0.027601693211438967,UwF,org.jmeld.vc.svn,org.jmeld.vc.svn.DiffCmd,org.jmeld.vc.svn.DiffCmd.readLine,0.0027836199430904367,7.683262368642543e-05
L,D,UWF_FIELD_NOT_INITIALIZED_IN_CONSTRUCTOR,org.eclipse.compare.rangedifferencer.RangeComparatorLCS,lcs,getDifferences()[Lorg/eclipse/compare/rangedifferencer/RangeDifference;,85,85,0,0.0,0.0,0.0019870518442173736,0.01949636269865402,UwF,org.eclipse.compare.rangedifferencer,org.eclipse.compare.rangedifferencer.RangeComparatorLCS,org.eclipse.compare.rangedifferencer.RangeComparatorLCS.getDifferences,0.0020877149573178275,4.070284801927336e-05
H,V,MS_SHOULD_BE_FINAL,org.jmeld.ui.action.MeldAction,LARGE_ICON_KEY,NO_METHOD,31,31,0,0.0,0.0,0.0,0.0,MS,org.jmeld.ui.action,org.jmeld.ui.action.MeldAction,org.jmeld.ui.action.MeldAction.NO_METHOD,0.00717555363107757,0.0
M,B,NM_VERY_CONFUSING_INTENTIONAL,org.jmeld.ui.BufferDiffPanel,NO_FIELD,doGotoLine(I)V,959,987,0,0.0,0.0,0.0,0.0,Nm,org.jmeld.ui,org.jmeld.ui.BufferDiffPanel,org.jmeld.ui.BufferDiffPanel.doGotoLine,0.0275020668500812,0.0
H,V,MS_SHOULD_BE_FINAL,org.jmeld.ui.util.FontUtil,defaultTextAreaFont,NO_METHOD,8,8,0,0.0,0.0,0.0,0.0,MS,org.jmeld.ui.util,org.jmeld.ui.util.FontUtil,org.jmeld.ui.util.FontUtil.NO_METHOD,0.0013918099715452183,0.0
M,V,MS_SHOULD_BE_FINAL,org.jmeld.util.DiffUtil,debug,NO_METHOD,26,26,0,0.0,0.0,0.0,0.0,MS,org.jmeld.util,org.jmeld.util.DiffUtil,org.jmeld.util.DiffUtil.NO_METHOD,0.0013918099715452183,0.0
M,B,NM_METHOD_NAMING_CONVENTION,org.apache.commons.jrcs.diff.AddDelta,NO_FIELD,Accept(Lorg/apache/commons/jrcs/diff/RevisionVisitor;)V,118,119,0,0.0,0.0,0.0,0.0,Nm,org.apache.commons.jrcs.diff,org.apache.commons.jrcs.diff.AddDelta,org.apache.commons.jrcs.diff.AddDelta.Accept,0.0027836199430904367,0.0
L,B,NM_CONFUSING,org.apache.commons.jrcs.diff.AddDelta,NO_FIELD,Accept(Lorg/apache/commons/jrcs/diff/RevisionVisitor;)V,118,119,0,0.0,0.0,0.0,0.0,Nm,org.apache.commons.jrcs.diff,org.apache.commons.jrcs.diff.AddDelta,org.apache.commons.jrcs.diff.AddDelta.Accept,0.0027836199430904367,0.0
M,D,DLS_DEAD_LOCAL_STORE,org.jmeld.ui.search.SearchBarDialog$2,NO_FIELD,actionPerformed(Ljava/awt/event/ActionEvent;)V,174,174,0,-1.0,-1.0,-1.0,0.0,DLS,org.jmeld.ui.search,org.jmeld.ui.search.SearchBarDialog,org.jmeld.ui.search.SearchBarDialog$2.actionPerformed,0.0013918099715452183,0.0
M,M,IS2_INCONSISTENT_SYNC,org.apache.jmeld.tools.ant.DirectoryScanner,illegal,NO_METHOD,654,654,0,0.0,0.0,0.0,0.0,IS,org.apache.jmeld.tools.ant,org.apache.jmeld.tools.ant.DirectoryScanner,org.apache.jmeld.tools.ant.DirectoryScanner.NO_METHOD,0.011134479772361747,0.0
M,M,IS2_INCONSISTENT_SYNC,org.jdesktop.swingworker.SwingWorker,doProcess,NO_METHOD,402,402,0,0.0,0.0,0.0,0.0,IS,org.jdesktop.swingworker,org.jdesktop.swingworker.SwingWorker,org.jdesktop.swingworker.SwingWorker.NO_METHOD,0.005567239886180873,0.0
L,D,SA_FIELD_DOUBLE_ASSIGNMENT,org.jmeld.ui.ScrollSynchronizer$1,insideScroll,adjustmentValueChanged(Ljava/awt/event/AdjustmentEvent;)V,382,382,0,-1.0,-1.0,-1.0,0.0,SA,org.jmeld.ui,org.jmeld.ui.ScrollSynchronizer,org.jmeld.ui.ScrollSynchronizer$1.adjustmentValueChanged,0.004871334900408264,0.0
M,D,NP_NULL_ON_SOME_PATH_FROM_RETURN_VALUE,org.jmeld.vc.git.StatusCmd,NO_FIELD,execute()Lorg/jmeld/util/Result;,50,50,0,0.0,0.0,0.0,0.0,NP,org.jmeld.vc.git,org.jmeld.vc.git.StatusCmd,org.jmeld.vc.git.StatusCmd.execute,0.10704307394119346,0.0
M,D,RCN_REDUNDANT_NULLCHECK_OF_NONNULL_VALUE,org.jmeld.ui.RevisionBar$1,NO_FIELD,mouseClicked(Ljava/awt/event/MouseEvent;)V,75,75,0,-1.0,-1.0,-1.0,0.0,RCN,org.jmeld.ui,org.jmeld.ui.RevisionBar,org.jmeld.ui.RevisionBar$1.mouseClicked,0.004175429914635655,0.0
M,P,URF_UNREAD_FIELD,org.jmeld.util.prefs.ComboBoxSelectionPreference,maxItems,NO_METHOD,33,33,0,0.0,0.0,0.0,0.0,UrF,org.jmeld.util.prefs,org.jmeld.util.prefs.ComboBoxSelectionPreference,org.jmeld.util.prefs.ComboBoxSelectionPreference.NO_METHOD,0.0020877149573178275,0.0
H,P,DM_BOXED_PRIMITIVE_FOR_PARSING,org.jmeld.vc.svn.DiffCmd,NO_FIELD,readDelta()Lorg/jmeld/diff/JMDelta;,125,125,0,0.0,0.0,0.0,0.0,Bx,org.jmeld.vc.svn,org.jmeld.vc.svn.DiffCmd,org.jmeld.vc.svn.DiffCmd.readDelta,0.0027836199430904367,0.0
M,B,THROWS_METHOD_THROWS_CLAUSE_BASIC_EXCEPTION,org.jmeld.util.file.cmd.RemoveFileCmd$ResetCommand,NO_FIELD,execute()V,108,109,0,-1.0,-1.0,-1.0,0.0,THROWS,org.jmeld.util.file.cmd,org.jmeld.util.file.cmd.RemoveFileCmd,org.jmeld.util.file.cmd.RemoveFileCmd$ResetCommand.execute,0.007654954843498701,0.0
M,P,SIC_INNER_SHOULD_BE_STATIC,org.jmeld.util.JaxbPersister$Context,NO_FIELD,NO_METHOD,105,132,0,-1.0,-1.0,-1.0,0.0,SIC,org.jmeld.util,org.jmeld.util.JaxbPersister,org.jmeld.util.JaxbPersister$Context.NO_METHOD,0.004175429914635655,0.0
M,P,SIC_INNER_SHOULD_BE_STATIC,org.jmeld.ui.swing.table.JMTableModel$Column,NO_FIELD,NO_METHOD,151,223,0,-1.0,-1.0,-1.0,0.0,SIC,org.jmeld.ui.swing.table,org.jmeld.ui.swing.table.JMTableModel,org.jmeld.ui.swing.table.JMTableModel$Column.NO_METHOD,0.0020877149573178275,0.0
M,P,URF_UNREAD_FIELD,org.jmeld.vc.git.TagCmd,file,NO_METHOD,13,13,0,0.0,0.0,0.0,0.0,UrF,org.jmeld.vc.git,org.jmeld.vc.git.TagCmd,org.jmeld.vc.git.TagCmd.NO_METHOD,0.0012062353086725226,0.0
M,P,SIC_INNER_SHOULD_BE_STATIC,org.jmeld.vc.StatusResult$Entry,NO_FIELD,NO_METHOD,38,72,0,-1.0,-1.0,-1.0,0.0,SIC,org.jmeld.vc,org.jmeld.vc.StatusResult,org.jmeld.vc.StatusResult$Entry.NO_METHOD,0.2792217656141494,0.0
M,P,SIC_INNER_SHOULD_BE_STATIC,org.jmeld.ui.swing.table.JMTreeTableModel$Column,NO_FIELD,NO_METHOD,106,166,0,-1.0,-1.0,-1.0,0.0,SIC,org.jmeld.ui.swing.table,org.jmeld.ui.swing.table.JMTreeTableModel,org.jmeld.ui.swing.table.JMTreeTableModel$Column.NO_METHOD,0.0020877149573178275,0.0
M,P,SIC_INNER_SHOULD_BE_STATIC,org.jmeld.diff.EclipseDiff$RangeComparator,NO_FIELD,NO_METHOD,71,110,0,-1.0,-1.0,-1.0,0.0,SIC,org.jmeld.diff,org.jmeld.diff.EclipseDiff,org.jmeld.diff.EclipseDiff$RangeComparator.NO_METHOD,0.0020877149573178275,0.0
M,P,SIC_INNER_SHOULD_BE_STATIC,org.jmeld.ui.swing.JMHighlighter$HighlightInfo,NO_FIELD,NO_METHOD,254,269,0,-1.0,-1.0,-1.0,0.0,SIC,org.jmeld.ui.swing,org.jmeld.ui.swing.JMHighlighter,org.jmeld.ui.swing.JMHighlighter$HighlightInfo.NO_METHOD,0.003479524928863046,0.0
M,P,SIC_INNER_SHOULD_BE_STATIC,org.jmeld.model.LevenshteinTableModel$ColorPoint,NO_FIELD,NO_METHOD,94,97,0,-1.0,-1.0,-1.0,0.0,SIC,org.jmeld.model,org.jmeld.model.LevenshteinTableModel,org.jmeld.model.LevenshteinTableModel$ColorPoint.NO_METHOD,0.0006959049857726092,0.0
M,P,URF_UNREAD_FIELD,org.jmeld.ui.FolderDiffTreeTableModel,sepColumn,NO_METHOD,42,42,0,0.0,0.0,0.0,0.0,UrF,org.jmeld.ui,org.jmeld.ui.FolderDiffTreeTableModel,org.jmeld.ui.FolderDiffTreeTableModel.NO_METHOD,0.0013918099715452183,0.0
M,P,SIC_INNER_SHOULD_BE_STATIC,org.jmeld.ui.VersionControlFolderDiffPanel$BlockComboListener,NO_FIELD,NO_METHOD,96,110,0,-1.0,-1.0,-1.0,0.0,SIC,org.jmeld.ui,org.jmeld.ui.VersionControlFolderDiffPanel,org.jmeld.ui.VersionControlFolderDiffPanel$BlockComboListener.NO_METHOD,0.008133102173062585,0.0
M,P,SIC_INNER_SHOULD_BE_STATIC,org.jmeld.ui.action.Actions$Action,NO_FIELD,NO_METHOD,50,62,0,-1.0,-1.0,-1.0,0.0,SIC,org.jmeld.ui.action,org.jmeld.ui.action.Actions,org.jmeld.ui.action.Actions$Action.NO_METHOD,0.34583625441598964,0.0
M,B,THROWS_METHOD_THROWS_CLAUSE_BASIC_EXCEPTION,org.jmeld.ui.VersionControlComparison,NO_FIELD,doInBackground()Ljava/lang/Object;,18,18,0,-1.0,-1.0,-1.0,0.0,THROWS,org.jmeld.ui,org.jmeld.ui.VersionControlComparison,org.jmeld.ui.VersionControlComparison.doInBackground,0.0009897315353210442,0.0
M,P,URF_UNREAD_FIELD,org.jmeld.vc.hg.ActiveCmd,file,NO_METHOD,16,16,0,0.0,0.0,0.0,0.0,UrF,org.jmeld.vc.hg,org.jmeld.vc.hg.ActiveCmd,org.jmeld.vc.hg.ActiveCmd.NO_METHOD,0.0013918099715452183,0.0
M,P,URF_UNREAD_FIELD,org.jmeld.util.file.FolderDiff,mode,NO_METHOD,38,38,0,0.0,0.0,0.0,0.0,UrF,org.jmeld.util.file,org.jmeld.util.file.FolderDiff,org.jmeld.util.file.FolderDiff.NO_METHOD,0.0013918099715452183,0.0
M,P,SIC_INNER_SHOULD_BE_STATIC,org.jmeld.ui.help.HelpPanel$HelpURI,NO_FIELD,NO_METHOD,52,64,0,-1.0,-1.0,-1.0,0.0,SIC,org.jmeld.ui.help,org.jmeld.ui.help.HelpPanel,org.jmeld.ui.help.HelpPanel$HelpURI.NO_METHOD,0.0020877149573178275,0.0
M,P,URF_UNREAD_FIELD,org.jmeld.vc.git.BranchCmd,file,NO_METHOD,13,13,0,0.0,0.0,0.0,0.0,UrF,org.jmeld.vc.git,org.jmeld.vc.git.BranchCmd,org.jmeld.vc.git.BranchCmd.NO_METHOD,0.0012062353086725226,0.0
M,P,SIC_INNER_SHOULD_BE_STATIC,org.jmeld.ui.BufferDiffPanel$Zoom,NO_FIELD,NO_METHOD,1083,1083,0,-1.0,-1.0,-1.0,0.0,SIC,org.jmeld.ui,org.jmeld.ui.BufferDiffPanel,org.jmeld.ui.BufferDiffPanel$Zoom.NO_METHOD,0.0275020668500812,0.0
M,P,SIC_INNER_SHOULD_BE_STATIC,org.jmeld.ui.VersionControlFolderDiffPanel$ComboBoxRenderer,NO_FIELD,NO_METHOD,65,89,0,-1.0,-1.0,-1.0,0.0,SIC,org.jmeld.ui,org.jmeld.ui.VersionControlFolderDiffPanel,org.jmeld.ui.VersionControlFolderDiffPanel$ComboBoxRenderer.NO_METHOD,0.008133102173062585,0.0
L,D,UWF_FIELD_NOT_INITIALIZED_IN_CONSTRUCTOR,org.jmeld.ui.swing.JMHighlighter$HighlightInfo,p0,getStartOffset()I,261,261,0,-1.0,-1.0,-1.0,0.0,UwF,org.jmeld.ui.swing,org.jmeld.ui.swing.JMHighlighter,org.jmeld.ui.swing.JMHighlighter$HighlightInfo.getStartOffset,0.003479524928863046,0.0
L,D,UWF_FIELD_NOT_INITIALIZED_IN_CONSTRUCTOR,org.jmeld.ui.swing.JMHighlighter$HighlightInfo,p1,getEndOffset()I,265,265,0,-1.0,-1.0,-1.0,0.0,UwF,org.jmeld.ui.swing,org.jmeld.ui.swing.JMHighlighter,org.jmeld.ui.swing.JMHighlighter$HighlightInfo.getEndOffset,0.003479524928863046,0.0
M,P,SIC_INNER_SHOULD_BE_STATIC,org.jmeld.diff.JMDiff$JMString,NO_FIELD,NO_METHOD,268,288,0,-1.0,-1.0,-1.0,0.0,SIC,org.jmeld.diff,org.jmeld.diff.JMDiff,org.jmeld.diff.JMDiff$JMString.NO_METHOD,0.0027836199430904367,0.0
L,D,DB_DUPLICATE_SWITCH_CLAUSES,org.jmeld.vc.git.StatusCmd,NO_FIELD,build([B)V,126,127,0,0.0,0.0,0.0,0.0,DB,org.jmeld.vc.git,org.jmeld.vc.git.StatusCmd,org.jmeld.vc.git.StatusCmd.build,0.2550297707849687,0.0
M,P,URF_UNREAD_FIELD,org.jmeld.vc.git.LogCmd,file,NO_METHOD,15,15,0,0.0,0.0,0.0,0.0,UrF,org.jmeld.vc.git,org.jmeld.vc.git.LogCmd,org.jmeld.vc.git.LogCmd.NO_METHOD,0.0012062353086725226,0.0
M,B,THROWS_METHOD_THROWS_CLAUSE_BASIC_EXCEPTION,org.jmeld.util.node.JMDiffNode,NO_FIELD,getRemoveRightCmd()Lorg/jmeld/util/file/cmd/AbstractCmd;,216,221,0,0.0,0.0,0.0,0.0,THROWS,org.jmeld.util.node,org.jmeld.util.node.JMDiffNode,org.jmeld.util.node.JMDiffNode.getRemoveRightCmd,0.005567239886180873,0.0
L,M,LI_LAZY_INIT_STATIC,org.jmeld.ui.util.LookAndFeelManager,instance,getInstance()Lorg/jmeld/ui/util/LookAndFeelManager;,24,25,0,0.0,0.0,0.0,0.0,LI,org.jmeld.ui.util,org.jmeld.ui.util.LookAndFeelManager,org.jmeld.ui.util.LookAndFeelManager.getInstance,0.0020877149573178275,0.0
M,X,OBL_UNSATISFIED_OBLIGATION,org.jmeld.util.JaxbPersister,NO_FIELD,load(Ljava/lang/Class;Ljava/io/File;)Ljava/lang/Object;,30,30,0,0.0,0.0,0.0,0.0,OBL,org.jmeld.util,org.jmeld.util.JaxbPersister,org.jmeld.util.JaxbPersister.load,0.004175429914635655,0.0
M,X,OBL_UNSATISFIED_OBLIGATION_EXCEPTION_EDGE,org.jmeld.util.file.FileUtil,NO_FIELD,copy2(Ljava/io/File;Ljava/io/File;)V,48,48,0,0.0,0.0,0.0,0.0,OBL,org.jmeld.util.file,org.jmeld.util.file.FileUtil,org.jmeld.util.file.FileUtil.copy2,0.005567239886180873,0.0
M,X,OBL_UNSATISFIED_OBLIGATION_EXCEPTION_EDGE,org.jmeld.util.file.FileUtil,NO_FIELD,copy2(Ljava/io/File;Ljava/io/File;)V,47,47,0,0.0,0.0,0.0,0.0,OBL,org.jmeld.util.file,org.jmeld.util.file.FileUtil,org.jmeld.util.file.FileUtil.copy2,0.005567239886180873,0.0
M,B,VA_FORMAT_STRING_USES_NEWLINE,org.jmeld.ui.text.AbstractBufferDocument$Line,NO_FIELD,print()V,386,386,0,-1.0,-1.0,-1.0,0.0,FS,org.jmeld.ui.text,org.jmeld.ui.text.AbstractBufferDocument,org.jmeld.ui.text.AbstractBufferDocument$Line.print,0.004175429914635655,0.0
H,B,HE_EQUALS_USE_HASHCODE,org.jmeld.diff.JMChunk,NO_FIELD,equals(Ljava/lang/Object;)Z,54,61,0,-1.0,-1.0,-1.0,0.0,HE,org.jmeld.diff,org.jmeld.diff.JMChunk,org.jmeld.diff.JMChunk.equals,0.0013918099715452183,0.0
H,B,HE_EQUALS_USE_HASHCODE,org.jmeld.ui.search.SearchHit,NO_FIELD,equals(Ljava/lang/Object;)Z,58,65,0,-1.0,-1.0,-1.0,0.0,HE,org.jmeld.ui.search,org.jmeld.ui.search.SearchHit,org.jmeld.ui.search.SearchHit.equals,0.0013918099715452183,0.0
H,P,DM_BOXED_PRIMITIVE_FOR_PARSING,org.jmeld.ui.bar.LineNumberBarDialog$1,NO_FIELD,keyReleased(Ljava/awt/event/KeyEvent;)V,70,70,0,-1.0,-1.0,-1.0,0.0,Bx,org.jmeld.ui.bar,org.jmeld.ui.bar.LineNumberBarDialog,org.jmeld.ui.bar.LineNumberBarDialog$1.keyReleased,0.0013918099715452183,0.0
L,B,SE_NO_SERIALVERSIONID,org.jdesktop.swingworker.SwingWorker$SwingWorkerPropertyChangeSupport,NO_FIELD,NO_METHOD,884,900,0,-1.0,-1.0,-1.0,0.0,SnVI,org.jdesktop.swingworker,org.jdesktop.swingworker.SwingWorker,org.jdesktop.swingworker.SwingWorker$SwingWorkerPropertyChangeSupport.NO_METHOD,0.004871334900408264,0.0
M,X,OBL_UNSATISFIED_OBLIGATION_EXCEPTION_EDGE,org.jmeld.util.JaxbPersister,NO_FIELD,save(Ljava/lang/Object;Ljava/io/File;)V,56,56,0,0.0,0.0,0.0,0.0,OBL,org.jmeld.util,org.jmeld.util.JaxbPersister,org.jmeld.util.JaxbPersister.save,0.005567239886180873,0.0
H,B,HE_EQUALS_USE_HASHCODE,org.jmeld.diff.JMDelta,NO_FIELD,equals(Ljava/lang/Object;)Z,182,195,0,-1.0,-1.0,-1.0,0.0,HE,org.jmeld.diff,org.jmeld.diff.JMDelta,org.jmeld.diff.JMDelta.equals,0.036124255983064596,0.0
L,D,PZLA_PREFER_ZERO_LENGTH_ARRAYS,org.eclipse.compare.rangedifferencer.RangeDifferencer,NO_FIELD,findDifferences(Lorg/eclipse/compare/rangedifferencer/IRangeComparator;Lorg/eclipse/compare/rangedifferencer/IRangeComparator;Lorg/eclipse/compare/rangedifferencer/IRangeComparator;)[Lorg/eclipse/compare/rangedifferencer/RangeDifference;,93,93,0,0.0,0.0,0.0,0.0,PZLA,org.eclipse.compare.rangedifferencer,org.eclipse.compare.rangedifferencer.RangeDifferencer,org.eclipse.compare.rangedifferencer.RangeDifferencer.findDifferences,0.0013918099715452183,0.0
M,P,UPM_UNCALLED_PRIVATE_METHOD,org.jmeld.util.prefs.Preference,NO_FIELD,getKey(Ljava/lang/String;I)Ljava/lang/String;,93,93,0,0.0,0.0,0.0,0.0,UPM,org.jmeld.util.prefs,org.jmeld.util.prefs.Preference,org.jmeld.util.prefs.Preference.getKey,0.0013918099715452183,0.0
M,B,RV_RETURN_VALUE_IGNORED_BAD_PRACTICE,org.jmeld.util.file.cmd.CopyFileCmd$MkDirCommand,NO_FIELD,execute()V,66,66,0,-1.0,-1.0,-1.0,0.0,RV,org.jmeld.util.file.cmd,org.jmeld.util.file.cmd.CopyFileCmd,org.jmeld.util.file.cmd.CopyFileCmd$MkDirCommand.execute,0.012526289743906965,0.0
M,B,RV_RETURN_VALUE_IGNORED_BAD_PRACTICE,org.jmeld.util.file.cmd.CopyFileCmd$MkDirCommand,NO_FIELD,undo()V,75,75,0,-1.0,-1.0,-1.0,0.0,RV,org.jmeld.util.file.cmd,org.jmeld.util.file.cmd.CopyFileCmd,org.jmeld.util.file.cmd.CopyFileCmd$MkDirCommand.undo,0.011830384758134357,0.0
M,B,THROWS_METHOD_THROWS_CLAUSE_BASIC_EXCEPTION,org.jmeld.util.file.cmd.CopyFileCmd$MkDirCommand,NO_FIELD,<init>(Lorg/jmeld/util/file/cmd/CopyFileCmd;Ljava/io/File;)V,55,57,0,-1.0,-1.0,-1.0,0.0,THROWS,org.jmeld.util.file.cmd,org.jmeld.util.file.cmd.CopyFileCmd,org.jmeld.util.file.cmd.CopyFileCmd$MkDirCommand.<init>,0.011830384758134357,0.0
M,B,THROWS_METHOD_THROWS_CLAUSE_BASIC_EXCEPTION,org.jmeld.util.file.cmd.CopyFileCmd$MkDirCommand,NO_FIELD,execute()V,62,67,0,-1.0,-1.0,-1.0,0.0,THROWS,org.jmeld.util.file.cmd,org.jmeld.util.file.cmd.CopyFileCmd,org.jmeld.util.file.cmd.CopyFileCmd$MkDirCommand.execute,0.012526289743906965,0.0
L,D,REC_CATCH_EXCEPTION,org.jmeld.util.file.cmd.RemoveFileCmd$RemoveCommand,NO_FIELD,undo()V,75,75,0,-1.0,-1.0,-1.0,0.0,REC,org.jmeld.util.file.cmd,org.jmeld.util.file.cmd.RemoveFileCmd,org.jmeld.util.file.cmd.RemoveFileCmd$RemoveCommand.undo,0.007654954843498701,0.0
M,B,RV_RETURN_VALUE_IGNORED_BAD_PRACTICE,org.jmeld.util.file.cmd.RemoveFileCmd$RemoveCommand,NO_FIELD,execute()V,59,59,0,-1.0,-1.0,-1.0,0.0,RV,org.jmeld.util.file.cmd,org.jmeld.util.file.cmd.RemoveFileCmd,org.jmeld.util.file.cmd.RemoveFileCmd$RemoveCommand.execute,0.00835085982927131,0.0
M,B,RV_RETURN_VALUE_IGNORED_BAD_PRACTICE,org.jmeld.util.file.cmd.RemoveFileCmd$RemoveCommand,NO_FIELD,discard()V,90,90,0,-1.0,-1.0,-1.0,0.0,RV,org.jmeld.util.file.cmd,org.jmeld.util.file.cmd.RemoveFileCmd,org.jmeld.util.file.cmd.RemoveFileCmd$RemoveCommand.discard,0.007654954843498701,0.0
M,B,THROWS_METHOD_THROWS_CLAUSE_BASIC_EXCEPTION,org.jmeld.util.file.cmd.CopyFileCmd$ResetCommand,NO_FIELD,execute()V,180,181,0,-1.0,-1.0,-1.0,0.0,THROWS,org.jmeld.util.file.cmd,org.jmeld.util.file.cmd.CopyFileCmd,org.jmeld.util.file.cmd.CopyFileCmd$ResetCommand.execute,0.011830384758134357,0.0
M,B,THROWS_METHOD_THROWS_CLAUSE_BASIC_EXCEPTION,org.jmeld.util.file.cmd.AbstractCmd,NO_FIELD,execute()V,22,35,0,0.0,0.0,0.0,0.0,THROWS,org.jmeld.util.file.cmd,org.jmeld.util.file.cmd.AbstractCmd,org.jmeld.util.file.cmd.AbstractCmd.execute,0.0027836199430904367,0.0
M,B,EQ_COMPARETO_USE_OBJECT_EQUALS,org.apache.jmeld.tools.ant.types.Resource,NO_FIELD,compareTo(Ljava/lang/Object;)I,239,245,0,0.0,0.0,0.001436294233172472,0.0,Eq,org.apache.jmeld.tools.ant.types,org.apache.jmeld.tools.ant.types.Resource,org.apache.jmeld.tools.ant.types.Resource.compareTo,0.0013918099715452183,0.0
M,D,SF_SWITCH_NO_DEFAULT,org.jmeld.ui.swing.BusyLabel$BusyIcon,NO_FIELD,paintIcon(Ljava/awt/Component;Ljava/awt/Graphics;II)V,143,183,0,-1.0,-1.0,-1.0,0.0,SF,org.jmeld.ui.swing,org.jmeld.ui.swing.BusyLabel,org.jmeld.ui.swing.BusyLabel$BusyIcon.paintIcon,0.0020877149573178275,0.0
L,P,UPM_UNCALLED_PRIVATE_METHOD,org.jmeld.diff.JMRevision,NO_FIELD,insert(Lorg/jmeld/diff/JMDelta;)V,267,281,0,0.0,0.0,0.0,0.0,UPM,org.jmeld.diff,org.jmeld.diff.JMRevision,org.jmeld.diff.JMRevision.insert,0.005567239886180873,0.0
L,P,UPM_UNCALLED_PRIVATE_METHOD,org.jmeld.diff.JMRevision,NO_FIELD,findDelta(ZII)Lorg/jmeld/diff/JMDelta;,287,304,0,0.0,0.0,0.0,0.0,UPM,org.jmeld.diff,org.jmeld.diff.JMRevision,org.jmeld.diff.JMRevision.findDelta,0.005567239886180873,0.0
M,V,EI_EXPOSE_REP2,org.jmeld.ui.swing.table.JMTableModel$Column,this$0,<init>(Lorg/jmeld/ui/swing/table/JMTableModel;Ljava/lang/String;ILjava/lang/String;Ljava/lang/String;Ljava/lang/Class;IZ)V,165,165,0,-1.0,-1.0,-1.0,0.0,EI2,org.jmeld.ui.swing.table,org.jmeld.ui.swing.table.JMTableModel,org.jmeld.ui.swing.table.JMTableModel$Column.<init>,0.0020877149573178275,0.0
L,P,DM_STRING_TOSTRING,org.jmeld.util.Result,NO_FIELD,getDescription()Ljava/lang/String;,62,62,0,0.0,0.0,0.0,0.0,Dm,org.jmeld.util,org.jmeld.util.Result,org.jmeld.util.Result.getDescription,0.0020877149573178275,0.0
M,B,THROWS_METHOD_THROWS_CLAUSE_BASIC_EXCEPTION,org.jdesktop.swingworker.SwingWorker$1,NO_FIELD,call()Ljava/lang/Object;,275,276,0,-1.0,-1.0,-1.0,0.0,THROWS,org.jdesktop.swingworker,org.jdesktop.swingworker.SwingWorker,org.jdesktop.swingworker.SwingWorker$1.call,0.004871334900408264,0.0
M,C,NP_NULL_ON_SOME_PATH,org.jmeld.diff.EclipseDiff$RangeComparator,NO_FIELD,rangesEqual(ILorg/eclipse/compare/rangedifferencer/IRangeComparator;I)Z,104,104,0,-1.0,-1.0,-1.0,0.0,NP,org.jmeld.diff,org.jmeld.diff.EclipseDiff,org.jmeld.diff.EclipseDiff$RangeComparator.rangesEqual,0.0020877149573178275,0.0
M,D,EQ_DOESNT_OVERRIDE_EQUALS,org.jmeld.model.LevenshteinTableModel$ColorPoint,NO_FIELD,equals(Ljava/lang/Object;)Z,1,1,0,-1.0,-1.0,-1.0,0.0,Eq,org.jmeld.model,org.jmeld.model.LevenshteinTableModel,org.jmeld.model.LevenshteinTableModel$ColorPoint.equals,0.0006959049857726092,0.0
L,M,LI_LAZY_INIT_STATIC,org.jmeld.util.RegexUtil,whiteSpacePattern,getWhitespacePattern()Ljava/util/regex/Pattern;,17,19,0,0.0,0.0,0.0,0.0,LI,org.jmeld.util,org.jmeld.util.RegexUtil,org.jmeld.util.RegexUtil.getWhitespacePattern,0.0013918099715452183,0.0
L,D,RI_REDUNDANT_INTERFACES,org.jmeld.ui.AbstractContentPanel$MyUndoManager,NO_FIELD,NO_METHOD,169,209,0,-1.0,-1.0,-1.0,0.0,RI,org.jmeld.ui,org.jmeld.ui.AbstractContentPanel,org.jmeld.ui.AbstractContentPanel$MyUndoManager.NO_METHOD,0.0027836199430904367,0.0
M,B,VA_FORMAT_STRING_USES_NEWLINE,org.jmeld.util.UIDefaultsPrint,NO_FIELD,main([Ljava/lang/String;)V,42,42,0,0.0,0.0,0.0,0.0,FS,org.jmeld.util,org.jmeld.util.UIDefaultsPrint,org.jmeld.util.UIDefaultsPrint.main,0.0027836199430904367,0.0
M,P,DM_NUMBER_CTOR,org.apache.commons.jrcs.diff.Diff,NO_FIELD,randomSequence(IJ)[Ljava/lang/Object;,354,354,0,0.0,0.0,0.0,0.0,Bx,org.apache.commons.jrcs.diff,org.apache.commons.jrcs.diff.Diff,org.apache.commons.jrcs.diff.Diff.randomSequence,0.08519686951581051,0.0
M,V,EI_EXPOSE_REP2,org.jmeld.ui.swing.table.JMTreeTableModel$Column,this$0,<init>(Lorg/jmeld/ui/swing/table/JMTreeTableModel;Ljava/lang/String;ILjava/lang/String;Ljava/lang/String;Ljava/lang/Class;IZ)V,118,118,0,-1.0,-1.0,-1.0,0.0,EI2,org.jmeld.ui.swing.table,org.jmeld.ui.swing.table.JMTreeTableModel,org.jmeld.ui.swing.table.JMTreeTableModel$Column.<init>,0.0020877149573178275,0.0
M,B,RC_REF_COMPARISON_BAD_PRACTICE_BOOLEAN,org.jmeld.util.WeakHashSet,value,remove(Ljava/lang/Object;)Z,60,60,0,0.0,0.0,0.0,0.0,RC,org.jmeld.util,org.jmeld.util.WeakHashSet,org.jmeld.util.WeakHashSet.remove,0.0020877149573178275,0.0
L,D,RI_REDUNDANT_INTERFACES,org.jmeld.util.WeakHashSet,NO_FIELD,NO_METHOD,9,66,0,-1.0,-1.0,-1.0,0.0,RI,org.jmeld.util,org.jmeld.util.WeakHashSet,org.jmeld.util.WeakHashSet.NO_METHOD,0.0020877149573178275,0.0
M,B,NP_EQUALS_SHOULD_HANDLE_NULL_ARGUMENT,org.jmeld.diff.JMDiff$JMString,NO_FIELD,equals(Ljava/lang/Object;)Z,282,282,0,-1.0,-1.0,-1.0,0.0,NP,org.jmeld.diff,org.jmeld.diff.JMDiff,org.jmeld.diff.JMDiff$JMString.equals,0.003479524928863046,0.0
M,B,BC_EQUALS_METHOD_SHOULD_WORK_FOR_ALL_OBJECTS,org.jmeld.diff.JMDiff$JMString,NO_FIELD,equals(Ljava/lang/Object;)Z,282,282,0,-1.0,-1.0,-1.0,0.0,BC,org.jmeld.diff,org.jmeld.diff.JMDiff,org.jmeld.diff.JMDiff$JMString.equals,0.003479524928863046,0.0
H,B,HE_EQUALS_USE_HASHCODE,org.eclipse.compare.rangedifferencer.RangeDifference,NO_FIELD,equals(Ljava/lang/Object;)Z,228,238,0,-1.0,-1.0,-1.0,0.0,HE,org.eclipse.compare.rangedifferencer,org.eclipse.compare.rangedifferencer.RangeDifference,org.eclipse.compare.rangedifferencer.RangeDifference.equals,0.0013918099715452183,0.0
M,B,THROWS_METHOD_THROWS_CLAUSE_BASIC_EXCEPTION,org.jmeld.util.file.cmd.RemoveFileCmd$RemoveCommand,NO_FIELD,execute()V,43,60,0,-1.0,-1.0,-1.0,0.0,THROWS,org.jmeld.util.file.cmd,org.jmeld.util.file.cmd.RemoveFileCmd,org.jmeld.util.file.cmd.RemoveFileCmd$RemoveCommand.execute,0.00835085982927131,0.0
M,B,RV_RETURN_VALUE_IGNORED_BAD_PRACTICE,org.jmeld.util.file.cmd.CopyFileCmd$CopyCommand,NO_FIELD,undo()V,132,132,0,-1.0,-1.0,-1.0,0.0,RV,org.jmeld.util.file.cmd,org.jmeld.util.file.cmd.CopyFileCmd,org.jmeld.util.file.cmd.CopyFileCmd$CopyCommand.undo,0.011830384758134357,0.0
M,B,THROWS_METHOD_THROWS_CLAUSE_BASIC_EXCEPTION,org.jmeld.ui.FolderDiffPanel$RefreshAction,NO_FIELD,doInBackground()Ljava/lang/Object;,554,554,0,-1.0,-1.0,-1.0,0.0,THROWS,org.jmeld.ui,org.jmeld.ui.FolderDiffPanel,org.jmeld.ui.FolderDiffPanel$RefreshAction.doInBackground,0.1788858230738566,0.0
L,I,DM_CONVERT_CASE,org.apache.jmeld.tools.ant.DirectoryScanner,NO_FIELD,fillNonPatternSet(Ljava/util/List;Ljava/util/List;)Ljava/util/List;,1505,1505,0,0.0,0.0,0.0,0.0,Dm,org.apache.jmeld.tools.ant,org.apache.jmeld.tools.ant.DirectoryScanner,org.apache.jmeld.tools.ant.DirectoryScanner.fillNonPatternSet,0.011134479772361747,0.0
M,B,THROWS_METHOD_THROWS_CLAUSE_BASIC_EXCEPTION,org.jmeld.util.node.JMDiffNode,NO_FIELD,getRemoveLeftCmd()Lorg/jmeld/util/file/cmd/AbstractCmd;,204,209,0,0.0,0.0,0.0,0.0,THROWS,org.jmeld.util.node,org.jmeld.util.node.JMDiffNode,org.jmeld.util.node.JMDiffNode.getRemoveLeftCmd,0.005567239886180873,0.0
H,M,LI_LAZY_INIT_UPDATE_STATIC,org.jmeld.vc.VersionControlUtil,versionControlList,getVersionControlList()Ljava/util/List;,39,40,0,0.0,0.0,0.0,0.0,LI,org.jmeld.vc,org.jmeld.vc.VersionControlUtil,org.jmeld.vc.VersionControlUtil.getVersionControlList,0.0027836199430904367,0.0
L,B,SE_BAD_FIELD_STORE,org.jmeld.ui.swing.table.JMTreeTable,myTreeTableHacker,NO_METHOD,79,79,0,0.0,0.0,0.0,0.0,Se,org.jmeld.ui.swing.table,org.jmeld.ui.swing.table.JMTreeTable,org.jmeld.ui.swing.table.JMTreeTable.NO_METHOD,0.003479524928863046,0.0
M,D,EQ_DOESNT_OVERRIDE_EQUALS,org.jmeld.util.node.VersionControlBaseNode,NO_FIELD,equals(Ljava/lang/Object;)Z,1,1,0,-1.0,-1.0,-1.0,0.0,Eq,org.jmeld.util.node,org.jmeld.util.node.VersionControlBaseNode,org.jmeld.util.node.VersionControlBaseNode.equals,0.06675851297818688,0.0
L,D,DB_DUPLICATE_SWITCH_CLAUSES,org.jmeld.util.file.VersionControlDiff,NO_FIELD,diff()V,99,100,0,0.0,0.0,0.0,0.0,DB,org.jmeld.util.file,org.jmeld.util.file.VersionControlDiff,org.jmeld.util.file.VersionControlDiff.diff,0.09459291703890024,0.0
M,B,THROWS_METHOD_THROWS_CLAUSE_BASIC_EXCEPTION,org.jmeld.ui.FileComparison,NO_FIELD,doInBackground()Ljava/lang/Object;,17,17,0,-1.0,-1.0,-1.0,0.0,THROWS,org.jmeld.ui,org.jmeld.ui.FileComparison,org.jmeld.ui.FileComparison.doInBackground,0.0014845973029815663,0.0
L,I,DM_CONVERT_CASE,org.apache.jmeld.tools.ant.DirectoryScanner,NO_FIELD,isIncluded(Ljava/lang/String;)Z,1026,1026,0,-1.0,-1.0,-1.0,0.0,Dm,org.apache.jmeld.tools.ant,org.apache.jmeld.tools.ant.DirectoryScanner,org.apache.jmeld.tools.ant.DirectoryScanner.isIncluded,0.011134479772361747,0.0
L,I,DM_CONVERT_CASE,org.apache.jmeld.tools.ant.DirectoryScanner,NO_FIELD,isExcluded(Ljava/lang/String;)Z,1133,1133,0,-1.0,-1.0,-1.0,0.0,Dm,org.apache.jmeld.tools.ant,org.apache.jmeld.tools.ant.DirectoryScanner,org.apache.jmeld.tools.ant.DirectoryScanner.isExcluded,0.011134479772361747,0.0
M,M,MWN_MISMATCHED_NOTIFY,org.apache.jmeld.tools.ant.DirectoryScanner,NO_FIELD,scan()V,701,701,0,0.0,0.0,0.0,0.0,MWN,org.apache.jmeld.tools.ant,org.apache.jmeld.tools.ant.DirectoryScanner,org.apache.jmeld.tools.ant.DirectoryScanner.scan,0.011134479772361747,0.0
M,B,RV_RETURN_VALUE_IGNORED_BAD_PRACTICE,org.jmeld.util.file.cmd.CopyFileCmd$CopyCommand,NO_FIELD,discard()V,162,162,0,-1.0,-1.0,-1.0,0.0,RV,org.jmeld.util.file.cmd,org.jmeld.util.file.cmd.CopyFileCmd,org.jmeld.util.file.cmd.CopyFileCmd$CopyCommand.discard,0.011830384758134357,0.0
L,M,MWN_MISMATCHED_NOTIFY,org.apache.jmeld.tools.ant.DirectoryScanner,NO_FIELD,slowScan()V,858,858,0,0.0,0.0,0.0,0.0,MWN,org.apache.jmeld.tools.ant,org.apache.jmeld.tools.ant.DirectoryScanner,org.apache.jmeld.tools.ant.DirectoryScanner.slowScan,0.011134479772361747,0.0
L,D,RCN_REDUNDANT_NULLCHECK_OF_NONNULL_VALUE,org.jmeld.util.prefs.DirectoryChooserPreference,NO_FIELD,save()V,66,66,0,0.0,0.0,0.0,0.0,RCN,org.jmeld.util.prefs,org.jmeld.util.prefs.DirectoryChooserPreference,org.jmeld.util.prefs.DirectoryChooserPreference.save,0.0020877149573178275,0.0
M,D,RCN_REDUNDANT_NULLCHECK_OF_NONNULL_VALUE,org.apache.commons.jrcs.diff.myers.MyersDiff,NO_FIELD,isEmpty(Ljava/lang/Object;)Z,236,236,0,0.0,0.0,0.0,0.0,RCN,org.apache.commons.jrcs.diff.myers,org.apache.commons.jrcs.diff.myers.MyersDiff,org.apache.commons.jrcs.diff.myers.MyersDiff.isEmpty,0.0027836199430904367,0.0
L,P,UPM_UNCALLED_PRIVATE_METHOD,org.apache.commons.jrcs.diff.myers.MyersDiff,NO_FIELD,isEmpty(Ljava/lang/Object;)Z,229,236,0,0.0,0.0,0.0,0.0,UPM,org.apache.commons.jrcs.diff.myers,org.apache.commons.jrcs.diff.myers.MyersDiff,org.apache.commons.jrcs.diff.myers.MyersDiff.isEmpty,0.0027836199430904367,0.0
M,B,THROWS_METHOD_THROWS_CLAUSE_BASIC_EXCEPTION,org.jmeld.ui.DirectoryComparison,NO_FIELD,doInBackground()Ljava/lang/Object;,18,18,0,-1.0,-1.0,-1.0,0.0,THROWS,org.jmeld.ui,org.jmeld.ui.DirectoryComparison,org.jmeld.ui.DirectoryComparison.doInBackground,0.0012371644191513053,0.0
M,B,OS_OPEN_STREAM,org.apache.commons.jrcs.tools.JDiff,NO_FIELD,loadFile(Ljava/lang/String;)[Ljava/lang/String;,82,82,0,0.0,0.0,0.0,0.0,OS,org.apache.commons.jrcs.tools,org.apache.commons.jrcs.tools.JDiff,org.apache.commons.jrcs.tools.JDiff.loadFile,0.003479524928863046,0.0
M,B,THROWS_METHOD_THROWS_CLAUSE_BASIC_EXCEPTION,org.apache.commons.jrcs.tools.JDiff,NO_FIELD,main([Ljava/lang/String;)V,102,134,0,0.0,0.0,0.0,0.0,THROWS,org.apache.commons.jrcs.tools,org.apache.commons.jrcs.tools.JDiff,org.apache.commons.jrcs.tools.JDiff.main,0.0027836199430904367,0.0
L,D,REC_CATCH_EXCEPTION,org.jmeld.ui.dnd.DragAndDropPanel$3,NO_FIELD,mousePressed(Ljava/awt/event/MouseEvent;)V,255,255,0,-1.0,-1.0,-1.0,0.0,REC,org.jmeld.ui.dnd,org.jmeld.ui.dnd.DragAndDropPanel,org.jmeld.ui.dnd.DragAndDropPanel$3.mousePressed,0.0013918099715452183,0.0
M,B,THROWS_METHOD_THROWS_CLAUSE_BASIC_EXCEPTION,org.jmeld.util.node.JMDiffNode,NO_FIELD,getCopyToLeftCmd()Lorg/jmeld/util/file/cmd/AbstractCmd;,191,197,0,0.0,0.0,0.0,0.0,THROWS,org.jmeld.util.node,org.jmeld.util.node.JMDiffNode,org.jmeld.util.node.JMDiffNode.getCopyToLeftCmd,0.005567239886180873,0.0
M,B,THROWS_METHOD_THROWS_CLAUSE_BASIC_EXCEPTION,org.jmeld.util.node.JMDiffNode,NO_FIELD,getCopyToRightCmd()Lorg/jmeld/util/file/cmd/AbstractCmd;,178,184,0,0.0,0.0,0.0,0.0,THROWS,org.jmeld.util.node,org.jmeld.util.node.JMDiffNode,org.jmeld.util.node.JMDiffNode.getCopyToRightCmd,0.005567239886180873,0.0
M,B,THROWS_METHOD_THROWS_CLAUSE_BASIC_EXCEPTION,org.jmeld.util.file.cmd.CopyFileCmd,NO_FIELD,createCommands()V,32,46,0,0.0,0.0,0.0,0.0,THROWS,org.jmeld.util.file.cmd,org.jmeld.util.file.cmd.CopyFileCmd,org.jmeld.util.file.cmd.CopyFileCmd.createCommands,0.011830384758134357,0.0
M,B,THROWS_METHOD_THROWS_CLAUSE_BASIC_EXCEPTION,org.jmeld.util.file.cmd.CopyFileCmd,NO_FIELD,<init>(Lorg/jmeld/util/node/JMDiffNode;Lorg/jmeld/util/node/FileNode;Lorg/jmeld/util/node/FileNode;)V,19,23,0,-1.0,-1.0,-1.0,0.0,THROWS,org.jmeld.util.file.cmd,org.jmeld.util.file.cmd.CopyFileCmd,org.jmeld.util.file.cmd.CopyFileCmd.<init>,0.013918099715452183,0.0
M,B,THROWS_METHOD_THROWS_CLAUSE_BASIC_EXCEPTION,org.jmeld.util.file.cmd.CopyFileCmd$CopyCommand,NO_FIELD,execute()V,96,116,0,-1.0,-1.0,-1.0,0.0,THROWS,org.jmeld.util.file.cmd,org.jmeld.util.file.cmd.CopyFileCmd,org.jmeld.util.file.cmd.CopyFileCmd$CopyCommand.execute,0.011830384758134357,0.0
L,V,DP_DO_INSIDE_DO_PRIVILEGED,org.jmeld.ui.action.MeldAction,NO_FIELD,actionPerformed(Ljava/awt/event/ActionEvent;)V,104,104,0,0.0,0.0,0.0,0.0,DP,org.jmeld.ui.action,org.jmeld.ui.action.MeldAction,org.jmeld.ui.action.MeldAction.actionPerformed,0.004608437461338611,0.0
M,B,DM_EXIT,org.jmeld.ui.action.MeldAction,NO_FIELD,initMethods()V,58,58,0,0.0,0.0,0.0,0.0,Dm,org.jmeld.ui.action,org.jmeld.ui.action.MeldAction,org.jmeld.ui.action.MeldAction.initMethods,0.0057837436595323515,0.0
M,P,SBSC_USE_STRINGBUFFER_CONCATENATION,org.jmeld.ui.SavePanelDialog,NO_FIELD,getSavePanel()Ljavax/swing/JComponent;,133,133,0,0.0,0.0,0.0,0.0,SBSC,org.jmeld.ui,org.jmeld.ui.SavePanelDialog,org.jmeld.ui.SavePanelDialog.getSavePanel,0.0020877149573178275,0.0
L,C,RpC_REPEATED_CONDITIONAL_TEST,org.apache.jmeld.tools.ant.util.FileUtils,NO_FIELD,normalize(Ljava/lang/String;)Ljava/io/File;,302,302,0,0.0,0.0,0.0,0.0,RpC,org.apache.jmeld.tools.ant.util,org.apache.jmeld.tools.ant.util.FileUtils,org.apache.jmeld.tools.ant.util.FileUtils.normalize,0.0062631448719534825,0.0
H,C,RV_ABSOLUTE_VALUE_OF_RANDOM_INT,org.apache.jmeld.tools.ant.util.FileUtils,NO_FIELD,createTempFile(Ljava/lang/String;Ljava/lang/String;Ljava/io/File;)Ljava/io/File;,478,478,0,0.0,0.0,0.0,0.0,RV,org.apache.jmeld.tools.ant.util,org.apache.jmeld.tools.ant.util.FileUtils,org.apache.jmeld.tools.ant.util.FileUtils.createTempFile,0.0062631448719534825,0.0
M,D,RV_DONT_JUST_NULL_CHECK_READLINE,org.apache.jmeld.tools.ant.util.FileUtils,NO_FIELD,textEquals(Ljava/io/File;Ljava/io/File;)Z,623,623,0,0.0,0.0,0.0,0.0,RV,org.apache.jmeld.tools.ant.util,org.apache.jmeld.tools.ant.util.FileUtils,org.apache.jmeld.tools.ant.util.FileUtils.textEquals,0.006959049857726092,0.0
M,B,RV_RETURN_VALUE_IGNORED_BAD_PRACTICE,org.apache.jmeld.tools.ant.util.FileUtils,NO_FIELD,setFileLastModified(Ljava/io/File;J)V,156,156,0,0.0,0.0,0.0,0.0,RV,org.apache.jmeld.tools.ant.util,org.apache.jmeld.tools.ant.util.FileUtils,org.apache.jmeld.tools.ant.util.FileUtils.setFileLastModified,0.0062631448719534825,0.0
M,B,RV_RETURN_VALUE_IGNORED_BAD_PRACTICE,org.apache.jmeld.tools.ant.util.FileUtils,NO_FIELD,createNewFile(Ljava/io/File;Z)Z,730,730,0,0.0,0.0,0.0,0.0,RV,org.apache.jmeld.tools.ant.util,org.apache.jmeld.tools.ant.util.FileUtils,org.apache.jmeld.tools.ant.util.FileUtils.createNewFile,0.0062631448719534825,0.0
M,B,RV_RETURN_VALUE_IGNORED_BAD_PRACTICE,org.apache.jmeld.tools.ant.util.FileUtils,NO_FIELD,delete(Ljava/io/File;)V,1041,1041,0,0.0,0.0,0.0,0.0,RV,org.apache.jmeld.tools.ant.util,org.apache.jmeld.tools.ant.util.FileUtils,org.apache.jmeld.tools.ant.util.FileUtils.delete,0.0062631448719534825,0.0
H,B,HE_EQUALS_USE_HASHCODE,org.jmeld.ui.AbstractContentPanel,NO_FIELD,equals(Ljava/lang/Object;)Z,228,233,0,-1.0,-1.0,-1.0,0.0,HE,org.jmeld.ui,org.jmeld.ui.AbstractContentPanel,org.jmeld.ui.AbstractContentPanel.equals,0.0027836199430904367,0.0
M,B,ES_COMPARING_STRINGS_WITH_EQ,org.jmeld.ui.util.SwingUtil,NO_FIELD,installKey(Ljavax/swing/JComponent;Ljava/lang/String;Lorg/jmeld/ui/action/MeldAction;)V,24,24,0,0.0,0.0,0.0,0.0,ES,org.jmeld.ui.util,org.jmeld.ui.util.SwingUtil,org.jmeld.ui.util.SwingUtil.installKey,0.0013918099715452183,0.0
L,P,UPM_UNCALLED_PRIVATE_METHOD,org.jmeld.ui.PanelDialog,NO_FIELD,getVersionControlPanel()Ljavax/swing/JComponent;,453,475,1,0.0,0.0,0.0,0.0,UPM,org.jmeld.ui,org.jmeld.ui.PanelDialog,org.jmeld.ui.PanelDialog.getVersionControlPanel,0.31704171076928717,0.0
L,D,UCF_USELESS_CONTROL_FLOW,org.jmeld.ui.swing.LineNumberBorder,NO_FIELD,paintAfter(Ljava/awt/Graphics;II)V,109,109,0,0.0,0.0,0.0,0.0,UCF,org.jmeld.ui.swing,org.jmeld.ui.swing.LineNumberBorder,org.jmeld.ui.swing.LineNumberBorder.paintAfter,0.004175429914635655,0.0
M,D,EQ_DOESNT_OVERRIDE_EQUALS,org.jmeld.util.node.FileNode,NO_FIELD,equals(Ljava/lang/Object;)Z,1,1,0,-1.0,-1.0,-1.0,0.0,Eq,org.jmeld.util.node,org.jmeld.util.node.FileNode,org.jmeld.util.node.FileNode.equals,0.0020877149573178275,0.0
L,P,UPM_UNCALLED_PRIVATE_METHOD,org.jmeld.util.file.CompareUtil,NO_FIELD,contentEquals_old(Ljava/io/Reader;Ljava/io/Reader;Lorg/jmeld/util/Ignore;)Z,307,530,0,0.0,0.0,0.0,0.0,UPM,org.jmeld.util.file,org.jmeld.util.file.CompareUtil,org.jmeld.util.file.CompareUtil.contentEquals_old,0.0020877149573178275,0.0
M,B,THROWS_METHOD_THROWS_CLAUSE_BASIC_EXCEPTION,org.jmeld.util.file.cmd.RemoveFileCmd,NO_FIELD,createCommands()V,25,27,0,0.0,0.0,0.0,0.0,THROWS,org.jmeld.util.file.cmd,org.jmeld.util.file.cmd.RemoveFileCmd,org.jmeld.util.file.cmd.RemoveFileCmd.createCommands,0.007654954843498701,0.0
M,M,IS2_INCONSISTENT_SYNC,org.jdesktop.swingworker.SwingWorker,doNotifyProgressChange,NO_METHOD,491,491,0,0.0,0.0,0.0,0.0,IS,org.jdesktop.swingworker,org.jdesktop.swingworker.SwingWorker,org.jdesktop.swingworker.SwingWorker.NO_METHOD,0.005567239886180873,0.0
